ID,Title,EventDate,EndDate,Category,Location,Description,Purpose
1,GP1 日次確認,2026-09-01 08:00,2026-09-01 08:45,会議,第1会議室,2026-09-01のサンプル予定です。日々・週間・月間表示で使用します。,GP1｜日々・週間・月間
2,GP2 日次確認,2026-09-01 08:45,2026-09-01 09:45,確認,第2会議室,2026-09-01のサンプル予定です。日々・週間・月間表示で使用します。,GP2｜日々・週間・月間
3,GP2 受入確認,2026-09-01 08:15,2026-09-01 09:00,作業,作業室,GP2の表示件数と重なり回避を確認するサンプル予定です。,GP2｜日々・週間・月間
4,GP2 資料レビュー,2026-09-01 09:00,2026-09-01 10:00,連絡,事務室,GP2の表示件数と重なり回避を確認するサンプル予定です。,GP2｜日々・週間・月間
5,GP2 進捗会議,2026-09-01 09:15,2026-09-01 10:30,点検,オンライン,GP2の表示件数と重なり回避を確認するサンプル予定です。,GP2｜日々・週間・月間
6,GP3 日次確認,2026-09-01 09:30,2026-09-01 10:45,作業,作業室,2026-09-01のサンプル予定です。日々・週間・月間表示で使用します。,GP3｜日々・週間・月間
7,GP3 作業調整,2026-09-01 08:15,2026-09-01 09:00,連絡,事務室,GP3の表示件数と重なり回避を確認するサンプル予定です。,GP3｜日々・週間・月間
8,GP3 品質確認,2026-09-01 09:00,2026-09-01 10:00,点検,オンライン,GP3の表示件数と重なり回避を確認するサンプル予定です。,GP3｜日々・週間・月間
9,GP3 連絡会,2026-09-01 09:15,2026-09-01 10:30,調整,現地,GP3の表示件数と重なり回避を確認するサンプル予定です。,GP3｜日々・週間・月間
10,GP4 日次確認,2026-09-01 10:15,2026-09-01 11:00,連絡,事務室,2026-09-01のサンプル予定です。日々・週間・月間表示で使用します。,GP4｜日々・週間・月間
11,GP4 進捗整理,2026-09-01 08:15,2026-09-01 09:00,点検,オンライン,GP4の表示件数と重なり回避を確認するサンプル予定です。,GP4｜日々・週間・月間
12,GP4 課題確認,2026-09-01 09:00,2026-09-01 10:00,調整,現地,GP4の表示件数と重なり回避を確認するサンプル予定です。,GP4｜日々・週間・月間
13,GP4 定例打合せ,2026-09-01 09:15,2026-09-01 10:30,会議,第1会議室,GP4の表示件数と重なり回避を確認するサンプル予定です。,GP4｜日々・週間・月間
14,GP5 日次確認,2026-09-01 11:00,2026-09-01 12:00,点検,オンライン,2026-09-01のサンプル予定です。日々・週間・月間表示で使用します。,GP5｜日々・週間・月間
15,GP5 設備確認,2026-09-01 08:15,2026-09-01 09:00,調整,現地,GP5の表示件数と重なり回避を確認するサンプル予定です。,GP5｜日々・週間・月間
16,GP5 運用レビュー,2026-09-01 09:00,2026-09-01 10:00,会議,第1会議室,GP5の表示件数と重なり回避を確認するサンプル予定です。,GP5｜日々・週間・月間
17,GP5 引継ぎ,2026-09-01 09:15,2026-09-01 10:30,確認,第2会議室,GP5の表示件数と重なり回避を確認するサンプル予定です。,GP5｜日々・週間・月間
18,GP6 日次確認,2026-09-01 11:45,2026-09-01 13:00,調整,現地,2026-09-01のサンプル予定です。日々・週間・月間表示で使用します。,GP6｜日々・週間・月間
19,GP7 日次確認,2026-09-01 12:30,2026-09-01 13:15,会議,第1会議室,2026-09-01のサンプル予定です。日々・週間・月間表示で使用します。,GP7｜日々・週間・月間
20,GP8 日次確認,2026-09-01 13:15,2026-09-01 14:15,確認,第2会議室,2026-09-01のサンプル予定です。日々・週間・月間表示で使用します。,GP8｜日々・週間・月間
21,GP1科／GS班 日次確認,2026-09-01 14:00,2026-09-01 15:15,作業,作業室,2026-09-01のサンプル予定です。日々・週間・月間表示で使用します。,GP1科／GS班｜日々・週間・月間
22,GP1科／JN班 日次確認,2026-09-01 14:45,2026-09-01 15:30,連絡,事務室,2026-09-01のサンプル予定です。日々・週間・月間表示で使用します。,GP1科／JN班｜日々・週間・月間
23,GP1科／JH班 日次確認,2026-09-01 08:30,2026-09-01 09:30,点検,オンライン,2026-09-01のサンプル予定です。日々・週間・月間表示で使用します。,GP1科／JH班｜日々・週間・月間
24,GP2科／UK班 日次確認,2026-09-01 09:15,2026-09-01 10:30,調整,現地,2026-09-01のサンプル予定です。日々・週間・月間表示で使用します。,GP2科／UK班｜日々・週間・月間
25,GP2科／KR班 日次確認,2026-09-01 10:00,2026-09-01 10:45,会議,第1会議室,2026-09-01のサンプル予定です。日々・週間・月間表示で使用します。,GP2科／KR班｜日々・週間・月間
26,GP3科／KY班 日次確認,2026-09-01 10:45,2026-09-01 11:45,確認,第2会議室,2026-09-01のサンプル予定です。日々・週間・月間表示で使用します。,GP3科／KY班｜日々・週間・月間
27,GP3科／KK班 日次確認,2026-09-01 11:30,2026-09-01 12:45,作業,作業室,2026-09-01のサンプル予定です。日々・週間・月間表示で使用します。,GP3科／KK班｜日々・週間・月間
28,GP3科／SS班 日次確認,2026-09-01 12:15,2026-09-01 13:00,連絡,事務室,2026-09-01のサンプル予定です。日々・週間・月間表示で使用します。,GP3科／SS班｜日々・週間・月間
29,GP4班／KY班 日次確認,2026-09-01 13:00,2026-09-01 14:00,点検,オンライン,2026-09-01のサンプル予定です。日々・週間・月間表示で使用します。,GP4班／KY班｜日々・週間・月間
30,GP4班／KY2班 日次確認,2026-09-01 13:45,2026-09-01 15:00,調整,現地,2026-09-01のサンプル予定です。日々・週間・月間表示で使用します。,GP4班／KY2班｜日々・週間・月間
31,GP4班／QY班 日次確認,2026-09-01 14:30,2026-09-01 15:15,会議,第1会議室,2026-09-01のサンプル予定です。日々・週間・月間表示で使用します。,GP4班／QY班｜日々・週間・月間
32,GP01 日次確認,2026-09-01 08:15,2026-09-01 09:15,確認,第2会議室,2026-09-01のサンプル予定です。日々・週間・月間表示で使用します。,GP01｜日々・週間・月間
33,GP02 日次確認,2026-09-01 09:00,2026-09-01 10:15,作業,作業室,2026-09-01のサンプル予定です。日々・週間・月間表示で使用します。,GP02｜日々・週間・月間
34,GP03 日次確認,2026-09-01 09:45,2026-09-01 10:30,連絡,事務室,2026-09-01のサンプル予定です。日々・週間・月間表示で使用します。,GP03｜日々・週間・月間
35,GP04 日次確認,2026-09-01 10:30,2026-09-01 11:30,点検,オンライン,2026-09-01のサンプル予定です。日々・週間・月間表示で使用します。,GP04｜日々・週間・月間
36,GP05 日次確認,2026-09-01 11:15,2026-09-01 12:30,調整,現地,2026-09-01のサンプル予定です。日々・週間・月間表示で使用します。,GP05｜日々・週間・月間
37,GP1 日次確認,2026-09-02 08:30,2026-09-02 09:30,確認,作業室,2026-09-02のサンプル予定です。日々・週間・月間表示で使用します。,GP1｜日々・週間・月間
38,GP2 日次確認,2026-09-02 09:15,2026-09-02 10:30,作業,事務室,2026-09-02のサンプル予定です。日々・週間・月間表示で使用します。,GP2｜日々・週間・月間
39,GP2 受入確認,2026-09-02 08:15,2026-09-02 09:00,作業,事務室,GP2の表示件数と重なり回避を確認するサンプル予定です。,GP2｜日々・週間・月間
40,GP2 資料レビュー,2026-09-02 09:00,2026-09-02 10:00,連絡,オンライン,GP2の表示件数と重なり回避を確認するサンプル予定です。,GP2｜日々・週間・月間
41,GP2 進捗会議,2026-09-02 09:15,2026-09-02 10:30,点検,現地,GP2の表示件数と重なり回避を確認するサンプル予定です。,GP2｜日々・週間・月間
42,GP3 日次確認,2026-09-02 10:00,2026-09-02 10:45,連絡,オンライン,2026-09-02のサンプル予定です。日々・週間・月間表示で使用します。,GP3｜日々・週間・月間
43,GP3 作業調整,2026-09-02 08:15,2026-09-02 09:00,連絡,オンライン,GP3の表示件数と重なり回避を確認するサンプル予定です。,GP3｜日々・週間・月間
44,GP3 品質確認,2026-09-02 09:00,2026-09-02 10:00,点検,現地,GP3の表示件数と重なり回避を確認するサンプル予定です。,GP3｜日々・週間・月間
45,GP3 連絡会,2026-09-02 09:15,2026-09-02 10:30,調整,第1会議室,GP3の表示件数と重なり回避を確認するサンプル予定です。,GP3｜日々・週間・月間
46,GP4 日次確認,2026-09-02 10:45,2026-09-02 11:45,点検,現地,2026-09-02のサンプル予定です。日々・週間・月間表示で使用します。,GP4｜日々・週間・月間
47,GP4 進捗整理,2026-09-02 08:15,2026-09-02 09:00,点検,現地,GP4の表示件数と重なり回避を確認するサンプル予定です。,GP4｜日々・週間・月間
48,GP4 課題確認,2026-09-02 09:00,2026-09-02 10:00,調整,第1会議室,GP4の表示件数と重なり回避を確認するサンプル予定です。,GP4｜日々・週間・月間
49,GP4 定例打合せ,2026-09-02 09:15,2026-09-02 10:30,会議,第2会議室,GP4の表示件数と重なり回避を確認するサンプル予定です。,GP4｜日々・週間・月間
50,GP5 日次確認,2026-09-02 11:30,2026-09-02 12:45,調整,第1会議室,2026-09-02のサンプル予定です。日々・週間・月間表示で使用します。,GP5｜日々・週間・月間
51,GP5 設備確認,2026-09-02 08:15,2026-09-02 09:00,調整,第1会議室,GP5の表示件数と重なり回避を確認するサンプル予定です。,GP5｜日々・週間・月間
52,GP5 運用レビュー,2026-09-02 09:00,2026-09-02 10:00,会議,第2会議室,GP5の表示件数と重なり回避を確認するサンプル予定です。,GP5｜日々・週間・月間
53,GP5 引継ぎ,2026-09-02 09:15,2026-09-02 10:30,確認,作業室,GP5の表示件数と重なり回避を確認するサンプル予定です。,GP5｜日々・週間・月間
54,GP6 日次確認,2026-09-02 12:15,2026-09-02 13:00,会議,第2会議室,2026-09-02のサンプル予定です。日々・週間・月間表示で使用します。,GP6｜日々・週間・月間
55,GP7 日次確認,2026-09-02 13:00,2026-09-02 14:00,確認,作業室,2026-09-02のサンプル予定です。日々・週間・月間表示で使用します。,GP7｜日々・週間・月間
56,GP8 日次確認,2026-09-02 13:45,2026-09-02 15:00,作業,事務室,2026-09-02のサンプル予定です。日々・週間・月間表示で使用します。,GP8｜日々・週間・月間
57,GP1科／GS班 日次確認,2026-09-02 14:30,2026-09-02 15:15,連絡,オンライン,2026-09-02のサンプル予定です。日々・週間・月間表示で使用します。,GP1科／GS班｜日々・週間・月間
58,GP1科／JN班 日次確認,2026-09-02 08:15,2026-09-02 09:15,点検,現地,2026-09-02のサンプル予定です。日々・週間・月間表示で使用します。,GP1科／JN班｜日々・週間・月間
59,GP1科／JH班 日次確認,2026-09-02 09:00,2026-09-02 10:15,調整,第1会議室,2026-09-02のサンプル予定です。日々・週間・月間表示で使用します。,GP1科／JH班｜日々・週間・月間
60,GP2科／UK班 日次確認,2026-09-02 09:45,2026-09-02 10:30,会議,第2会議室,2026-09-02のサンプル予定です。日々・週間・月間表示で使用します。,GP2科／UK班｜日々・週間・月間
61,GP2科／KR班 日次確認,2026-09-02 10:30,2026-09-02 11:30,確認,作業室,2026-09-02のサンプル予定です。日々・週間・月間表示で使用します。,GP2科／KR班｜日々・週間・月間
62,GP3科／KY班 日次確認,2026-09-02 11:15,2026-09-02 12:30,作業,事務室,2026-09-02のサンプル予定です。日々・週間・月間表示で使用します。,GP3科／KY班｜日々・週間・月間
63,GP3科／KK班 日次確認,2026-09-02 12:00,2026-09-02 12:45,連絡,オンライン,2026-09-02のサンプル予定です。日々・週間・月間表示で使用します。,GP3科／KK班｜日々・週間・月間
64,GP3科／SS班 日次確認,2026-09-02 12:45,2026-09-02 13:45,点検,現地,2026-09-02のサンプル予定です。日々・週間・月間表示で使用します。,GP3科／SS班｜日々・週間・月間
65,GP4班／KY班 日次確認,2026-09-02 13:30,2026-09-02 14:45,調整,第1会議室,2026-09-02のサンプル予定です。日々・週間・月間表示で使用します。,GP4班／KY班｜日々・週間・月間
66,GP4班／KY2班 日次確認,2026-09-02 14:15,2026-09-02 15:00,会議,第2会議室,2026-09-02のサンプル予定です。日々・週間・月間表示で使用します。,GP4班／KY2班｜日々・週間・月間
67,GP4班／QY班 日次確認,2026-09-02 08:00,2026-09-02 09:00,確認,作業室,2026-09-02のサンプル予定です。日々・週間・月間表示で使用します。,GP4班／QY班｜日々・週間・月間
68,GP01 日次確認,2026-09-02 08:45,2026-09-02 10:00,作業,事務室,2026-09-02のサンプル予定です。日々・週間・月間表示で使用します。,GP01｜日々・週間・月間
69,GP02 日次確認,2026-09-02 09:30,2026-09-02 10:15,連絡,オンライン,2026-09-02のサンプル予定です。日々・週間・月間表示で使用します。,GP02｜日々・週間・月間
70,GP03 日次確認,2026-09-02 10:15,2026-09-02 11:15,点検,現地,2026-09-02のサンプル予定です。日々・週間・月間表示で使用します。,GP03｜日々・週間・月間
71,GP04 日次確認,2026-09-02 11:00,2026-09-02 12:15,調整,第1会議室,2026-09-02のサンプル予定です。日々・週間・月間表示で使用します。,GP04｜日々・週間・月間
72,GP05 日次確認,2026-09-02 11:45,2026-09-02 12:30,会議,第2会議室,2026-09-02のサンプル予定です。日々・週間・月間表示で使用します。,GP05｜日々・週間・月間
73,GP1 日次確認,2026-09-03 09:00,2026-09-03 10:15,作業,オンライン,2026-09-03のサンプル予定です。日々・週間・月間表示で使用します。,GP1｜日々・週間・月間
74,GP2 日次確認,2026-09-03 09:45,2026-09-03 10:30,連絡,現地,2026-09-03のサンプル予定です。日々・週間・月間表示で使用します。,GP2｜日々・週間・月間
75,GP2 受入確認,2026-09-03 08:15,2026-09-03 09:00,作業,オンライン,GP2の表示件数と重なり回避を確認するサンプル予定です。,GP2｜日々・週間・月間
76,GP2 資料レビュー,2026-09-03 09:00,2026-09-03 10:00,連絡,現地,GP2の表示件数と重なり回避を確認するサンプル予定です。,GP2｜日々・週間・月間
77,GP2 進捗会議,2026-09-03 09:15,2026-09-03 10:30,点検,第1会議室,GP2の表示件数と重なり回避を確認するサンプル予定です。,GP2｜日々・週間・月間
78,GP3 日次確認,2026-09-03 10:30,2026-09-03 11:30,点検,第1会議室,2026-09-03のサンプル予定です。日々・週間・月間表示で使用します。,GP3｜日々・週間・月間
79,GP3 作業調整,2026-09-03 08:15,2026-09-03 09:00,連絡,現地,GP3の表示件数と重なり回避を確認するサンプル予定です。,GP3｜日々・週間・月間
80,GP3 品質確認,2026-09-03 09:00,2026-09-03 10:00,点検,第1会議室,GP3の表示件数と重なり回避を確認するサンプル予定です。,GP3｜日々・週間・月間
81,GP3 連絡会,2026-09-03 09:15,2026-09-03 10:30,調整,第2会議室,GP3の表示件数と重なり回避を確認するサンプル予定です。,GP3｜日々・週間・月間
82,GP4 日次確認,2026-09-03 11:15,2026-09-03 12:30,調整,第2会議室,2026-09-03のサンプル予定です。日々・週間・月間表示で使用します。,GP4｜日々・週間・月間
83,GP4 進捗整理,2026-09-03 08:15,2026-09-03 09:00,点検,第1会議室,GP4の表示件数と重なり回避を確認するサンプル予定です。,GP4｜日々・週間・月間
84,GP4 課題確認,2026-09-03 09:00,2026-09-03 10:00,調整,第2会議室,GP4の表示件数と重なり回避を確認するサンプル予定です。,GP4｜日々・週間・月間
85,GP4 定例打合せ,2026-09-03 09:15,2026-09-03 10:30,会議,作業室,GP4の表示件数と重なり回避を確認するサンプル予定です。,GP4｜日々・週間・月間
86,GP5 日次確認,2026-09-03 12:00,2026-09-03 12:45,会議,作業室,2026-09-03のサンプル予定です。日々・週間・月間表示で使用します。,GP5｜日々・週間・月間
87,GP5 設備確認,2026-09-03 08:15,2026-09-03 09:00,調整,第2会議室,GP5の表示件数と重なり回避を確認するサンプル予定です。,GP5｜日々・週間・月間
88,GP5 運用レビュー,2026-09-03 09:00,2026-09-03 10:00,会議,作業室,GP5の表示件数と重なり回避を確認するサンプル予定です。,GP5｜日々・週間・月間
89,GP5 引継ぎ,2026-09-03 09:15,2026-09-03 10:30,確認,事務室,GP5の表示件数と重なり回避を確認するサンプル予定です。,GP5｜日々・週間・月間
90,GP6 日次確認,2026-09-03 12:45,2026-09-03 13:45,確認,事務室,2026-09-03のサンプル予定です。日々・週間・月間表示で使用します。,GP6｜日々・週間・月間
91,GP7 日次確認,2026-09-03 13:30,2026-09-03 14:45,作業,オンライン,2026-09-03のサンプル予定です。日々・週間・月間表示で使用します。,GP7｜日々・週間・月間
92,GP8 日次確認,2026-09-03 14:15,2026-09-03 15:00,連絡,現地,2026-09-03のサンプル予定です。日々・週間・月間表示で使用します。,GP8｜日々・週間・月間
93,GP1科／GS班 日次確認,2026-09-03 08:00,2026-09-03 09:00,点検,第1会議室,2026-09-03のサンプル予定です。日々・週間・月間表示で使用します。,GP1科／GS班｜日々・週間・月間
94,GP1科／JN班 日次確認,2026-09-03 08:45,2026-09-03 10:00,調整,第2会議室,2026-09-03のサンプル予定です。日々・週間・月間表示で使用します。,GP1科／JN班｜日々・週間・月間
95,GP1科／JH班 日次確認,2026-09-03 09:30,2026-09-03 10:15,会議,作業室,2026-09-03のサンプル予定です。日々・週間・月間表示で使用します。,GP1科／JH班｜日々・週間・月間
96,GP2科／UK班 日次確認,2026-09-03 10:15,2026-09-03 11:15,確認,事務室,2026-09-03のサンプル予定です。日々・週間・月間表示で使用します。,GP2科／UK班｜日々・週間・月間
97,GP2科／KR班 日次確認,2026-09-03 11:00,2026-09-03 12:15,作業,オンライン,2026-09-03のサンプル予定です。日々・週間・月間表示で使用します。,GP2科／KR班｜日々・週間・月間
98,GP3科／KY班 日次確認,2026-09-03 11:45,2026-09-03 12:30,連絡,現地,2026-09-03のサンプル予定です。日々・週間・月間表示で使用します。,GP3科／KY班｜日々・週間・月間
99,GP3科／KK班 日次確認,2026-09-03 12:30,2026-09-03 13:30,点検,第1会議室,2026-09-03のサンプル予定です。日々・週間・月間表示で使用します。,GP3科／KK班｜日々・週間・月間
100,GP3科／SS班 日次確認,2026-09-03 13:15,2026-09-03 14:30,調整,第2会議室,2026-09-03のサンプル予定です。日々・週間・月間表示で使用します。,GP3科／SS班｜日々・週間・月間
101,GP4班／KY班 日次確認,2026-09-03 14:00,2026-09-03 14:45,会議,作業室,2026-09-03のサンプル予定です。日々・週間・月間表示で使用します。,GP4班／KY班｜日々・週間・月間
102,GP4班／KY2班 日次確認,2026-09-03 14:45,2026-09-03 15:45,確認,事務室,2026-09-03のサンプル予定です。日々・週間・月間表示で使用します。,GP4班／KY2班｜日々・週間・月間
103,GP4班／QY班 日次確認,2026-09-03 08:30,2026-09-03 09:45,作業,オンライン,2026-09-03のサンプル予定です。日々・週間・月間表示で使用します。,GP4班／QY班｜日々・週間・月間
104,GP01 日次確認,2026-09-03 09:15,2026-09-03 10:00,連絡,現地,2026-09-03のサンプル予定です。日々・週間・月間表示で使用します。,GP01｜日々・週間・月間
105,GP02 日次確認,2026-09-03 10:00,2026-09-03 11:00,点検,第1会議室,2026-09-03のサンプル予定です。日々・週間・月間表示で使用します。,GP02｜日々・週間・月間
106,GP03 日次確認,2026-09-03 10:45,2026-09-03 12:00,調整,第2会議室,2026-09-03のサンプル予定です。日々・週間・月間表示で使用します。,GP03｜日々・週間・月間
107,GP04 日次確認,2026-09-03 11:30,2026-09-03 12:15,会議,作業室,2026-09-03のサンプル予定です。日々・週間・月間表示で使用します。,GP04｜日々・週間・月間
108,GP05 日次確認,2026-09-03 12:15,2026-09-03 13:15,確認,事務室,2026-09-03のサンプル予定です。日々・週間・月間表示で使用します。,GP05｜日々・週間・月間
109,GP1 日次確認,2026-09-04 09:30,2026-09-04 10:15,連絡,第1会議室,2026-09-04のサンプル予定です。日々・週間・月間表示で使用します。,GP1｜日々・週間・月間
110,GP2 日次確認,2026-09-04 10:15,2026-09-04 11:15,点検,第2会議室,2026-09-04のサンプル予定です。日々・週間・月間表示で使用します。,GP2｜日々・週間・月間
111,GP2 受入確認,2026-09-04 08:15,2026-09-04 09:00,作業,現地,GP2の表示件数と重なり回避を確認するサンプル予定です。,GP2｜日々・週間・月間
112,GP2 資料レビュー,2026-09-04 09:00,2026-09-04 10:00,連絡,第1会議室,GP2の表示件数と重なり回避を確認するサンプル予定です。,GP2｜日々・週間・月間
113,GP2 進捗会議,2026-09-04 09:15,2026-09-04 10:30,点検,第2会議室,GP2の表示件数と重なり回避を確認するサンプル予定です。,GP2｜日々・週間・月間
114,GP3 日次確認,2026-09-04 11:00,2026-09-04 12:15,調整,作業室,2026-09-04のサンプル予定です。日々・週間・月間表示で使用します。,GP3｜日々・週間・月間
115,GP3 作業調整,2026-09-04 08:15,2026-09-04 09:00,連絡,第1会議室,GP3の表示件数と重なり回避を確認するサンプル予定です。,GP3｜日々・週間・月間
116,GP3 品質確認,2026-09-04 09:00,2026-09-04 10:00,点検,第2会議室,GP3の表示件数と重なり回避を確認するサンプル予定です。,GP3｜日々・週間・月間
117,GP3 連絡会,2026-09-04 09:15,2026-09-04 10:30,調整,作業室,GP3の表示件数と重なり回避を確認するサンプル予定です。,GP3｜日々・週間・月間
118,GP4 日次確認,2026-09-04 11:45,2026-09-04 12:30,会議,事務室,2026-09-04のサンプル予定です。日々・週間・月間表示で使用します。,GP4｜日々・週間・月間
119,GP4 進捗整理,2026-09-04 08:15,2026-09-04 09:00,点検,第2会議室,GP4の表示件数と重なり回避を確認するサンプル予定です。,GP4｜日々・週間・月間
120,GP4 課題確認,2026-09-04 09:00,2026-09-04 10:00,調整,作業室,GP4の表示件数と重なり回避を確認するサンプル予定です。,GP4｜日々・週間・月間
121,GP4 定例打合せ,2026-09-04 09:15,2026-09-04 10:30,会議,事務室,GP4の表示件数と重なり回避を確認するサンプル予定です。,GP4｜日々・週間・月間
122,GP5 日次確認,2026-09-04 12:30,2026-09-04 13:30,確認,オンライン,2026-09-04のサンプル予定です。日々・週間・月間表示で使用します。,GP5｜日々・週間・月間
123,GP5 設備確認,2026-09-04 08:15,2026-09-04 09:00,調整,作業室,GP5の表示件数と重なり回避を確認するサンプル予定です。,GP5｜日々・週間・月間
124,GP5 運用レビュー,2026-09-04 09:00,2026-09-04 10:00,会議,事務室,GP5の表示件数と重なり回避を確認するサンプル予定です。,GP5｜日々・週間・月間
125,GP5 引継ぎ,2026-09-04 09:15,2026-09-04 10:30,確認,オンライン,GP5の表示件数と重なり回避を確認するサンプル予定です。,GP5｜日々・週間・月間
126,GP6 日次確認,2026-09-04 13:15,2026-09-04 14:30,作業,現地,2026-09-04のサンプル予定です。日々・週間・月間表示で使用します。,GP6｜日々・週間・月間
127,GP7 日次確認,2026-09-04 14:00,2026-09-04 14:45,連絡,第1会議室,2026-09-04のサンプル予定です。日々・週間・月間表示で使用します。,GP7｜日々・週間・月間
128,GP8 日次確認,2026-09-04 14:45,2026-09-04 15:45,点検,第2会議室,2026-09-04のサンプル予定です。日々・週間・月間表示で使用します。,GP8｜日々・週間・月間
129,GP1科／GS班 日次確認,2026-09-04 08:30,2026-09-04 09:45,調整,作業室,2026-09-04のサンプル予定です。日々・週間・月間表示で使用します。,GP1科／GS班｜日々・週間・月間
130,GP1科／JN班 日次確認,2026-09-04 09:15,2026-09-04 10:00,会議,事務室,2026-09-04のサンプル予定です。日々・週間・月間表示で使用します。,GP1科／JN班｜日々・週間・月間
131,GP1科／JH班 日次確認,2026-09-04 10:00,2026-09-04 11:00,確認,オンライン,2026-09-04のサンプル予定です。日々・週間・月間表示で使用します。,GP1科／JH班｜日々・週間・月間
132,GP2科／UK班 日次確認,2026-09-04 10:45,2026-09-04 12:00,作業,現地,2026-09-04のサンプル予定です。日々・週間・月間表示で使用します。,GP2科／UK班｜日々・週間・月間
133,GP2科／KR班 日次確認,2026-09-04 11:30,2026-09-04 12:15,連絡,第1会議室,2026-09-04のサンプル予定です。日々・週間・月間表示で使用します。,GP2科／KR班｜日々・週間・月間
134,GP3科／KY班 日次確認,2026-09-04 12:15,2026-09-04 13:15,点検,第2会議室,2026-09-04のサンプル予定です。日々・週間・月間表示で使用します。,GP3科／KY班｜日々・週間・月間
135,GP3科／KK班 日次確認,2026-09-04 13:00,2026-09-04 14:15,調整,作業室,2026-09-04のサンプル予定です。日々・週間・月間表示で使用します。,GP3科／KK班｜日々・週間・月間
136,GP3科／SS班 日次確認,2026-09-04 13:45,2026-09-04 14:30,会議,事務室,2026-09-04のサンプル予定です。日々・週間・月間表示で使用します。,GP3科／SS班｜日々・週間・月間
137,GP4班／KY班 日次確認,2026-09-04 14:30,2026-09-04 15:30,確認,オンライン,2026-09-04のサンプル予定です。日々・週間・月間表示で使用します。,GP4班／KY班｜日々・週間・月間
138,GP4班／KY2班 日次確認,2026-09-04 08:15,2026-09-04 09:30,作業,現地,2026-09-04のサンプル予定です。日々・週間・月間表示で使用します。,GP4班／KY2班｜日々・週間・月間
139,GP4班／QY班 日次確認,2026-09-04 09:00,2026-09-04 09:45,連絡,第1会議室,2026-09-04のサンプル予定です。日々・週間・月間表示で使用します。,GP4班／QY班｜日々・週間・月間
140,GP01 日次確認,2026-09-04 09:45,2026-09-04 10:45,点検,第2会議室,2026-09-04のサンプル予定です。日々・週間・月間表示で使用します。,GP01｜日々・週間・月間
141,GP02 日次確認,2026-09-04 10:30,2026-09-04 11:45,調整,作業室,2026-09-04のサンプル予定です。日々・週間・月間表示で使用します。,GP02｜日々・週間・月間
142,GP03 日次確認,2026-09-04 11:15,2026-09-04 12:00,会議,事務室,2026-09-04のサンプル予定です。日々・週間・月間表示で使用します。,GP03｜日々・週間・月間
143,GP04 日次確認,2026-09-04 12:00,2026-09-04 13:00,確認,オンライン,2026-09-04のサンプル予定です。日々・週間・月間表示で使用します。,GP04｜日々・週間・月間
144,GP05 日次確認,2026-09-04 12:45,2026-09-04 14:00,作業,現地,2026-09-04のサンプル予定です。日々・週間・月間表示で使用します。,GP05｜日々・週間・月間
145,GP1 日次確認,2026-09-05 10:00,2026-09-05 11:00,点検,作業室,2026-09-05のサンプル予定です。日々・週間・月間表示で使用します。,GP1｜日々・週間・月間
146,GP2 日次確認,2026-09-05 10:45,2026-09-05 12:00,調整,事務室,2026-09-05のサンプル予定です。日々・週間・月間表示で使用します。,GP2｜日々・週間・月間
147,GP2 受入確認,2026-09-05 08:15,2026-09-05 09:00,作業,第1会議室,GP2の表示件数と重なり回避を確認するサンプル予定です。,GP2｜日々・週間・月間
148,GP2 資料レビュー,2026-09-05 09:00,2026-09-05 10:00,連絡,第2会議室,GP2の表示件数と重なり回避を確認するサンプル予定です。,GP2｜日々・週間・月間
149,GP2 進捗会議,2026-09-05 09:15,2026-09-05 10:30,点検,作業室,GP2の表示件数と重なり回避を確認するサンプル予定です。,GP2｜日々・週間・月間
150,GP3 日次確認,2026-09-05 11:30,2026-09-05 12:15,会議,オンライン,2026-09-05のサンプル予定です。日々・週間・月間表示で使用します。,GP3｜日々・週間・月間
151,GP3 作業調整,2026-09-05 08:15,2026-09-05 09:00,連絡,第2会議室,GP3の表示件数と重なり回避を確認するサンプル予定です。,GP3｜日々・週間・月間
152,GP3 品質確認,2026-09-05 09:00,2026-09-05 10:00,点検,作業室,GP3の表示件数と重なり回避を確認するサンプル予定です。,GP3｜日々・週間・月間
153,GP3 連絡会,2026-09-05 09:15,2026-09-05 10:30,調整,事務室,GP3の表示件数と重なり回避を確認するサンプル予定です。,GP3｜日々・週間・月間
154,GP4 日次確認,2026-09-05 12:15,2026-09-05 13:15,確認,現地,2026-09-05のサンプル予定です。日々・週間・月間表示で使用します。,GP4｜日々・週間・月間
155,GP4 進捗整理,2026-09-05 08:15,2026-09-05 09:00,点検,作業室,GP4の表示件数と重なり回避を確認するサンプル予定です。,GP4｜日々・週間・月間
156,GP4 課題確認,2026-09-05 09:00,2026-09-05 10:00,調整,事務室,GP4の表示件数と重なり回避を確認するサンプル予定です。,GP4｜日々・週間・月間
157,GP4 定例打合せ,2026-09-05 09:15,2026-09-05 10:30,会議,オンライン,GP4の表示件数と重なり回避を確認するサンプル予定です。,GP4｜日々・週間・月間
158,GP5 日次確認,2026-09-05 13:00,2026-09-05 14:15,作業,第1会議室,2026-09-05のサンプル予定です。日々・週間・月間表示で使用します。,GP5｜日々・週間・月間
159,GP5 設備確認,2026-09-05 08:15,2026-09-05 09:00,調整,事務室,GP5の表示件数と重なり回避を確認するサンプル予定です。,GP5｜日々・週間・月間
160,GP5 運用レビュー,2026-09-05 09:00,2026-09-05 10:00,会議,オンライン,GP5の表示件数と重なり回避を確認するサンプル予定です。,GP5｜日々・週間・月間
161,GP5 引継ぎ,2026-09-05 09:15,2026-09-05 10:30,確認,現地,GP5の表示件数と重なり回避を確認するサンプル予定です。,GP5｜日々・週間・月間
162,GP6 日次確認,2026-09-05 13:45,2026-09-05 14:30,連絡,第2会議室,2026-09-05のサンプル予定です。日々・週間・月間表示で使用します。,GP6｜日々・週間・月間
163,GP7 日次確認,2026-09-05 14:30,2026-09-05 15:30,点検,作業室,2026-09-05のサンプル予定です。日々・週間・月間表示で使用します。,GP7｜日々・週間・月間
164,GP8 日次確認,2026-09-05 08:15,2026-09-05 09:30,調整,事務室,2026-09-05のサンプル予定です。日々・週間・月間表示で使用します。,GP8｜日々・週間・月間
165,GP1科／GS班 日次確認,2026-09-05 09:00,2026-09-05 09:45,会議,オンライン,2026-09-05のサンプル予定です。日々・週間・月間表示で使用します。,GP1科／GS班｜日々・週間・月間
166,GP1科／JN班 日次確認,2026-09-05 09:45,2026-09-05 10:45,確認,現地,2026-09-05のサンプル予定です。日々・週間・月間表示で使用します。,GP1科／JN班｜日々・週間・月間
167,GP1科／JH班 日次確認,2026-09-05 10:30,2026-09-05 11:45,作業,第1会議室,2026-09-05のサンプル予定です。日々・週間・月間表示で使用します。,GP1科／JH班｜日々・週間・月間
168,GP2科／UK班 日次確認,2026-09-05 11:15,2026-09-05 12:00,連絡,第2会議室,2026-09-05のサンプル予定です。日々・週間・月間表示で使用します。,GP2科／UK班｜日々・週間・月間
169,GP2科／KR班 日次確認,2026-09-05 12:00,2026-09-05 13:00,点検,作業室,2026-09-05のサンプル予定です。日々・週間・月間表示で使用します。,GP2科／KR班｜日々・週間・月間
170,GP3科／KY班 日次確認,2026-09-05 12:45,2026-09-05 14:00,調整,事務室,2026-09-05のサンプル予定です。日々・週間・月間表示で使用します。,GP3科／KY班｜日々・週間・月間
171,GP3科／KK班 日次確認,2026-09-05 13:30,2026-09-05 14:15,会議,オンライン,2026-09-05のサンプル予定です。日々・週間・月間表示で使用します。,GP3科／KK班｜日々・週間・月間
172,GP3科／SS班 日次確認,2026-09-05 14:15,2026-09-05 15:15,確認,現地,2026-09-05のサンプル予定です。日々・週間・月間表示で使用します。,GP3科／SS班｜日々・週間・月間
173,GP4班／KY班 日次確認,2026-09-05 08:00,2026-09-05 09:15,作業,第1会議室,2026-09-05のサンプル予定です。日々・週間・月間表示で使用します。,GP4班／KY班｜日々・週間・月間
174,GP4班／KY2班 日次確認,2026-09-05 08:45,2026-09-05 09:30,連絡,第2会議室,2026-09-05のサンプル予定です。日々・週間・月間表示で使用します。,GP4班／KY2班｜日々・週間・月間
175,GP4班／QY班 日次確認,2026-09-05 09:30,2026-09-05 10:30,点検,作業室,2026-09-05のサンプル予定です。日々・週間・月間表示で使用します。,GP4班／QY班｜日々・週間・月間
176,GP01 日次確認,2026-09-05 10:15,2026-09-05 11:30,調整,事務室,2026-09-05のサンプル予定です。日々・週間・月間表示で使用します。,GP01｜日々・週間・月間
177,GP02 日次確認,2026-09-05 11:00,2026-09-05 11:45,会議,オンライン,2026-09-05のサンプル予定です。日々・週間・月間表示で使用します。,GP02｜日々・週間・月間
178,GP03 日次確認,2026-09-05 11:45,2026-09-05 12:45,確認,現地,2026-09-05のサンプル予定です。日々・週間・月間表示で使用します。,GP03｜日々・週間・月間
179,GP04 日次確認,2026-09-05 12:30,2026-09-05 13:45,作業,第1会議室,2026-09-05のサンプル予定です。日々・週間・月間表示で使用します。,GP04｜日々・週間・月間
180,GP05 日次確認,2026-09-05 13:15,2026-09-05 14:00,連絡,第2会議室,2026-09-05のサンプル予定です。日々・週間・月間表示で使用します。,GP05｜日々・週間・月間
181,GP1 日次確認,2026-09-06 10:30,2026-09-06 11:45,調整,オンライン,2026-09-06のサンプル予定です。日々・週間・月間表示で使用します。,GP1｜日々・週間・月間
182,GP2 日次確認,2026-09-06 11:15,2026-09-06 12:00,会議,現地,2026-09-06のサンプル予定です。日々・週間・月間表示で使用します。,GP2｜日々・週間・月間
183,GP2 受入確認,2026-09-06 08:15,2026-09-06 09:00,作業,第2会議室,GP2の表示件数と重なり回避を確認するサンプル予定です。,GP2｜日々・週間・月間
184,GP2 資料レビュー,2026-09-06 09:00,2026-09-06 10:00,連絡,作業室,GP2の表示件数と重なり回避を確認するサンプル予定です。,GP2｜日々・週間・月間
185,GP2 進捗会議,2026-09-06 09:15,2026-09-06 10:30,点検,事務室,GP2の表示件数と重なり回避を確認するサンプル予定です。,GP2｜日々・週間・月間
186,GP3 日次確認,2026-09-06 12:00,2026-09-06 13:00,確認,第1会議室,2026-09-06のサンプル予定です。日々・週間・月間表示で使用します。,GP3｜日々・週間・月間
187,GP3 作業調整,2026-09-06 08:15,2026-09-06 09:00,連絡,作業室,GP3の表示件数と重なり回避を確認するサンプル予定です。,GP3｜日々・週間・月間
188,GP3 品質確認,2026-09-06 09:00,2026-09-06 10:00,点検,事務室,GP3の表示件数と重なり回避を確認するサンプル予定です。,GP3｜日々・週間・月間
189,GP3 連絡会,2026-09-06 09:15,2026-09-06 10:30,調整,オンライン,GP3の表示件数と重なり回避を確認するサンプル予定です。,GP3｜日々・週間・月間
190,GP4 日次確認,2026-09-06 12:45,2026-09-06 14:00,作業,第2会議室,2026-09-06のサンプル予定です。日々・週間・月間表示で使用します。,GP4｜日々・週間・月間
191,GP4 進捗整理,2026-09-06 08:15,2026-09-06 09:00,点検,事務室,GP4の表示件数と重なり回避を確認するサンプル予定です。,GP4｜日々・週間・月間
192,GP4 課題確認,2026-09-06 09:00,2026-09-06 10:00,調整,オンライン,GP4の表示件数と重なり回避を確認するサンプル予定です。,GP4｜日々・週間・月間
193,GP4 定例打合せ,2026-09-06 09:15,2026-09-06 10:30,会議,現地,GP4の表示件数と重なり回避を確認するサンプル予定です。,GP4｜日々・週間・月間
194,GP5 日次確認,2026-09-06 13:30,2026-09-06 14:15,連絡,作業室,2026-09-06のサンプル予定です。日々・週間・月間表示で使用します。,GP5｜日々・週間・月間
195,GP5 設備確認,2026-09-06 08:15,2026-09-06 09:00,調整,オンライン,GP5の表示件数と重なり回避を確認するサンプル予定です。,GP5｜日々・週間・月間
196,GP5 運用レビュー,2026-09-06 09:00,2026-09-06 10:00,会議,現地,GP5の表示件数と重なり回避を確認するサンプル予定です。,GP5｜日々・週間・月間
197,GP5 引継ぎ,2026-09-06 09:15,2026-09-06 10:30,確認,第1会議室,GP5の表示件数と重なり回避を確認するサンプル予定です。,GP5｜日々・週間・月間
198,GP6 日次確認,2026-09-06 14:15,2026-09-06 15:15,点検,事務室,2026-09-06のサンプル予定です。日々・週間・月間表示で使用します。,GP6｜日々・週間・月間
199,GP7 日次確認,2026-09-06 08:00,2026-09-06 09:15,調整,オンライン,2026-09-06のサンプル予定です。日々・週間・月間表示で使用します。,GP7｜日々・週間・月間
200,GP8 日次確認,2026-09-06 08:45,2026-09-06 09:30,会議,現地,2026-09-06のサンプル予定です。日々・週間・月間表示で使用します。,GP8｜日々・週間・月間
201,GP1科／GS班 日次確認,2026-09-06 09:30,2026-09-06 10:30,確認,第1会議室,2026-09-06のサンプル予定です。日々・週間・月間表示で使用します。,GP1科／GS班｜日々・週間・月間
202,GP1科／JN班 日次確認,2026-09-06 10:15,2026-09-06 11:30,作業,第2会議室,2026-09-06のサンプル予定です。日々・週間・月間表示で使用します。,GP1科／JN班｜日々・週間・月間
203,GP1科／JH班 日次確認,2026-09-06 11:00,2026-09-06 11:45,連絡,作業室,2026-09-06のサンプル予定です。日々・週間・月間表示で使用します。,GP1科／JH班｜日々・週間・月間
204,GP2科／UK班 日次確認,2026-09-06 11:45,2026-09-06 12:45,点検,事務室,2026-09-06のサンプル予定です。日々・週間・月間表示で使用します。,GP2科／UK班｜日々・週間・月間
205,GP2科／KR班 日次確認,2026-09-06 12:30,2026-09-06 13:45,調整,オンライン,2026-09-06のサンプル予定です。日々・週間・月間表示で使用します。,GP2科／KR班｜日々・週間・月間
206,GP3科／KY班 日次確認,2026-09-06 13:15,2026-09-06 14:00,会議,現地,2026-09-06のサンプル予定です。日々・週間・月間表示で使用します。,GP3科／KY班｜日々・週間・月間
207,GP3科／KK班 日次確認,2026-09-06 14:00,2026-09-06 15:00,確認,第1会議室,2026-09-06のサンプル予定です。日々・週間・月間表示で使用します。,GP3科／KK班｜日々・週間・月間
208,GP3科／SS班 日次確認,2026-09-06 14:45,2026-09-06 16:00,作業,第2会議室,2026-09-06のサンプル予定です。日々・週間・月間表示で使用します。,GP3科／SS班｜日々・週間・月間
209,GP4班／KY班 日次確認,2026-09-06 08:30,2026-09-06 09:15,連絡,作業室,2026-09-06のサンプル予定です。日々・週間・月間表示で使用します。,GP4班／KY班｜日々・週間・月間
210,GP4班／KY2班 日次確認,2026-09-06 09:15,2026-09-06 10:15,点検,事務室,2026-09-06のサンプル予定です。日々・週間・月間表示で使用します。,GP4班／KY2班｜日々・週間・月間
211,GP4班／QY班 日次確認,2026-09-06 10:00,2026-09-06 11:15,調整,オンライン,2026-09-06のサンプル予定です。日々・週間・月間表示で使用します。,GP4班／QY班｜日々・週間・月間
212,GP01 日次確認,2026-09-06 10:45,2026-09-06 11:30,会議,現地,2026-09-06のサンプル予定です。日々・週間・月間表示で使用します。,GP01｜日々・週間・月間
213,GP02 日次確認,2026-09-06 11:30,2026-09-06 12:30,確認,第1会議室,2026-09-06のサンプル予定です。日々・週間・月間表示で使用します。,GP02｜日々・週間・月間
214,GP03 日次確認,2026-09-06 12:15,2026-09-06 13:30,作業,第2会議室,2026-09-06のサンプル予定です。日々・週間・月間表示で使用します。,GP03｜日々・週間・月間
215,GP04 日次確認,2026-09-06 13:00,2026-09-06 13:45,連絡,作業室,2026-09-06のサンプル予定です。日々・週間・月間表示で使用します。,GP04｜日々・週間・月間
216,GP05 日次確認,2026-09-06 13:45,2026-09-06 14:45,点検,事務室,2026-09-06のサンプル予定です。日々・週間・月間表示で使用します。,GP05｜日々・週間・月間
217,GP1 日次確認,2026-09-07 11:00,2026-09-07 11:45,会議,第1会議室,2026-09-07のサンプル予定です。日々・週間・月間表示で使用します。,GP1｜日々・週間・月間
218,GP2 日次確認,2026-09-07 11:45,2026-09-07 12:45,確認,第2会議室,2026-09-07のサンプル予定です。日々・週間・月間表示で使用します。,GP2｜日々・週間・月間
219,GP2 受入確認,2026-09-07 08:15,2026-09-07 09:00,作業,作業室,GP2の表示件数と重なり回避を確認するサンプル予定です。,GP2｜日々・週間・月間
220,GP2 資料レビュー,2026-09-07 09:00,2026-09-07 10:00,連絡,事務室,GP2の表示件数と重なり回避を確認するサンプル予定です。,GP2｜日々・週間・月間
221,GP2 進捗会議,2026-09-07 09:15,2026-09-07 10:30,点検,オンライン,GP2の表示件数と重なり回避を確認するサンプル予定です。,GP2｜日々・週間・月間
222,GP3 日次確認,2026-09-07 12:30,2026-09-07 13:45,作業,作業室,2026-09-07のサンプル予定です。日々・週間・月間表示で使用します。,GP3｜日々・週間・月間
223,GP3 作業調整,2026-09-07 08:15,2026-09-07 09:00,連絡,事務室,GP3の表示件数と重なり回避を確認するサンプル予定です。,GP3｜日々・週間・月間
224,GP3 品質確認,2026-09-07 09:00,2026-09-07 10:00,点検,オンライン,GP3の表示件数と重なり回避を確認するサンプル予定です。,GP3｜日々・週間・月間
225,GP3 連絡会,2026-09-07 09:15,2026-09-07 10:30,調整,現地,GP3の表示件数と重なり回避を確認するサンプル予定です。,GP3｜日々・週間・月間
226,GP4 日次確認,2026-09-07 13:15,2026-09-07 14:00,連絡,事務室,2026-09-07のサンプル予定です。日々・週間・月間表示で使用します。,GP4｜日々・週間・月間
227,GP4 進捗整理,2026-09-07 08:15,2026-09-07 09:00,点検,オンライン,GP4の表示件数と重なり回避を確認するサンプル予定です。,GP4｜日々・週間・月間
228,GP4 課題確認,2026-09-07 09:00,2026-09-07 10:00,調整,現地,GP4の表示件数と重なり回避を確認するサンプル予定です。,GP4｜日々・週間・月間
229,GP4 定例打合せ,2026-09-07 09:15,2026-09-07 10:30,会議,第1会議室,GP4の表示件数と重なり回避を確認するサンプル予定です。,GP4｜日々・週間・月間
230,GP5 日次確認,2026-09-07 14:00,2026-09-07 15:00,点検,オンライン,2026-09-07のサンプル予定です。日々・週間・月間表示で使用します。,GP5｜日々・週間・月間
231,GP5 設備確認,2026-09-07 08:15,2026-09-07 09:00,調整,現地,GP5の表示件数と重なり回避を確認するサンプル予定です。,GP5｜日々・週間・月間
232,GP5 運用レビュー,2026-09-07 09:00,2026-09-07 10:00,会議,第1会議室,GP5の表示件数と重なり回避を確認するサンプル予定です。,GP5｜日々・週間・月間
233,GP5 引継ぎ,2026-09-07 09:15,2026-09-07 10:30,確認,第2会議室,GP5の表示件数と重なり回避を確認するサンプル予定です。,GP5｜日々・週間・月間
234,GP6 日次確認,2026-09-07 14:45,2026-09-07 16:00,調整,現地,2026-09-07のサンプル予定です。日々・週間・月間表示で使用します。,GP6｜日々・週間・月間
235,GP7 日次確認,2026-09-07 08:30,2026-09-07 09:15,会議,第1会議室,2026-09-07のサンプル予定です。日々・週間・月間表示で使用します。,GP7｜日々・週間・月間
236,GP8 日次確認,2026-09-07 09:15,2026-09-07 10:15,確認,第2会議室,2026-09-07のサンプル予定です。日々・週間・月間表示で使用します。,GP8｜日々・週間・月間
237,GP1科／GS班 日次確認,2026-09-07 10:00,2026-09-07 11:15,作業,作業室,2026-09-07のサンプル予定です。日々・週間・月間表示で使用します。,GP1科／GS班｜日々・週間・月間
238,GP1科／JN班 日次確認,2026-09-07 10:45,2026-09-07 11:30,連絡,事務室,2026-09-07のサンプル予定です。日々・週間・月間表示で使用します。,GP1科／JN班｜日々・週間・月間
239,GP1科／JH班 日次確認,2026-09-07 11:30,2026-09-07 12:30,点検,オンライン,2026-09-07のサンプル予定です。日々・週間・月間表示で使用します。,GP1科／JH班｜日々・週間・月間
240,GP2科／UK班 日次確認,2026-09-07 12:15,2026-09-07 13:30,調整,現地,2026-09-07のサンプル予定です。日々・週間・月間表示で使用します。,GP2科／UK班｜日々・週間・月間
241,GP2科／KR班 日次確認,2026-09-07 13:00,2026-09-07 13:45,会議,第1会議室,2026-09-07のサンプル予定です。日々・週間・月間表示で使用します。,GP2科／KR班｜日々・週間・月間
242,GP3科／KY班 日次確認,2026-09-07 13:45,2026-09-07 14:45,確認,第2会議室,2026-09-07のサンプル予定です。日々・週間・月間表示で使用します。,GP3科／KY班｜日々・週間・月間
243,GP3科／KK班 日次確認,2026-09-07 14:30,2026-09-07 15:45,作業,作業室,2026-09-07のサンプル予定です。日々・週間・月間表示で使用します。,GP3科／KK班｜日々・週間・月間
244,GP3科／SS班 日次確認,2026-09-07 08:15,2026-09-07 09:00,連絡,事務室,2026-09-07のサンプル予定です。日々・週間・月間表示で使用します。,GP3科／SS班｜日々・週間・月間
245,GP4班／KY班 日次確認,2026-09-07 09:00,2026-09-07 10:00,点検,オンライン,2026-09-07のサンプル予定です。日々・週間・月間表示で使用します。,GP4班／KY班｜日々・週間・月間
246,GP4班／KY2班 日次確認,2026-09-07 09:45,2026-09-07 11:00,調整,現地,2026-09-07のサンプル予定です。日々・週間・月間表示で使用します。,GP4班／KY2班｜日々・週間・月間
247,GP4班／QY班 日次確認,2026-09-07 10:30,2026-09-07 11:15,会議,第1会議室,2026-09-07のサンプル予定です。日々・週間・月間表示で使用します。,GP4班／QY班｜日々・週間・月間
248,GP01 日次確認,2026-09-07 11:15,2026-09-07 12:15,確認,第2会議室,2026-09-07のサンプル予定です。日々・週間・月間表示で使用します。,GP01｜日々・週間・月間
249,GP02 日次確認,2026-09-07 12:00,2026-09-07 13:15,作業,作業室,2026-09-07のサンプル予定です。日々・週間・月間表示で使用します。,GP02｜日々・週間・月間
250,GP03 日次確認,2026-09-07 12:45,2026-09-07 13:30,連絡,事務室,2026-09-07のサンプル予定です。日々・週間・月間表示で使用します。,GP03｜日々・週間・月間
251,GP04 日次確認,2026-09-07 13:30,2026-09-07 14:30,点検,オンライン,2026-09-07のサンプル予定です。日々・週間・月間表示で使用します。,GP04｜日々・週間・月間
252,GP05 日次確認,2026-09-07 14:15,2026-09-07 15:30,調整,現地,2026-09-07のサンプル予定です。日々・週間・月間表示で使用します。,GP05｜日々・週間・月間
253,GP1 日次確認,2026-09-08 11:30,2026-09-08 12:30,確認,作業室,2026-09-08のサンプル予定です。日々・週間・月間表示で使用します。,GP1｜日々・週間・月間
254,GP2 日次確認,2026-09-08 12:15,2026-09-08 13:30,作業,事務室,2026-09-08のサンプル予定です。日々・週間・月間表示で使用します。,GP2｜日々・週間・月間
255,GP2 受入確認,2026-09-08 08:15,2026-09-08 09:00,作業,事務室,GP2の表示件数と重なり回避を確認するサンプル予定です。,GP2｜日々・週間・月間
256,GP2 資料レビュー,2026-09-08 09:00,2026-09-08 10:00,連絡,オンライン,GP2の表示件数と重なり回避を確認するサンプル予定です。,GP2｜日々・週間・月間
257,GP2 進捗会議,2026-09-08 09:15,2026-09-08 10:30,点検,現地,GP2の表示件数と重なり回避を確認するサンプル予定です。,GP2｜日々・週間・月間
258,GP3 日次確認,2026-09-08 13:00,2026-09-08 13:45,連絡,オンライン,2026-09-08のサンプル予定です。日々・週間・月間表示で使用します。,GP3｜日々・週間・月間
259,GP3 作業調整,2026-09-08 08:15,2026-09-08 09:00,連絡,オンライン,GP3の表示件数と重なり回避を確認するサンプル予定です。,GP3｜日々・週間・月間
260,GP3 品質確認,2026-09-08 09:00,2026-09-08 10:00,点検,現地,GP3の表示件数と重なり回避を確認するサンプル予定です。,GP3｜日々・週間・月間
261,GP3 連絡会,2026-09-08 09:15,2026-09-08 10:30,調整,第1会議室,GP3の表示件数と重なり回避を確認するサンプル予定です。,GP3｜日々・週間・月間
262,GP4 日次確認,2026-09-08 13:45,2026-09-08 14:45,点検,現地,2026-09-08のサンプル予定です。日々・週間・月間表示で使用します。,GP4｜日々・週間・月間
263,GP4 進捗整理,2026-09-08 08:15,2026-09-08 09:00,点検,現地,GP4の表示件数と重なり回避を確認するサンプル予定です。,GP4｜日々・週間・月間
264,GP4 課題確認,2026-09-08 09:00,2026-09-08 10:00,調整,第1会議室,GP4の表示件数と重なり回避を確認するサンプル予定です。,GP4｜日々・週間・月間
265,GP4 定例打合せ,2026-09-08 09:15,2026-09-08 10:30,会議,第2会議室,GP4の表示件数と重なり回避を確認するサンプル予定です。,GP4｜日々・週間・月間
266,GP5 日次確認,2026-09-08 14:30,2026-09-08 15:45,調整,第1会議室,2026-09-08のサンプル予定です。日々・週間・月間表示で使用します。,GP5｜日々・週間・月間
267,GP5 設備確認,2026-09-08 08:15,2026-09-08 09:00,調整,第1会議室,GP5の表示件数と重なり回避を確認するサンプル予定です。,GP5｜日々・週間・月間
268,GP5 運用レビュー,2026-09-08 09:00,2026-09-08 10:00,会議,第2会議室,GP5の表示件数と重なり回避を確認するサンプル予定です。,GP5｜日々・週間・月間
269,GP5 引継ぎ,2026-09-08 09:15,2026-09-08 10:30,確認,作業室,GP5の表示件数と重なり回避を確認するサンプル予定です。,GP5｜日々・週間・月間
270,GP6 日次確認,2026-09-08 08:15,2026-09-08 09:00,会議,第2会議室,2026-09-08のサンプル予定です。日々・週間・月間表示で使用します。,GP6｜日々・週間・月間
271,GP7 日次確認,2026-09-08 09:00,2026-09-08 10:00,確認,作業室,2026-09-08のサンプル予定です。日々・週間・月間表示で使用します。,GP7｜日々・週間・月間
272,GP8 日次確認,2026-09-08 09:45,2026-09-08 11:00,作業,事務室,2026-09-08のサンプル予定です。日々・週間・月間表示で使用します。,GP8｜日々・週間・月間
273,GP1科／GS班 日次確認,2026-09-08 10:30,2026-09-08 11:15,連絡,オンライン,2026-09-08のサンプル予定です。日々・週間・月間表示で使用します。,GP1科／GS班｜日々・週間・月間
274,GP1科／JN班 日次確認,2026-09-08 11:15,2026-09-08 12:15,点検,現地,2026-09-08のサンプル予定です。日々・週間・月間表示で使用します。,GP1科／JN班｜日々・週間・月間
275,GP1科／JH班 日次確認,2026-09-08 12:00,2026-09-08 13:15,調整,第1会議室,2026-09-08のサンプル予定です。日々・週間・月間表示で使用します。,GP1科／JH班｜日々・週間・月間
276,GP2科／UK班 日次確認,2026-09-08 12:45,2026-09-08 13:30,会議,第2会議室,2026-09-08のサンプル予定です。日々・週間・月間表示で使用します。,GP2科／UK班｜日々・週間・月間
277,GP2科／KR班 日次確認,2026-09-08 13:30,2026-09-08 14:30,確認,作業室,2026-09-08のサンプル予定です。日々・週間・月間表示で使用します。,GP2科／KR班｜日々・週間・月間
278,GP3科／KY班 日次確認,2026-09-08 14:15,2026-09-08 15:30,作業,事務室,2026-09-08のサンプル予定です。日々・週間・月間表示で使用します。,GP3科／KY班｜日々・週間・月間
279,GP3科／KK班 日次確認,2026-09-08 08:00,2026-09-08 08:45,連絡,オンライン,2026-09-08のサンプル予定です。日々・週間・月間表示で使用します。,GP3科／KK班｜日々・週間・月間
280,GP3科／SS班 日次確認,2026-09-08 08:45,2026-09-08 09:45,点検,現地,2026-09-08のサンプル予定です。日々・週間・月間表示で使用します。,GP3科／SS班｜日々・週間・月間
281,GP4班／KY班 日次確認,2026-09-08 09:30,2026-09-08 10:45,調整,第1会議室,2026-09-08のサンプル予定です。日々・週間・月間表示で使用します。,GP4班／KY班｜日々・週間・月間
282,GP4班／KY2班 日次確認,2026-09-08 10:15,2026-09-08 11:00,会議,第2会議室,2026-09-08のサンプル予定です。日々・週間・月間表示で使用します。,GP4班／KY2班｜日々・週間・月間
283,GP4班／QY班 日次確認,2026-09-08 11:00,2026-09-08 12:00,確認,作業室,2026-09-08のサンプル予定です。日々・週間・月間表示で使用します。,GP4班／QY班｜日々・週間・月間
284,GP01 日次確認,2026-09-08 11:45,2026-09-08 13:00,作業,事務室,2026-09-08のサンプル予定です。日々・週間・月間表示で使用します。,GP01｜日々・週間・月間
285,GP02 日次確認,2026-09-08 12:30,2026-09-08 13:15,連絡,オンライン,2026-09-08のサンプル予定です。日々・週間・月間表示で使用します。,GP02｜日々・週間・月間
286,GP03 日次確認,2026-09-08 13:15,2026-09-08 14:15,点検,現地,2026-09-08のサンプル予定です。日々・週間・月間表示で使用します。,GP03｜日々・週間・月間
287,GP04 日次確認,2026-09-08 14:00,2026-09-08 15:15,調整,第1会議室,2026-09-08のサンプル予定です。日々・週間・月間表示で使用します。,GP04｜日々・週間・月間
288,GP05 日次確認,2026-09-08 14:45,2026-09-08 15:30,会議,第2会議室,2026-09-08のサンプル予定です。日々・週間・月間表示で使用します。,GP05｜日々・週間・月間
289,GP1 日次確認,2026-09-09 12:00,2026-09-09 13:15,作業,オンライン,2026-09-09のサンプル予定です。日々・週間・月間表示で使用します。,GP1｜日々・週間・月間
290,GP2 日次確認,2026-09-09 12:45,2026-09-09 13:30,連絡,現地,2026-09-09のサンプル予定です。日々・週間・月間表示で使用します。,GP2｜日々・週間・月間
291,GP2 受入確認,2026-09-09 08:15,2026-09-09 09:00,作業,オンライン,GP2の表示件数と重なり回避を確認するサンプル予定です。,GP2｜日々・週間・月間
292,GP2 資料レビュー,2026-09-09 09:00,2026-09-09 10:00,連絡,現地,GP2の表示件数と重なり回避を確認するサンプル予定です。,GP2｜日々・週間・月間
293,GP2 進捗会議,2026-09-09 09:15,2026-09-09 10:30,点検,第1会議室,GP2の表示件数と重なり回避を確認するサンプル予定です。,GP2｜日々・週間・月間
294,GP3 日次確認,2026-09-09 13:30,2026-09-09 14:30,点検,第1会議室,2026-09-09のサンプル予定です。日々・週間・月間表示で使用します。,GP3｜日々・週間・月間
295,GP3 作業調整,2026-09-09 08:15,2026-09-09 09:00,連絡,現地,GP3の表示件数と重なり回避を確認するサンプル予定です。,GP3｜日々・週間・月間
296,GP3 品質確認,2026-09-09 09:00,2026-09-09 10:00,点検,第1会議室,GP3の表示件数と重なり回避を確認するサンプル予定です。,GP3｜日々・週間・月間
297,GP3 連絡会,2026-09-09 09:15,2026-09-09 10:30,調整,第2会議室,GP3の表示件数と重なり回避を確認するサンプル予定です。,GP3｜日々・週間・月間
298,GP4 日次確認,2026-09-09 14:15,2026-09-09 15:30,調整,第2会議室,2026-09-09のサンプル予定です。日々・週間・月間表示で使用します。,GP4｜日々・週間・月間
299,GP4 進捗整理,2026-09-09 08:15,2026-09-09 09:00,点検,第1会議室,GP4の表示件数と重なり回避を確認するサンプル予定です。,GP4｜日々・週間・月間
300,GP4 課題確認,2026-09-09 09:00,2026-09-09 10:00,調整,第2会議室,GP4の表示件数と重なり回避を確認するサンプル予定です。,GP4｜日々・週間・月間
301,GP4 定例打合せ,2026-09-09 09:15,2026-09-09 10:30,会議,作業室,GP4の表示件数と重なり回避を確認するサンプル予定です。,GP4｜日々・週間・月間
302,GP5 日次確認,2026-09-09 08:00,2026-09-09 08:45,会議,作業室,2026-09-09のサンプル予定です。日々・週間・月間表示で使用します。,GP5｜日々・週間・月間
303,GP5 設備確認,2026-09-09 08:15,2026-09-09 09:00,調整,第2会議室,GP5の表示件数と重なり回避を確認するサンプル予定です。,GP5｜日々・週間・月間
304,GP5 運用レビュー,2026-09-09 09:00,2026-09-09 10:00,会議,作業室,GP5の表示件数と重なり回避を確認するサンプル予定です。,GP5｜日々・週間・月間
305,GP5 引継ぎ,2026-09-09 09:15,2026-09-09 10:30,確認,事務室,GP5の表示件数と重なり回避を確認するサンプル予定です。,GP5｜日々・週間・月間
306,GP6 日次確認,2026-09-09 08:45,2026-09-09 09:45,確認,事務室,2026-09-09のサンプル予定です。日々・週間・月間表示で使用します。,GP6｜日々・週間・月間
307,GP7 日次確認,2026-09-09 09:30,2026-09-09 10:45,作業,オンライン,2026-09-09のサンプル予定です。日々・週間・月間表示で使用します。,GP7｜日々・週間・月間
308,GP8 日次確認,2026-09-09 10:15,2026-09-09 11:00,連絡,現地,2026-09-09のサンプル予定です。日々・週間・月間表示で使用します。,GP8｜日々・週間・月間
309,GP1科／GS班 日次確認,2026-09-09 11:00,2026-09-09 12:00,点検,第1会議室,2026-09-09のサンプル予定です。日々・週間・月間表示で使用します。,GP1科／GS班｜日々・週間・月間
310,GP1科／JN班 日次確認,2026-09-09 11:45,2026-09-09 13:00,調整,第2会議室,2026-09-09のサンプル予定です。日々・週間・月間表示で使用します。,GP1科／JN班｜日々・週間・月間
311,GP1科／JH班 日次確認,2026-09-09 12:30,2026-09-09 13:15,会議,作業室,2026-09-09のサンプル予定です。日々・週間・月間表示で使用します。,GP1科／JH班｜日々・週間・月間
312,GP2科／UK班 日次確認,2026-09-09 13:15,2026-09-09 14:15,確認,事務室,2026-09-09のサンプル予定です。日々・週間・月間表示で使用します。,GP2科／UK班｜日々・週間・月間
313,GP2科／KR班 日次確認,2026-09-09 14:00,2026-09-09 15:15,作業,オンライン,2026-09-09のサンプル予定です。日々・週間・月間表示で使用します。,GP2科／KR班｜日々・週間・月間
314,GP3科／KY班 日次確認,2026-09-09 14:45,2026-09-09 15:30,連絡,現地,2026-09-09のサンプル予定です。日々・週間・月間表示で使用します。,GP3科／KY班｜日々・週間・月間
315,GP3科／KK班 日次確認,2026-09-09 08:30,2026-09-09 09:30,点検,第1会議室,2026-09-09のサンプル予定です。日々・週間・月間表示で使用します。,GP3科／KK班｜日々・週間・月間
316,GP3科／SS班 日次確認,2026-09-09 09:15,2026-09-09 10:30,調整,第2会議室,2026-09-09のサンプル予定です。日々・週間・月間表示で使用します。,GP3科／SS班｜日々・週間・月間
317,GP4班／KY班 日次確認,2026-09-09 10:00,2026-09-09 10:45,会議,作業室,2026-09-09のサンプル予定です。日々・週間・月間表示で使用します。,GP4班／KY班｜日々・週間・月間
318,GP4班／KY2班 日次確認,2026-09-09 10:45,2026-09-09 11:45,確認,事務室,2026-09-09のサンプル予定です。日々・週間・月間表示で使用します。,GP4班／KY2班｜日々・週間・月間
319,GP4班／QY班 日次確認,2026-09-09 11:30,2026-09-09 12:45,作業,オンライン,2026-09-09のサンプル予定です。日々・週間・月間表示で使用します。,GP4班／QY班｜日々・週間・月間
320,GP01 日次確認,2026-09-09 12:15,2026-09-09 13:00,連絡,現地,2026-09-09のサンプル予定です。日々・週間・月間表示で使用します。,GP01｜日々・週間・月間
321,GP02 日次確認,2026-09-09 13:00,2026-09-09 14:00,点検,第1会議室,2026-09-09のサンプル予定です。日々・週間・月間表示で使用します。,GP02｜日々・週間・月間
322,GP03 日次確認,2026-09-09 13:45,2026-09-09 15:00,調整,第2会議室,2026-09-09のサンプル予定です。日々・週間・月間表示で使用します。,GP03｜日々・週間・月間
323,GP04 日次確認,2026-09-09 14:30,2026-09-09 15:15,会議,作業室,2026-09-09のサンプル予定です。日々・週間・月間表示で使用します。,GP04｜日々・週間・月間
324,GP05 日次確認,2026-09-09 08:15,2026-09-09 09:15,確認,事務室,2026-09-09のサンプル予定です。日々・週間・月間表示で使用します。,GP05｜日々・週間・月間
325,GP1 日次確認,2026-09-10 12:30,2026-09-10 13:15,連絡,第1会議室,2026-09-10のサンプル予定です。日々・週間・月間表示で使用します。,GP1｜日々・週間・月間
326,GP2 日次確認,2026-09-10 13:15,2026-09-10 14:15,点検,第2会議室,2026-09-10のサンプル予定です。日々・週間・月間表示で使用します。,GP2｜日々・週間・月間
327,GP2 受入確認,2026-09-10 08:15,2026-09-10 09:00,作業,現地,GP2の表示件数と重なり回避を確認するサンプル予定です。,GP2｜日々・週間・月間
328,GP2 資料レビュー,2026-09-10 09:00,2026-09-10 10:00,連絡,第1会議室,GP2の表示件数と重なり回避を確認するサンプル予定です。,GP2｜日々・週間・月間
329,GP2 進捗会議,2026-09-10 09:15,2026-09-10 10:30,点検,第2会議室,GP2の表示件数と重なり回避を確認するサンプル予定です。,GP2｜日々・週間・月間
330,GP3 日次確認,2026-09-10 14:00,2026-09-10 15:15,調整,作業室,2026-09-10のサンプル予定です。日々・週間・月間表示で使用します。,GP3｜日々・週間・月間
331,GP3 作業調整,2026-09-10 08:15,2026-09-10 09:00,連絡,第1会議室,GP3の表示件数と重なり回避を確認するサンプル予定です。,GP3｜日々・週間・月間
332,GP3 品質確認,2026-09-10 09:00,2026-09-10 10:00,点検,第2会議室,GP3の表示件数と重なり回避を確認するサンプル予定です。,GP3｜日々・週間・月間
333,GP3 連絡会,2026-09-10 09:15,2026-09-10 10:30,調整,作業室,GP3の表示件数と重なり回避を確認するサンプル予定です。,GP3｜日々・週間・月間
334,GP4 日次確認,2026-09-10 14:45,2026-09-10 15:30,会議,事務室,2026-09-10のサンプル予定です。日々・週間・月間表示で使用します。,GP4｜日々・週間・月間
335,GP4 進捗整理,2026-09-10 08:15,2026-09-10 09:00,点検,第2会議室,GP4の表示件数と重なり回避を確認するサンプル予定です。,GP4｜日々・週間・月間
336,GP4 課題確認,2026-09-10 09:00,2026-09-10 10:00,調整,作業室,GP4の表示件数と重なり回避を確認するサンプル予定です。,GP4｜日々・週間・月間
337,GP4 定例打合せ,2026-09-10 09:15,2026-09-10 10:30,会議,事務室,GP4の表示件数と重なり回避を確認するサンプル予定です。,GP4｜日々・週間・月間
338,GP5 日次確認,2026-09-10 08:30,2026-09-10 09:30,確認,オンライン,2026-09-10のサンプル予定です。日々・週間・月間表示で使用します。,GP5｜日々・週間・月間
339,GP5 設備確認,2026-09-10 08:15,2026-09-10 09:00,調整,作業室,GP5の表示件数と重なり回避を確認するサンプル予定です。,GP5｜日々・週間・月間
340,GP5 運用レビュー,2026-09-10 09:00,2026-09-10 10:00,会議,事務室,GP5の表示件数と重なり回避を確認するサンプル予定です。,GP5｜日々・週間・月間
341,GP5 引継ぎ,2026-09-10 09:15,2026-09-10 10:30,確認,オンライン,GP5の表示件数と重なり回避を確認するサンプル予定です。,GP5｜日々・週間・月間
342,GP6 日次確認,2026-09-10 09:15,2026-09-10 10:30,作業,現地,2026-09-10のサンプル予定です。日々・週間・月間表示で使用します。,GP6｜日々・週間・月間
343,GP7 日次確認,2026-09-10 10:00,2026-09-10 10:45,連絡,第1会議室,2026-09-10のサンプル予定です。日々・週間・月間表示で使用します。,GP7｜日々・週間・月間
344,GP8 日次確認,2026-09-10 10:45,2026-09-10 11:45,点検,第2会議室,2026-09-10のサンプル予定です。日々・週間・月間表示で使用します。,GP8｜日々・週間・月間
345,GP1科／GS班 日次確認,2026-09-10 11:30,2026-09-10 12:45,調整,作業室,2026-09-10のサンプル予定です。日々・週間・月間表示で使用します。,GP1科／GS班｜日々・週間・月間
346,GP1科／JN班 日次確認,2026-09-10 12:15,2026-09-10 13:00,会議,事務室,2026-09-10のサンプル予定です。日々・週間・月間表示で使用します。,GP1科／JN班｜日々・週間・月間
347,GP1科／JH班 日次確認,2026-09-10 13:00,2026-09-10 14:00,確認,オンライン,2026-09-10のサンプル予定です。日々・週間・月間表示で使用します。,GP1科／JH班｜日々・週間・月間
348,GP2科／UK班 日次確認,2026-09-10 13:45,2026-09-10 15:00,作業,現地,2026-09-10のサンプル予定です。日々・週間・月間表示で使用します。,GP2科／UK班｜日々・週間・月間
349,GP2科／KR班 日次確認,2026-09-10 14:30,2026-09-10 15:15,連絡,第1会議室,2026-09-10のサンプル予定です。日々・週間・月間表示で使用します。,GP2科／KR班｜日々・週間・月間
350,GP3科／KY班 日次確認,2026-09-10 08:15,2026-09-10 09:15,点検,第2会議室,2026-09-10のサンプル予定です。日々・週間・月間表示で使用します。,GP3科／KY班｜日々・週間・月間
351,GP3科／KK班 日次確認,2026-09-10 09:00,2026-09-10 10:15,調整,作業室,2026-09-10のサンプル予定です。日々・週間・月間表示で使用します。,GP3科／KK班｜日々・週間・月間
352,GP3科／SS班 日次確認,2026-09-10 09:45,2026-09-10 10:30,会議,事務室,2026-09-10のサンプル予定です。日々・週間・月間表示で使用します。,GP3科／SS班｜日々・週間・月間
353,GP4班／KY班 日次確認,2026-09-10 10:30,2026-09-10 11:30,確認,オンライン,2026-09-10のサンプル予定です。日々・週間・月間表示で使用します。,GP4班／KY班｜日々・週間・月間
354,GP4班／KY2班 日次確認,2026-09-10 11:15,2026-09-10 12:30,作業,現地,2026-09-10のサンプル予定です。日々・週間・月間表示で使用します。,GP4班／KY2班｜日々・週間・月間
355,GP4班／QY班 日次確認,2026-09-10 12:00,2026-09-10 12:45,連絡,第1会議室,2026-09-10のサンプル予定です。日々・週間・月間表示で使用します。,GP4班／QY班｜日々・週間・月間
356,GP01 日次確認,2026-09-10 12:45,2026-09-10 13:45,点検,第2会議室,2026-09-10のサンプル予定です。日々・週間・月間表示で使用します。,GP01｜日々・週間・月間
357,GP02 日次確認,2026-09-10 13:30,2026-09-10 14:45,調整,作業室,2026-09-10のサンプル予定です。日々・週間・月間表示で使用します。,GP02｜日々・週間・月間
358,GP03 日次確認,2026-09-10 14:15,2026-09-10 15:00,会議,事務室,2026-09-10のサンプル予定です。日々・週間・月間表示で使用します。,GP03｜日々・週間・月間
359,GP04 日次確認,2026-09-10 08:00,2026-09-10 09:00,確認,オンライン,2026-09-10のサンプル予定です。日々・週間・月間表示で使用します。,GP04｜日々・週間・月間
360,GP05 日次確認,2026-09-10 08:45,2026-09-10 10:00,作業,現地,2026-09-10のサンプル予定です。日々・週間・月間表示で使用します。,GP05｜日々・週間・月間
361,GP1 日次確認,2026-09-11 13:00,2026-09-11 14:00,点検,作業室,2026-09-11のサンプル予定です。日々・週間・月間表示で使用します。,GP1｜日々・週間・月間
362,GP2 日次確認,2026-09-11 13:45,2026-09-11 15:00,調整,事務室,2026-09-11のサンプル予定です。日々・週間・月間表示で使用します。,GP2｜日々・週間・月間
363,GP2 受入確認,2026-09-11 08:15,2026-09-11 09:00,作業,第1会議室,GP2の表示件数と重なり回避を確認するサンプル予定です。,GP2｜日々・週間・月間
364,GP2 資料レビュー,2026-09-11 09:00,2026-09-11 10:00,連絡,第2会議室,GP2の表示件数と重なり回避を確認するサンプル予定です。,GP2｜日々・週間・月間
365,GP2 進捗会議,2026-09-11 09:15,2026-09-11 10:30,点検,作業室,GP2の表示件数と重なり回避を確認するサンプル予定です。,GP2｜日々・週間・月間
366,GP3 日次確認,2026-09-11 14:30,2026-09-11 15:15,会議,オンライン,2026-09-11のサンプル予定です。日々・週間・月間表示で使用します。,GP3｜日々・週間・月間
367,GP3 作業調整,2026-09-11 08:15,2026-09-11 09:00,連絡,第2会議室,GP3の表示件数と重なり回避を確認するサンプル予定です。,GP3｜日々・週間・月間
368,GP3 品質確認,2026-09-11 09:00,2026-09-11 10:00,点検,作業室,GP3の表示件数と重なり回避を確認するサンプル予定です。,GP3｜日々・週間・月間
369,GP3 連絡会,2026-09-11 09:15,2026-09-11 10:30,調整,事務室,GP3の表示件数と重なり回避を確認するサンプル予定です。,GP3｜日々・週間・月間
370,GP4 日次確認,2026-09-11 08:15,2026-09-11 09:15,確認,現地,2026-09-11のサンプル予定です。日々・週間・月間表示で使用します。,GP4｜日々・週間・月間
371,GP4 進捗整理,2026-09-11 08:15,2026-09-11 09:00,点検,作業室,GP4の表示件数と重なり回避を確認するサンプル予定です。,GP4｜日々・週間・月間
372,GP4 課題確認,2026-09-11 09:00,2026-09-11 10:00,調整,事務室,GP4の表示件数と重なり回避を確認するサンプル予定です。,GP4｜日々・週間・月間
373,GP4 定例打合せ,2026-09-11 09:15,2026-09-11 10:30,会議,オンライン,GP4の表示件数と重なり回避を確認するサンプル予定です。,GP4｜日々・週間・月間
374,GP5 日次確認,2026-09-11 09:00,2026-09-11 10:15,作業,第1会議室,2026-09-11のサンプル予定です。日々・週間・月間表示で使用します。,GP5｜日々・週間・月間
375,GP5 設備確認,2026-09-11 08:15,2026-09-11 09:00,調整,事務室,GP5の表示件数と重なり回避を確認するサンプル予定です。,GP5｜日々・週間・月間
376,GP5 運用レビュー,2026-09-11 09:00,2026-09-11 10:00,会議,オンライン,GP5の表示件数と重なり回避を確認するサンプル予定です。,GP5｜日々・週間・月間
377,GP5 引継ぎ,2026-09-11 09:15,2026-09-11 10:30,確認,現地,GP5の表示件数と重なり回避を確認するサンプル予定です。,GP5｜日々・週間・月間
378,GP6 日次確認,2026-09-11 09:45,2026-09-11 10:30,連絡,第2会議室,2026-09-11のサンプル予定です。日々・週間・月間表示で使用します。,GP6｜日々・週間・月間
379,GP7 日次確認,2026-09-11 10:30,2026-09-11 11:30,点検,作業室,2026-09-11のサンプル予定です。日々・週間・月間表示で使用します。,GP7｜日々・週間・月間
380,GP8 日次確認,2026-09-11 11:15,2026-09-11 12:30,調整,事務室,2026-09-11のサンプル予定です。日々・週間・月間表示で使用します。,GP8｜日々・週間・月間
381,GP1科／GS班 日次確認,2026-09-11 12:00,2026-09-11 12:45,会議,オンライン,2026-09-11のサンプル予定です。日々・週間・月間表示で使用します。,GP1科／GS班｜日々・週間・月間
382,GP1科／JN班 日次確認,2026-09-11 12:45,2026-09-11 13:45,確認,現地,2026-09-11のサンプル予定です。日々・週間・月間表示で使用します。,GP1科／JN班｜日々・週間・月間
383,GP1科／JH班 日次確認,2026-09-11 13:30,2026-09-11 14:45,作業,第1会議室,2026-09-11のサンプル予定です。日々・週間・月間表示で使用します。,GP1科／JH班｜日々・週間・月間
384,GP2科／UK班 日次確認,2026-09-11 14:15,2026-09-11 15:00,連絡,第2会議室,2026-09-11のサンプル予定です。日々・週間・月間表示で使用します。,GP2科／UK班｜日々・週間・月間
385,GP2科／KR班 日次確認,2026-09-11 08:00,2026-09-11 09:00,点検,作業室,2026-09-11のサンプル予定です。日々・週間・月間表示で使用します。,GP2科／KR班｜日々・週間・月間
386,GP3科／KY班 日次確認,2026-09-11 08:45,2026-09-11 10:00,調整,事務室,2026-09-11のサンプル予定です。日々・週間・月間表示で使用します。,GP3科／KY班｜日々・週間・月間
387,GP3科／KK班 日次確認,2026-09-11 09:30,2026-09-11 10:15,会議,オンライン,2026-09-11のサンプル予定です。日々・週間・月間表示で使用します。,GP3科／KK班｜日々・週間・月間
388,GP3科／SS班 日次確認,2026-09-11 10:15,2026-09-11 11:15,確認,現地,2026-09-11のサンプル予定です。日々・週間・月間表示で使用します。,GP3科／SS班｜日々・週間・月間
389,GP4班／KY班 日次確認,2026-09-11 11:00,2026-09-11 12:15,作業,第1会議室,2026-09-11のサンプル予定です。日々・週間・月間表示で使用します。,GP4班／KY班｜日々・週間・月間
390,GP4班／KY2班 日次確認,2026-09-11 11:45,2026-09-11 12:30,連絡,第2会議室,2026-09-11のサンプル予定です。日々・週間・月間表示で使用します。,GP4班／KY2班｜日々・週間・月間
391,GP4班／QY班 日次確認,2026-09-11 12:30,2026-09-11 13:30,点検,作業室,2026-09-11のサンプル予定です。日々・週間・月間表示で使用します。,GP4班／QY班｜日々・週間・月間
392,GP01 日次確認,2026-09-11 13:15,2026-09-11 14:30,調整,事務室,2026-09-11のサンプル予定です。日々・週間・月間表示で使用します。,GP01｜日々・週間・月間
393,GP02 日次確認,2026-09-11 14:00,2026-09-11 14:45,会議,オンライン,2026-09-11のサンプル予定です。日々・週間・月間表示で使用します。,GP02｜日々・週間・月間
394,GP03 日次確認,2026-09-11 14:45,2026-09-11 15:45,確認,現地,2026-09-11のサンプル予定です。日々・週間・月間表示で使用します。,GP03｜日々・週間・月間
395,GP04 日次確認,2026-09-11 08:30,2026-09-11 09:45,作業,第1会議室,2026-09-11のサンプル予定です。日々・週間・月間表示で使用します。,GP04｜日々・週間・月間
396,GP05 日次確認,2026-09-11 09:15,2026-09-11 10:00,連絡,第2会議室,2026-09-11のサンプル予定です。日々・週間・月間表示で使用します。,GP05｜日々・週間・月間
397,GP1 日次確認,2026-09-12 13:30,2026-09-12 14:45,調整,オンライン,2026-09-12のサンプル予定です。日々・週間・月間表示で使用します。,GP1｜日々・週間・月間
398,GP2 日次確認,2026-09-12 14:15,2026-09-12 15:00,会議,現地,2026-09-12のサンプル予定です。日々・週間・月間表示で使用します。,GP2｜日々・週間・月間
399,GP2 受入確認,2026-09-12 08:15,2026-09-12 09:00,作業,第2会議室,GP2の表示件数と重なり回避を確認するサンプル予定です。,GP2｜日々・週間・月間
400,GP2 資料レビュー,2026-09-12 09:00,2026-09-12 10:00,連絡,作業室,GP2の表示件数と重なり回避を確認するサンプル予定です。,GP2｜日々・週間・月間
401,GP2 進捗会議,2026-09-12 09:15,2026-09-12 10:30,点検,事務室,GP2の表示件数と重なり回避を確認するサンプル予定です。,GP2｜日々・週間・月間
402,GP3 日次確認,2026-09-12 08:00,2026-09-12 09:00,確認,第1会議室,2026-09-12のサンプル予定です。日々・週間・月間表示で使用します。,GP3｜日々・週間・月間
403,GP3 作業調整,2026-09-12 08:15,2026-09-12 09:00,連絡,作業室,GP3の表示件数と重なり回避を確認するサンプル予定です。,GP3｜日々・週間・月間
404,GP3 品質確認,2026-09-12 09:00,2026-09-12 10:00,点検,事務室,GP3の表示件数と重なり回避を確認するサンプル予定です。,GP3｜日々・週間・月間
405,GP3 連絡会,2026-09-12 09:15,2026-09-12 10:30,調整,オンライン,GP3の表示件数と重なり回避を確認するサンプル予定です。,GP3｜日々・週間・月間
406,GP4 日次確認,2026-09-12 08:45,2026-09-12 10:00,作業,第2会議室,2026-09-12のサンプル予定です。日々・週間・月間表示で使用します。,GP4｜日々・週間・月間
407,GP4 進捗整理,2026-09-12 08:15,2026-09-12 09:00,点検,事務室,GP4の表示件数と重なり回避を確認するサンプル予定です。,GP4｜日々・週間・月間
408,GP4 課題確認,2026-09-12 09:00,2026-09-12 10:00,調整,オンライン,GP4の表示件数と重なり回避を確認するサンプル予定です。,GP4｜日々・週間・月間
409,GP4 定例打合せ,2026-09-12 09:15,2026-09-12 10:30,会議,現地,GP4の表示件数と重なり回避を確認するサンプル予定です。,GP4｜日々・週間・月間
410,GP5 日次確認,2026-09-12 09:30,2026-09-12 10:15,連絡,作業室,2026-09-12のサンプル予定です。日々・週間・月間表示で使用します。,GP5｜日々・週間・月間
411,GP5 設備確認,2026-09-12 08:15,2026-09-12 09:00,調整,オンライン,GP5の表示件数と重なり回避を確認するサンプル予定です。,GP5｜日々・週間・月間
412,GP5 運用レビュー,2026-09-12 09:00,2026-09-12 10:00,会議,現地,GP5の表示件数と重なり回避を確認するサンプル予定です。,GP5｜日々・週間・月間
413,GP5 引継ぎ,2026-09-12 09:15,2026-09-12 10:30,確認,第1会議室,GP5の表示件数と重なり回避を確認するサンプル予定です。,GP5｜日々・週間・月間
414,GP6 日次確認,2026-09-12 10:15,2026-09-12 11:15,点検,事務室,2026-09-12のサンプル予定です。日々・週間・月間表示で使用します。,GP6｜日々・週間・月間
415,GP7 日次確認,2026-09-12 11:00,2026-09-12 12:15,調整,オンライン,2026-09-12のサンプル予定です。日々・週間・月間表示で使用します。,GP7｜日々・週間・月間
416,GP8 日次確認,2026-09-12 11:45,2026-09-12 12:30,会議,現地,2026-09-12のサンプル予定です。日々・週間・月間表示で使用します。,GP8｜日々・週間・月間
417,GP1科／GS班 日次確認,2026-09-12 12:30,2026-09-12 13:30,確認,第1会議室,2026-09-12のサンプル予定です。日々・週間・月間表示で使用します。,GP1科／GS班｜日々・週間・月間
418,GP1科／JN班 日次確認,2026-09-12 13:15,2026-09-12 14:30,作業,第2会議室,2026-09-12のサンプル予定です。日々・週間・月間表示で使用します。,GP1科／JN班｜日々・週間・月間
419,GP1科／JH班 日次確認,2026-09-12 14:00,2026-09-12 14:45,連絡,作業室,2026-09-12のサンプル予定です。日々・週間・月間表示で使用します。,GP1科／JH班｜日々・週間・月間
420,GP2科／UK班 日次確認,2026-09-12 14:45,2026-09-12 15:45,点検,事務室,2026-09-12のサンプル予定です。日々・週間・月間表示で使用します。,GP2科／UK班｜日々・週間・月間
421,GP2科／KR班 日次確認,2026-09-12 08:30,2026-09-12 09:45,調整,オンライン,2026-09-12のサンプル予定です。日々・週間・月間表示で使用します。,GP2科／KR班｜日々・週間・月間
422,GP3科／KY班 日次確認,2026-09-12 09:15,2026-09-12 10:00,会議,現地,2026-09-12のサンプル予定です。日々・週間・月間表示で使用します。,GP3科／KY班｜日々・週間・月間
423,GP3科／KK班 日次確認,2026-09-12 10:00,2026-09-12 11:00,確認,第1会議室,2026-09-12のサンプル予定です。日々・週間・月間表示で使用します。,GP3科／KK班｜日々・週間・月間
424,GP3科／SS班 日次確認,2026-09-12 10:45,2026-09-12 12:00,作業,第2会議室,2026-09-12のサンプル予定です。日々・週間・月間表示で使用します。,GP3科／SS班｜日々・週間・月間
425,GP4班／KY班 日次確認,2026-09-12 11:30,2026-09-12 12:15,連絡,作業室,2026-09-12のサンプル予定です。日々・週間・月間表示で使用します。,GP4班／KY班｜日々・週間・月間
426,GP4班／KY2班 日次確認,2026-09-12 12:15,2026-09-12 13:15,点検,事務室,2026-09-12のサンプル予定です。日々・週間・月間表示で使用します。,GP4班／KY2班｜日々・週間・月間
427,GP4班／QY班 日次確認,2026-09-12 13:00,2026-09-12 14:15,調整,オンライン,2026-09-12のサンプル予定です。日々・週間・月間表示で使用します。,GP4班／QY班｜日々・週間・月間
428,GP01 日次確認,2026-09-12 13:45,2026-09-12 14:30,会議,現地,2026-09-12のサンプル予定です。日々・週間・月間表示で使用します。,GP01｜日々・週間・月間
429,GP02 日次確認,2026-09-12 14:30,2026-09-12 15:30,確認,第1会議室,2026-09-12のサンプル予定です。日々・週間・月間表示で使用します。,GP02｜日々・週間・月間
430,GP03 日次確認,2026-09-12 08:15,2026-09-12 09:30,作業,第2会議室,2026-09-12のサンプル予定です。日々・週間・月間表示で使用します。,GP03｜日々・週間・月間
431,GP04 日次確認,2026-09-12 09:00,2026-09-12 09:45,連絡,作業室,2026-09-12のサンプル予定です。日々・週間・月間表示で使用します。,GP04｜日々・週間・月間
432,GP05 日次確認,2026-09-12 09:45,2026-09-12 10:45,点検,事務室,2026-09-12のサンプル予定です。日々・週間・月間表示で使用します。,GP05｜日々・週間・月間
433,GP1 日次確認,2026-09-13 14:00,2026-09-13 14:45,会議,第1会議室,2026-09-13のサンプル予定です。日々・週間・月間表示で使用します。,GP1｜日々・週間・月間
434,GP2 日次確認,2026-09-13 14:45,2026-09-13 15:45,確認,第2会議室,2026-09-13のサンプル予定です。日々・週間・月間表示で使用します。,GP2｜日々・週間・月間
435,GP2 受入確認,2026-09-13 08:15,2026-09-13 09:00,作業,作業室,GP2の表示件数と重なり回避を確認するサンプル予定です。,GP2｜日々・週間・月間
436,GP2 資料レビュー,2026-09-13 09:00,2026-09-13 10:00,連絡,事務室,GP2の表示件数と重なり回避を確認するサンプル予定です。,GP2｜日々・週間・月間
437,GP2 進捗会議,2026-09-13 09:15,2026-09-13 10:30,点検,オンライン,GP2の表示件数と重なり回避を確認するサンプル予定です。,GP2｜日々・週間・月間
438,GP3 日次確認,2026-09-13 08:30,2026-09-13 09:45,作業,作業室,2026-09-13のサンプル予定です。日々・週間・月間表示で使用します。,GP3｜日々・週間・月間
439,GP3 作業調整,2026-09-13 08:15,2026-09-13 09:00,連絡,事務室,GP3の表示件数と重なり回避を確認するサンプル予定です。,GP3｜日々・週間・月間
440,GP3 品質確認,2026-09-13 09:00,2026-09-13 10:00,点検,オンライン,GP3の表示件数と重なり回避を確認するサンプル予定です。,GP3｜日々・週間・月間
441,GP3 連絡会,2026-09-13 09:15,2026-09-13 10:30,調整,現地,GP3の表示件数と重なり回避を確認するサンプル予定です。,GP3｜日々・週間・月間
442,GP4 日次確認,2026-09-13 09:15,2026-09-13 10:00,連絡,事務室,2026-09-13のサンプル予定です。日々・週間・月間表示で使用します。,GP4｜日々・週間・月間
443,GP4 進捗整理,2026-09-13 08:15,2026-09-13 09:00,点検,オンライン,GP4の表示件数と重なり回避を確認するサンプル予定です。,GP4｜日々・週間・月間
444,GP4 課題確認,2026-09-13 09:00,2026-09-13 10:00,調整,現地,GP4の表示件数と重なり回避を確認するサンプル予定です。,GP4｜日々・週間・月間
445,GP4 定例打合せ,2026-09-13 09:15,2026-09-13 10:30,会議,第1会議室,GP4の表示件数と重なり回避を確認するサンプル予定です。,GP4｜日々・週間・月間
446,GP5 日次確認,2026-09-13 10:00,2026-09-13 11:00,点検,オンライン,2026-09-13のサンプル予定です。日々・週間・月間表示で使用します。,GP5｜日々・週間・月間
447,GP5 設備確認,2026-09-13 08:15,2026-09-13 09:00,調整,現地,GP5の表示件数と重なり回避を確認するサンプル予定です。,GP5｜日々・週間・月間
448,GP5 運用レビュー,2026-09-13 09:00,2026-09-13 10:00,会議,第1会議室,GP5の表示件数と重なり回避を確認するサンプル予定です。,GP5｜日々・週間・月間
449,GP5 引継ぎ,2026-09-13 09:15,2026-09-13 10:30,確認,第2会議室,GP5の表示件数と重なり回避を確認するサンプル予定です。,GP5｜日々・週間・月間
450,GP6 日次確認,2026-09-13 10:45,2026-09-13 12:00,調整,現地,2026-09-13のサンプル予定です。日々・週間・月間表示で使用します。,GP6｜日々・週間・月間
451,GP7 日次確認,2026-09-13 11:30,2026-09-13 12:15,会議,第1会議室,2026-09-13のサンプル予定です。日々・週間・月間表示で使用します。,GP7｜日々・週間・月間
452,GP8 日次確認,2026-09-13 12:15,2026-09-13 13:15,確認,第2会議室,2026-09-13のサンプル予定です。日々・週間・月間表示で使用します。,GP8｜日々・週間・月間
453,GP1科／GS班 日次確認,2026-09-13 13:00,2026-09-13 14:15,作業,作業室,2026-09-13のサンプル予定です。日々・週間・月間表示で使用します。,GP1科／GS班｜日々・週間・月間
454,GP1科／JN班 日次確認,2026-09-13 13:45,2026-09-13 14:30,連絡,事務室,2026-09-13のサンプル予定です。日々・週間・月間表示で使用します。,GP1科／JN班｜日々・週間・月間
455,GP1科／JH班 日次確認,2026-09-13 14:30,2026-09-13 15:30,点検,オンライン,2026-09-13のサンプル予定です。日々・週間・月間表示で使用します。,GP1科／JH班｜日々・週間・月間
456,GP2科／UK班 日次確認,2026-09-13 08:15,2026-09-13 09:30,調整,現地,2026-09-13のサンプル予定です。日々・週間・月間表示で使用します。,GP2科／UK班｜日々・週間・月間
457,GP2科／KR班 日次確認,2026-09-13 09:00,2026-09-13 09:45,会議,第1会議室,2026-09-13のサンプル予定です。日々・週間・月間表示で使用します。,GP2科／KR班｜日々・週間・月間
458,GP3科／KY班 日次確認,2026-09-13 09:45,2026-09-13 10:45,確認,第2会議室,2026-09-13のサンプル予定です。日々・週間・月間表示で使用します。,GP3科／KY班｜日々・週間・月間
459,GP3科／KK班 日次確認,2026-09-13 10:30,2026-09-13 11:45,作業,作業室,2026-09-13のサンプル予定です。日々・週間・月間表示で使用します。,GP3科／KK班｜日々・週間・月間
460,GP3科／SS班 日次確認,2026-09-13 11:15,2026-09-13 12:00,連絡,事務室,2026-09-13のサンプル予定です。日々・週間・月間表示で使用します。,GP3科／SS班｜日々・週間・月間
461,GP4班／KY班 日次確認,2026-09-13 12:00,2026-09-13 13:00,点検,オンライン,2026-09-13のサンプル予定です。日々・週間・月間表示で使用します。,GP4班／KY班｜日々・週間・月間
462,GP4班／KY2班 日次確認,2026-09-13 12:45,2026-09-13 14:00,調整,現地,2026-09-13のサンプル予定です。日々・週間・月間表示で使用します。,GP4班／KY2班｜日々・週間・月間
463,GP4班／QY班 日次確認,2026-09-13 13:30,2026-09-13 14:15,会議,第1会議室,2026-09-13のサンプル予定です。日々・週間・月間表示で使用します。,GP4班／QY班｜日々・週間・月間
464,GP01 日次確認,2026-09-13 14:15,2026-09-13 15:15,確認,第2会議室,2026-09-13のサンプル予定です。日々・週間・月間表示で使用します。,GP01｜日々・週間・月間
465,GP02 日次確認,2026-09-13 08:00,2026-09-13 09:15,作業,作業室,2026-09-13のサンプル予定です。日々・週間・月間表示で使用します。,GP02｜日々・週間・月間
466,GP03 日次確認,2026-09-13 08:45,2026-09-13 09:30,連絡,事務室,2026-09-13のサンプル予定です。日々・週間・月間表示で使用します。,GP03｜日々・週間・月間
467,GP04 日次確認,2026-09-13 09:30,2026-09-13 10:30,点検,オンライン,2026-09-13のサンプル予定です。日々・週間・月間表示で使用します。,GP04｜日々・週間・月間
468,GP05 日次確認,2026-09-13 10:15,2026-09-13 11:30,調整,現地,2026-09-13のサンプル予定です。日々・週間・月間表示で使用します。,GP05｜日々・週間・月間
469,GP1 日次確認,2026-09-14 14:30,2026-09-14 15:30,確認,作業室,2026-09-14のサンプル予定です。日々・週間・月間表示で使用します。,GP1｜日々・週間・月間
470,GP2 日次確認,2026-09-14 08:15,2026-09-14 09:30,作業,事務室,2026-09-14のサンプル予定です。日々・週間・月間表示で使用します。,GP2｜日々・週間・月間
471,GP2 受入確認,2026-09-14 08:15,2026-09-14 09:00,作業,事務室,GP2の表示件数と重なり回避を確認するサンプル予定です。,GP2｜日々・週間・月間
472,GP2 資料レビュー,2026-09-14 09:00,2026-09-14 10:00,連絡,オンライン,GP2の表示件数と重なり回避を確認するサンプル予定です。,GP2｜日々・週間・月間
473,GP2 進捗会議,2026-09-14 09:15,2026-09-14 10:30,点検,現地,GP2の表示件数と重なり回避を確認するサンプル予定です。,GP2｜日々・週間・月間
474,GP3 日次確認,2026-09-14 09:00,2026-09-14 09:45,連絡,オンライン,2026-09-14のサンプル予定です。日々・週間・月間表示で使用します。,GP3｜日々・週間・月間
475,GP3 作業調整,2026-09-14 08:15,2026-09-14 09:00,連絡,オンライン,GP3の表示件数と重なり回避を確認するサンプル予定です。,GP3｜日々・週間・月間
476,GP3 品質確認,2026-09-14 09:00,2026-09-14 10:00,点検,現地,GP3の表示件数と重なり回避を確認するサンプル予定です。,GP3｜日々・週間・月間
477,GP3 連絡会,2026-09-14 09:15,2026-09-14 10:30,調整,第1会議室,GP3の表示件数と重なり回避を確認するサンプル予定です。,GP3｜日々・週間・月間
478,GP4 日次確認,2026-09-14 09:45,2026-09-14 10:45,点検,現地,2026-09-14のサンプル予定です。日々・週間・月間表示で使用します。,GP4｜日々・週間・月間
479,GP4 進捗整理,2026-09-14 08:15,2026-09-14 09:00,点検,現地,GP4の表示件数と重なり回避を確認するサンプル予定です。,GP4｜日々・週間・月間
480,GP4 課題確認,2026-09-14 09:00,2026-09-14 10:00,調整,第1会議室,GP4の表示件数と重なり回避を確認するサンプル予定です。,GP4｜日々・週間・月間
481,GP4 定例打合せ,2026-09-14 09:15,2026-09-14 10:30,会議,第2会議室,GP4の表示件数と重なり回避を確認するサンプル予定です。,GP4｜日々・週間・月間
482,GP5 日次確認,2026-09-14 10:30,2026-09-14 11:45,調整,第1会議室,2026-09-14のサンプル予定です。日々・週間・月間表示で使用します。,GP5｜日々・週間・月間
483,GP5 設備確認,2026-09-14 08:15,2026-09-14 09:00,調整,第1会議室,GP5の表示件数と重なり回避を確認するサンプル予定です。,GP5｜日々・週間・月間
484,GP5 運用レビュー,2026-09-14 09:00,2026-09-14 10:00,会議,第2会議室,GP5の表示件数と重なり回避を確認するサンプル予定です。,GP5｜日々・週間・月間
485,GP5 引継ぎ,2026-09-14 09:15,2026-09-14 10:30,確認,作業室,GP5の表示件数と重なり回避を確認するサンプル予定です。,GP5｜日々・週間・月間
486,GP6 日次確認,2026-09-14 11:15,2026-09-14 12:00,会議,第2会議室,2026-09-14のサンプル予定です。日々・週間・月間表示で使用します。,GP6｜日々・週間・月間
487,GP7 日次確認,2026-09-14 12:00,2026-09-14 13:00,確認,作業室,2026-09-14のサンプル予定です。日々・週間・月間表示で使用します。,GP7｜日々・週間・月間
488,GP8 日次確認,2026-09-14 12:45,2026-09-14 14:00,作業,事務室,2026-09-14のサンプル予定です。日々・週間・月間表示で使用します。,GP8｜日々・週間・月間
489,GP1科／GS班 日次確認,2026-09-14 13:30,2026-09-14 14:15,連絡,オンライン,2026-09-14のサンプル予定です。日々・週間・月間表示で使用します。,GP1科／GS班｜日々・週間・月間
490,GP1科／JN班 日次確認,2026-09-14 14:15,2026-09-14 15:15,点検,現地,2026-09-14のサンプル予定です。日々・週間・月間表示で使用します。,GP1科／JN班｜日々・週間・月間
491,GP1科／JH班 日次確認,2026-09-14 08:00,2026-09-14 09:15,調整,第1会議室,2026-09-14のサンプル予定です。日々・週間・月間表示で使用します。,GP1科／JH班｜日々・週間・月間
492,GP2科／UK班 日次確認,2026-09-14 08:45,2026-09-14 09:30,会議,第2会議室,2026-09-14のサンプル予定です。日々・週間・月間表示で使用します。,GP2科／UK班｜日々・週間・月間
493,GP2科／KR班 日次確認,2026-09-14 09:30,2026-09-14 10:30,確認,作業室,2026-09-14のサンプル予定です。日々・週間・月間表示で使用します。,GP2科／KR班｜日々・週間・月間
494,GP3科／KY班 日次確認,2026-09-14 10:15,2026-09-14 11:30,作業,事務室,2026-09-14のサンプル予定です。日々・週間・月間表示で使用します。,GP3科／KY班｜日々・週間・月間
495,GP3科／KK班 日次確認,2026-09-14 11:00,2026-09-14 11:45,連絡,オンライン,2026-09-14のサンプル予定です。日々・週間・月間表示で使用します。,GP3科／KK班｜日々・週間・月間
496,GP3科／SS班 日次確認,2026-09-14 11:45,2026-09-14 12:45,点検,現地,2026-09-14のサンプル予定です。日々・週間・月間表示で使用します。,GP3科／SS班｜日々・週間・月間
497,GP4班／KY班 日次確認,2026-09-14 12:30,2026-09-14 13:45,調整,第1会議室,2026-09-14のサンプル予定です。日々・週間・月間表示で使用します。,GP4班／KY班｜日々・週間・月間
498,GP4班／KY2班 日次確認,2026-09-14 13:15,2026-09-14 14:00,会議,第2会議室,2026-09-14のサンプル予定です。日々・週間・月間表示で使用します。,GP4班／KY2班｜日々・週間・月間
499,GP4班／QY班 日次確認,2026-09-14 14:00,2026-09-14 15:00,確認,作業室,2026-09-14のサンプル予定です。日々・週間・月間表示で使用します。,GP4班／QY班｜日々・週間・月間
500,GP01 日次確認,2026-09-14 14:45,2026-09-14 16:00,作業,事務室,2026-09-14のサンプル予定です。日々・週間・月間表示で使用します。,GP01｜日々・週間・月間
501,GP02 日次確認,2026-09-14 08:30,2026-09-14 09:15,連絡,オンライン,2026-09-14のサンプル予定です。日々・週間・月間表示で使用します。,GP02｜日々・週間・月間
502,GP03 日次確認,2026-09-14 09:15,2026-09-14 10:15,点検,現地,2026-09-14のサンプル予定です。日々・週間・月間表示で使用します。,GP03｜日々・週間・月間
503,GP04 日次確認,2026-09-14 10:00,2026-09-14 11:15,調整,第1会議室,2026-09-14のサンプル予定です。日々・週間・月間表示で使用します。,GP04｜日々・週間・月間
504,GP05 日次確認,2026-09-14 10:45,2026-09-14 11:30,会議,第2会議室,2026-09-14のサンプル予定です。日々・週間・月間表示で使用します。,GP05｜日々・週間・月間
505,GP1 日次確認,2026-09-15 08:00,2026-09-15 09:15,作業,オンライン,2026-09-15のサンプル予定です。日々・週間・月間表示で使用します。,GP1｜日々・週間・月間
506,GP2 日次確認,2026-09-15 08:45,2026-09-15 09:30,連絡,現地,2026-09-15のサンプル予定です。日々・週間・月間表示で使用します。,GP2｜日々・週間・月間
507,GP2 受入確認,2026-09-15 08:15,2026-09-15 09:00,作業,オンライン,GP2の表示件数と重なり回避を確認するサンプル予定です。,GP2｜日々・週間・月間
508,GP2 資料レビュー,2026-09-15 09:00,2026-09-15 10:00,連絡,現地,GP2の表示件数と重なり回避を確認するサンプル予定です。,GP2｜日々・週間・月間
509,GP2 進捗会議,2026-09-15 09:15,2026-09-15 10:30,点検,第1会議室,GP2の表示件数と重なり回避を確認するサンプル予定です。,GP2｜日々・週間・月間
510,GP3 日次確認,2026-09-15 09:30,2026-09-15 10:30,点検,第1会議室,2026-09-15のサンプル予定です。日々・週間・月間表示で使用します。,GP3｜日々・週間・月間
511,GP3 作業調整,2026-09-15 08:15,2026-09-15 09:00,連絡,現地,GP3の表示件数と重なり回避を確認するサンプル予定です。,GP3｜日々・週間・月間
512,GP3 品質確認,2026-09-15 09:00,2026-09-15 10:00,点検,第1会議室,GP3の表示件数と重なり回避を確認するサンプル予定です。,GP3｜日々・週間・月間
513,GP3 連絡会,2026-09-15 09:15,2026-09-15 10:30,調整,第2会議室,GP3の表示件数と重なり回避を確認するサンプル予定です。,GP3｜日々・週間・月間
514,GP4 日次確認,2026-09-15 10:15,2026-09-15 11:30,調整,第2会議室,2026-09-15のサンプル予定です。日々・週間・月間表示で使用します。,GP4｜日々・週間・月間
515,GP4 進捗整理,2026-09-15 08:15,2026-09-15 09:00,点検,第1会議室,GP4の表示件数と重なり回避を確認するサンプル予定です。,GP4｜日々・週間・月間
516,GP4 課題確認,2026-09-15 09:00,2026-09-15 10:00,調整,第2会議室,GP4の表示件数と重なり回避を確認するサンプル予定です。,GP4｜日々・週間・月間
517,GP4 定例打合せ,2026-09-15 09:15,2026-09-15 10:30,会議,作業室,GP4の表示件数と重なり回避を確認するサンプル予定です。,GP4｜日々・週間・月間
518,GP5 日次確認,2026-09-15 11:00,2026-09-15 11:45,会議,作業室,2026-09-15のサンプル予定です。日々・週間・月間表示で使用します。,GP5｜日々・週間・月間
519,GP5 設備確認,2026-09-15 08:15,2026-09-15 09:00,調整,第2会議室,GP5の表示件数と重なり回避を確認するサンプル予定です。,GP5｜日々・週間・月間
520,GP5 運用レビュー,2026-09-15 09:00,2026-09-15 10:00,会議,作業室,GP5の表示件数と重なり回避を確認するサンプル予定です。,GP5｜日々・週間・月間
521,GP5 引継ぎ,2026-09-15 09:15,2026-09-15 10:30,確認,事務室,GP5の表示件数と重なり回避を確認するサンプル予定です。,GP5｜日々・週間・月間
522,GP6 日次確認,2026-09-15 11:45,2026-09-15 12:45,確認,事務室,2026-09-15のサンプル予定です。日々・週間・月間表示で使用します。,GP6｜日々・週間・月間
523,GP7 日次確認,2026-09-15 12:30,2026-09-15 13:45,作業,オンライン,2026-09-15のサンプル予定です。日々・週間・月間表示で使用します。,GP7｜日々・週間・月間
524,GP8 日次確認,2026-09-15 13:15,2026-09-15 14:00,連絡,現地,2026-09-15のサンプル予定です。日々・週間・月間表示で使用します。,GP8｜日々・週間・月間
525,GP1科／GS班 日次確認,2026-09-15 14:00,2026-09-15 15:00,点検,第1会議室,2026-09-15のサンプル予定です。日々・週間・月間表示で使用します。,GP1科／GS班｜日々・週間・月間
526,GP1科／JN班 日次確認,2026-09-15 14:45,2026-09-15 16:00,調整,第2会議室,2026-09-15のサンプル予定です。日々・週間・月間表示で使用します。,GP1科／JN班｜日々・週間・月間
527,GP1科／JH班 日次確認,2026-09-15 08:30,2026-09-15 09:15,会議,作業室,2026-09-15のサンプル予定です。日々・週間・月間表示で使用します。,GP1科／JH班｜日々・週間・月間
528,GP2科／UK班 日次確認,2026-09-15 09:15,2026-09-15 10:15,確認,事務室,2026-09-15のサンプル予定です。日々・週間・月間表示で使用します。,GP2科／UK班｜日々・週間・月間
529,GP2科／KR班 日次確認,2026-09-15 10:00,2026-09-15 11:15,作業,オンライン,2026-09-15のサンプル予定です。日々・週間・月間表示で使用します。,GP2科／KR班｜日々・週間・月間
530,GP3科／KY班 日次確認,2026-09-15 10:45,2026-09-15 11:30,連絡,現地,2026-09-15のサンプル予定です。日々・週間・月間表示で使用します。,GP3科／KY班｜日々・週間・月間
531,GP3科／KK班 日次確認,2026-09-15 11:30,2026-09-15 12:30,点検,第1会議室,2026-09-15のサンプル予定です。日々・週間・月間表示で使用します。,GP3科／KK班｜日々・週間・月間
532,GP3科／SS班 日次確認,2026-09-15 12:15,2026-09-15 13:30,調整,第2会議室,2026-09-15のサンプル予定です。日々・週間・月間表示で使用します。,GP3科／SS班｜日々・週間・月間
533,GP4班／KY班 日次確認,2026-09-15 13:00,2026-09-15 13:45,会議,作業室,2026-09-15のサンプル予定です。日々・週間・月間表示で使用します。,GP4班／KY班｜日々・週間・月間
534,GP4班／KY2班 日次確認,2026-09-15 13:45,2026-09-15 14:45,確認,事務室,2026-09-15のサンプル予定です。日々・週間・月間表示で使用します。,GP4班／KY2班｜日々・週間・月間
535,GP4班／QY班 日次確認,2026-09-15 14:30,2026-09-15 15:45,作業,オンライン,2026-09-15のサンプル予定です。日々・週間・月間表示で使用します。,GP4班／QY班｜日々・週間・月間
536,GP01 日次確認,2026-09-15 08:15,2026-09-15 09:00,連絡,現地,2026-09-15のサンプル予定です。日々・週間・月間表示で使用します。,GP01｜日々・週間・月間
537,GP02 日次確認,2026-09-15 09:00,2026-09-15 10:00,点検,第1会議室,2026-09-15のサンプル予定です。日々・週間・月間表示で使用します。,GP02｜日々・週間・月間
538,GP03 日次確認,2026-09-15 09:45,2026-09-15 11:00,調整,第2会議室,2026-09-15のサンプル予定です。日々・週間・月間表示で使用します。,GP03｜日々・週間・月間
539,GP04 日次確認,2026-09-15 10:30,2026-09-15 11:15,会議,作業室,2026-09-15のサンプル予定です。日々・週間・月間表示で使用します。,GP04｜日々・週間・月間
540,GP05 日次確認,2026-09-15 11:15,2026-09-15 12:15,確認,事務室,2026-09-15のサンプル予定です。日々・週間・月間表示で使用します。,GP05｜日々・週間・月間
541,GP1 日次確認,2026-09-16 08:30,2026-09-16 09:15,連絡,第1会議室,2026-09-16のサンプル予定です。日々・週間・月間表示で使用します。,GP1｜日々・週間・月間
542,GP2 日次確認,2026-09-16 09:15,2026-09-16 10:15,点検,第2会議室,2026-09-16のサンプル予定です。日々・週間・月間表示で使用します。,GP2｜日々・週間・月間
543,GP2 受入確認,2026-09-16 08:15,2026-09-16 09:00,作業,現地,GP2の表示件数と重なり回避を確認するサンプル予定です。,GP2｜日々・週間・月間
544,GP2 資料レビュー,2026-09-16 09:00,2026-09-16 10:00,連絡,第1会議室,GP2の表示件数と重なり回避を確認するサンプル予定です。,GP2｜日々・週間・月間
545,GP2 進捗会議,2026-09-16 09:15,2026-09-16 10:30,点検,第2会議室,GP2の表示件数と重なり回避を確認するサンプル予定です。,GP2｜日々・週間・月間
546,GP3 日次確認,2026-09-16 10:00,2026-09-16 11:15,調整,作業室,2026-09-16のサンプル予定です。日々・週間・月間表示で使用します。,GP3｜日々・週間・月間
547,GP3 作業調整,2026-09-16 08:15,2026-09-16 09:00,連絡,第1会議室,GP3の表示件数と重なり回避を確認するサンプル予定です。,GP3｜日々・週間・月間
548,GP3 品質確認,2026-09-16 09:00,2026-09-16 10:00,点検,第2会議室,GP3の表示件数と重なり回避を確認するサンプル予定です。,GP3｜日々・週間・月間
549,GP3 連絡会,2026-09-16 09:15,2026-09-16 10:30,調整,作業室,GP3の表示件数と重なり回避を確認するサンプル予定です。,GP3｜日々・週間・月間
550,GP4 日次確認,2026-09-16 10:45,2026-09-16 11:30,会議,事務室,2026-09-16のサンプル予定です。日々・週間・月間表示で使用します。,GP4｜日々・週間・月間
551,GP4 進捗整理,2026-09-16 08:15,2026-09-16 09:00,点検,第2会議室,GP4の表示件数と重なり回避を確認するサンプル予定です。,GP4｜日々・週間・月間
552,GP4 課題確認,2026-09-16 09:00,2026-09-16 10:00,調整,作業室,GP4の表示件数と重なり回避を確認するサンプル予定です。,GP4｜日々・週間・月間
553,GP4 定例打合せ,2026-09-16 09:15,2026-09-16 10:30,会議,事務室,GP4の表示件数と重なり回避を確認するサンプル予定です。,GP4｜日々・週間・月間
554,GP5 日次確認,2026-09-16 11:30,2026-09-16 12:30,確認,オンライン,2026-09-16のサンプル予定です。日々・週間・月間表示で使用します。,GP5｜日々・週間・月間
555,GP5 設備確認,2026-09-16 08:15,2026-09-16 09:00,調整,作業室,GP5の表示件数と重なり回避を確認するサンプル予定です。,GP5｜日々・週間・月間
556,GP5 運用レビュー,2026-09-16 09:00,2026-09-16 10:00,会議,事務室,GP5の表示件数と重なり回避を確認するサンプル予定です。,GP5｜日々・週間・月間
557,GP5 引継ぎ,2026-09-16 09:15,2026-09-16 10:30,確認,オンライン,GP5の表示件数と重なり回避を確認するサンプル予定です。,GP5｜日々・週間・月間
558,GP6 日次確認,2026-09-16 12:15,2026-09-16 13:30,作業,現地,2026-09-16のサンプル予定です。日々・週間・月間表示で使用します。,GP6｜日々・週間・月間
559,GP7 日次確認,2026-09-16 13:00,2026-09-16 13:45,連絡,第1会議室,2026-09-16のサンプル予定です。日々・週間・月間表示で使用します。,GP7｜日々・週間・月間
560,GP8 日次確認,2026-09-16 13:45,2026-09-16 14:45,点検,第2会議室,2026-09-16のサンプル予定です。日々・週間・月間表示で使用します。,GP8｜日々・週間・月間
561,GP1科／GS班 日次確認,2026-09-16 14:30,2026-09-16 15:45,調整,作業室,2026-09-16のサンプル予定です。日々・週間・月間表示で使用します。,GP1科／GS班｜日々・週間・月間
562,GP1科／JN班 日次確認,2026-09-16 08:15,2026-09-16 09:00,会議,事務室,2026-09-16のサンプル予定です。日々・週間・月間表示で使用します。,GP1科／JN班｜日々・週間・月間
563,GP1科／JH班 日次確認,2026-09-16 09:00,2026-09-16 10:00,確認,オンライン,2026-09-16のサンプル予定です。日々・週間・月間表示で使用します。,GP1科／JH班｜日々・週間・月間
564,GP2科／UK班 日次確認,2026-09-16 09:45,2026-09-16 11:00,作業,現地,2026-09-16のサンプル予定です。日々・週間・月間表示で使用します。,GP2科／UK班｜日々・週間・月間
565,GP2科／KR班 日次確認,2026-09-16 10:30,2026-09-16 11:15,連絡,第1会議室,2026-09-16のサンプル予定です。日々・週間・月間表示で使用します。,GP2科／KR班｜日々・週間・月間
566,GP3科／KY班 日次確認,2026-09-16 11:15,2026-09-16 12:15,点検,第2会議室,2026-09-16のサンプル予定です。日々・週間・月間表示で使用します。,GP3科／KY班｜日々・週間・月間
567,GP3科／KK班 日次確認,2026-09-16 12:00,2026-09-16 13:15,調整,作業室,2026-09-16のサンプル予定です。日々・週間・月間表示で使用します。,GP3科／KK班｜日々・週間・月間
568,GP3科／SS班 日次確認,2026-09-16 12:45,2026-09-16 13:30,会議,事務室,2026-09-16のサンプル予定です。日々・週間・月間表示で使用します。,GP3科／SS班｜日々・週間・月間
569,GP4班／KY班 日次確認,2026-09-16 13:30,2026-09-16 14:30,確認,オンライン,2026-09-16のサンプル予定です。日々・週間・月間表示で使用します。,GP4班／KY班｜日々・週間・月間
570,GP4班／KY2班 日次確認,2026-09-16 14:15,2026-09-16 15:30,作業,現地,2026-09-16のサンプル予定です。日々・週間・月間表示で使用します。,GP4班／KY2班｜日々・週間・月間
571,GP4班／QY班 日次確認,2026-09-16 08:00,2026-09-16 08:45,連絡,第1会議室,2026-09-16のサンプル予定です。日々・週間・月間表示で使用します。,GP4班／QY班｜日々・週間・月間
572,GP01 日次確認,2026-09-16 08:45,2026-09-16 09:45,点検,第2会議室,2026-09-16のサンプル予定です。日々・週間・月間表示で使用します。,GP01｜日々・週間・月間
573,GP02 日次確認,2026-09-16 09:30,2026-09-16 10:45,調整,作業室,2026-09-16のサンプル予定です。日々・週間・月間表示で使用します。,GP02｜日々・週間・月間
574,GP03 日次確認,2026-09-16 10:15,2026-09-16 11:00,会議,事務室,2026-09-16のサンプル予定です。日々・週間・月間表示で使用します。,GP03｜日々・週間・月間
575,GP04 日次確認,2026-09-16 11:00,2026-09-16 12:00,確認,オンライン,2026-09-16のサンプル予定です。日々・週間・月間表示で使用します。,GP04｜日々・週間・月間
576,GP05 日次確認,2026-09-16 11:45,2026-09-16 13:00,作業,現地,2026-09-16のサンプル予定です。日々・週間・月間表示で使用します。,GP05｜日々・週間・月間
577,GP1 日次確認,2026-09-17 09:00,2026-09-17 10:00,点検,作業室,2026-09-17のサンプル予定です。日々・週間・月間表示で使用します。,GP1｜日々・週間・月間
578,GP2 日次確認,2026-09-17 09:45,2026-09-17 11:00,調整,事務室,2026-09-17のサンプル予定です。日々・週間・月間表示で使用します。,GP2｜日々・週間・月間
579,GP2 受入確認,2026-09-17 08:15,2026-09-17 09:00,作業,第1会議室,GP2の表示件数と重なり回避を確認するサンプル予定です。,GP2｜日々・週間・月間
580,GP2 資料レビュー,2026-09-17 09:00,2026-09-17 10:00,連絡,第2会議室,GP2の表示件数と重なり回避を確認するサンプル予定です。,GP2｜日々・週間・月間
581,GP2 進捗会議,2026-09-17 09:15,2026-09-17 10:30,点検,作業室,GP2の表示件数と重なり回避を確認するサンプル予定です。,GP2｜日々・週間・月間
582,GP3 日次確認,2026-09-17 10:30,2026-09-17 11:15,会議,オンライン,2026-09-17のサンプル予定です。日々・週間・月間表示で使用します。,GP3｜日々・週間・月間
583,GP3 作業調整,2026-09-17 08:15,2026-09-17 09:00,連絡,第2会議室,GP3の表示件数と重なり回避を確認するサンプル予定です。,GP3｜日々・週間・月間
584,GP3 品質確認,2026-09-17 09:00,2026-09-17 10:00,点検,作業室,GP3の表示件数と重なり回避を確認するサンプル予定です。,GP3｜日々・週間・月間
585,GP3 連絡会,2026-09-17 09:15,2026-09-17 10:30,調整,事務室,GP3の表示件数と重なり回避を確認するサンプル予定です。,GP3｜日々・週間・月間
586,GP4 日次確認,2026-09-17 11:15,2026-09-17 12:15,確認,現地,2026-09-17のサンプル予定です。日々・週間・月間表示で使用します。,GP4｜日々・週間・月間
587,GP4 進捗整理,2026-09-17 08:15,2026-09-17 09:00,点検,作業室,GP4の表示件数と重なり回避を確認するサンプル予定です。,GP4｜日々・週間・月間
588,GP4 課題確認,2026-09-17 09:00,2026-09-17 10:00,調整,事務室,GP4の表示件数と重なり回避を確認するサンプル予定です。,GP4｜日々・週間・月間
589,GP4 定例打合せ,2026-09-17 09:15,2026-09-17 10:30,会議,オンライン,GP4の表示件数と重なり回避を確認するサンプル予定です。,GP4｜日々・週間・月間
590,GP5 日次確認,2026-09-17 12:00,2026-09-17 13:15,作業,第1会議室,2026-09-17のサンプル予定です。日々・週間・月間表示で使用します。,GP5｜日々・週間・月間
591,GP5 設備確認,2026-09-17 08:15,2026-09-17 09:00,調整,事務室,GP5の表示件数と重なり回避を確認するサンプル予定です。,GP5｜日々・週間・月間
592,GP5 運用レビュー,2026-09-17 09:00,2026-09-17 10:00,会議,オンライン,GP5の表示件数と重なり回避を確認するサンプル予定です。,GP5｜日々・週間・月間
593,GP5 引継ぎ,2026-09-17 09:15,2026-09-17 10:30,確認,現地,GP5の表示件数と重なり回避を確認するサンプル予定です。,GP5｜日々・週間・月間
594,GP6 日次確認,2026-09-17 12:45,2026-09-17 13:30,連絡,第2会議室,2026-09-17のサンプル予定です。日々・週間・月間表示で使用します。,GP6｜日々・週間・月間
595,GP7 日次確認,2026-09-17 13:30,2026-09-17 14:30,点検,作業室,2026-09-17のサンプル予定です。日々・週間・月間表示で使用します。,GP7｜日々・週間・月間
596,GP8 日次確認,2026-09-17 14:15,2026-09-17 15:30,調整,事務室,2026-09-17のサンプル予定です。日々・週間・月間表示で使用します。,GP8｜日々・週間・月間
597,GP1科／GS班 日次確認,2026-09-17 08:00,2026-09-17 08:45,会議,オンライン,2026-09-17のサンプル予定です。日々・週間・月間表示で使用します。,GP1科／GS班｜日々・週間・月間
598,GP1科／JN班 日次確認,2026-09-17 08:45,2026-09-17 09:45,確認,現地,2026-09-17のサンプル予定です。日々・週間・月間表示で使用します。,GP1科／JN班｜日々・週間・月間
599,GP1科／JH班 日次確認,2026-09-17 09:30,2026-09-17 10:45,作業,第1会議室,2026-09-17のサンプル予定です。日々・週間・月間表示で使用します。,GP1科／JH班｜日々・週間・月間
600,GP2科／UK班 日次確認,2026-09-17 10:15,2026-09-17 11:00,連絡,第2会議室,2026-09-17のサンプル予定です。日々・週間・月間表示で使用します。,GP2科／UK班｜日々・週間・月間
601,GP2科／KR班 日次確認,2026-09-17 11:00,2026-09-17 12:00,点検,作業室,2026-09-17のサンプル予定です。日々・週間・月間表示で使用します。,GP2科／KR班｜日々・週間・月間
602,GP3科／KY班 日次確認,2026-09-17 11:45,2026-09-17 13:00,調整,事務室,2026-09-17のサンプル予定です。日々・週間・月間表示で使用します。,GP3科／KY班｜日々・週間・月間
603,GP3科／KK班 日次確認,2026-09-17 12:30,2026-09-17 13:15,会議,オンライン,2026-09-17のサンプル予定です。日々・週間・月間表示で使用します。,GP3科／KK班｜日々・週間・月間
604,GP3科／SS班 日次確認,2026-09-17 13:15,2026-09-17 14:15,確認,現地,2026-09-17のサンプル予定です。日々・週間・月間表示で使用します。,GP3科／SS班｜日々・週間・月間
605,GP4班／KY班 日次確認,2026-09-17 14:00,2026-09-17 15:15,作業,第1会議室,2026-09-17のサンプル予定です。日々・週間・月間表示で使用します。,GP4班／KY班｜日々・週間・月間
606,GP4班／KY2班 日次確認,2026-09-17 14:45,2026-09-17 15:30,連絡,第2会議室,2026-09-17のサンプル予定です。日々・週間・月間表示で使用します。,GP4班／KY2班｜日々・週間・月間
607,GP4班／QY班 日次確認,2026-09-17 08:30,2026-09-17 09:30,点検,作業室,2026-09-17のサンプル予定です。日々・週間・月間表示で使用します。,GP4班／QY班｜日々・週間・月間
608,GP01 日次確認,2026-09-17 09:15,2026-09-17 10:30,調整,事務室,2026-09-17のサンプル予定です。日々・週間・月間表示で使用します。,GP01｜日々・週間・月間
609,GP02 日次確認,2026-09-17 10:00,2026-09-17 10:45,会議,オンライン,2026-09-17のサンプル予定です。日々・週間・月間表示で使用します。,GP02｜日々・週間・月間
610,GP03 日次確認,2026-09-17 10:45,2026-09-17 11:45,確認,現地,2026-09-17のサンプル予定です。日々・週間・月間表示で使用します。,GP03｜日々・週間・月間
611,GP04 日次確認,2026-09-17 11:30,2026-09-17 12:45,作業,第1会議室,2026-09-17のサンプル予定です。日々・週間・月間表示で使用します。,GP04｜日々・週間・月間
612,GP05 日次確認,2026-09-17 12:15,2026-09-17 13:00,連絡,第2会議室,2026-09-17のサンプル予定です。日々・週間・月間表示で使用します。,GP05｜日々・週間・月間
613,GP1 日次確認,2026-09-18 09:30,2026-09-18 10:45,調整,オンライン,2026-09-18のサンプル予定です。日々・週間・月間表示で使用します。,GP1｜日々・週間・月間
614,GP2 日次確認,2026-09-18 10:15,2026-09-18 11:00,会議,現地,2026-09-18のサンプル予定です。日々・週間・月間表示で使用します。,GP2｜日々・週間・月間
615,GP2 受入確認,2026-09-18 08:15,2026-09-18 09:00,作業,第2会議室,GP2の表示件数と重なり回避を確認するサンプル予定です。,GP2｜日々・週間・月間
616,GP2 資料レビュー,2026-09-18 09:00,2026-09-18 10:00,連絡,作業室,GP2の表示件数と重なり回避を確認するサンプル予定です。,GP2｜日々・週間・月間
617,GP2 進捗会議,2026-09-18 09:15,2026-09-18 10:30,点検,事務室,GP2の表示件数と重なり回避を確認するサンプル予定です。,GP2｜日々・週間・月間
618,GP3 日次確認,2026-09-18 11:00,2026-09-18 12:00,確認,第1会議室,2026-09-18のサンプル予定です。日々・週間・月間表示で使用します。,GP3｜日々・週間・月間
619,GP3 作業調整,2026-09-18 08:15,2026-09-18 09:00,連絡,作業室,GP3の表示件数と重なり回避を確認するサンプル予定です。,GP3｜日々・週間・月間
620,GP3 品質確認,2026-09-18 09:00,2026-09-18 10:00,点検,事務室,GP3の表示件数と重なり回避を確認するサンプル予定です。,GP3｜日々・週間・月間
621,GP3 連絡会,2026-09-18 09:15,2026-09-18 10:30,調整,オンライン,GP3の表示件数と重なり回避を確認するサンプル予定です。,GP3｜日々・週間・月間
622,GP4 日次確認,2026-09-18 11:45,2026-09-18 13:00,作業,第2会議室,2026-09-18のサンプル予定です。日々・週間・月間表示で使用します。,GP4｜日々・週間・月間
623,GP4 進捗整理,2026-09-18 08:15,2026-09-18 09:00,点検,事務室,GP4の表示件数と重なり回避を確認するサンプル予定です。,GP4｜日々・週間・月間
624,GP4 課題確認,2026-09-18 09:00,2026-09-18 10:00,調整,オンライン,GP4の表示件数と重なり回避を確認するサンプル予定です。,GP4｜日々・週間・月間
625,GP4 定例打合せ,2026-09-18 09:15,2026-09-18 10:30,会議,現地,GP4の表示件数と重なり回避を確認するサンプル予定です。,GP4｜日々・週間・月間
626,GP5 日次確認,2026-09-18 12:30,2026-09-18 13:15,連絡,作業室,2026-09-18のサンプル予定です。日々・週間・月間表示で使用します。,GP5｜日々・週間・月間
627,GP5 設備確認,2026-09-18 08:15,2026-09-18 09:00,調整,オンライン,GP5の表示件数と重なり回避を確認するサンプル予定です。,GP5｜日々・週間・月間
628,GP5 運用レビュー,2026-09-18 09:00,2026-09-18 10:00,会議,現地,GP5の表示件数と重なり回避を確認するサンプル予定です。,GP5｜日々・週間・月間
629,GP5 引継ぎ,2026-09-18 09:15,2026-09-18 10:30,確認,第1会議室,GP5の表示件数と重なり回避を確認するサンプル予定です。,GP5｜日々・週間・月間
630,GP6 日次確認,2026-09-18 13:15,2026-09-18 14:15,点検,事務室,2026-09-18のサンプル予定です。日々・週間・月間表示で使用します。,GP6｜日々・週間・月間
631,GP7 日次確認,2026-09-18 14:00,2026-09-18 15:15,調整,オンライン,2026-09-18のサンプル予定です。日々・週間・月間表示で使用します。,GP7｜日々・週間・月間
632,GP8 日次確認,2026-09-18 14:45,2026-09-18 15:30,会議,現地,2026-09-18のサンプル予定です。日々・週間・月間表示で使用します。,GP8｜日々・週間・月間
633,GP1科／GS班 日次確認,2026-09-18 08:30,2026-09-18 09:30,確認,第1会議室,2026-09-18のサンプル予定です。日々・週間・月間表示で使用します。,GP1科／GS班｜日々・週間・月間
634,GP1科／JN班 日次確認,2026-09-18 09:15,2026-09-18 10:30,作業,第2会議室,2026-09-18のサンプル予定です。日々・週間・月間表示で使用します。,GP1科／JN班｜日々・週間・月間
635,GP1科／JH班 日次確認,2026-09-18 10:00,2026-09-18 10:45,連絡,作業室,2026-09-18のサンプル予定です。日々・週間・月間表示で使用します。,GP1科／JH班｜日々・週間・月間
636,GP2科／UK班 日次確認,2026-09-18 10:45,2026-09-18 11:45,点検,事務室,2026-09-18のサンプル予定です。日々・週間・月間表示で使用します。,GP2科／UK班｜日々・週間・月間
637,GP2科／KR班 日次確認,2026-09-18 11:30,2026-09-18 12:45,調整,オンライン,2026-09-18のサンプル予定です。日々・週間・月間表示で使用します。,GP2科／KR班｜日々・週間・月間
638,GP3科／KY班 日次確認,2026-09-18 12:15,2026-09-18 13:00,会議,現地,2026-09-18のサンプル予定です。日々・週間・月間表示で使用します。,GP3科／KY班｜日々・週間・月間
639,GP3科／KK班 日次確認,2026-09-18 13:00,2026-09-18 14:00,確認,第1会議室,2026-09-18のサンプル予定です。日々・週間・月間表示で使用します。,GP3科／KK班｜日々・週間・月間
640,GP3科／SS班 日次確認,2026-09-18 13:45,2026-09-18 15:00,作業,第2会議室,2026-09-18のサンプル予定です。日々・週間・月間表示で使用します。,GP3科／SS班｜日々・週間・月間
641,GP4班／KY班 日次確認,2026-09-18 14:30,2026-09-18 15:15,連絡,作業室,2026-09-18のサンプル予定です。日々・週間・月間表示で使用します。,GP4班／KY班｜日々・週間・月間
642,GP4班／KY2班 日次確認,2026-09-18 08:15,2026-09-18 09:15,点検,事務室,2026-09-18のサンプル予定です。日々・週間・月間表示で使用します。,GP4班／KY2班｜日々・週間・月間
643,GP4班／QY班 日次確認,2026-09-18 09:00,2026-09-18 10:15,調整,オンライン,2026-09-18のサンプル予定です。日々・週間・月間表示で使用します。,GP4班／QY班｜日々・週間・月間
644,GP01 日次確認,2026-09-18 09:45,2026-09-18 10:30,会議,現地,2026-09-18のサンプル予定です。日々・週間・月間表示で使用します。,GP01｜日々・週間・月間
645,GP02 日次確認,2026-09-18 10:30,2026-09-18 11:30,確認,第1会議室,2026-09-18のサンプル予定です。日々・週間・月間表示で使用します。,GP02｜日々・週間・月間
646,GP03 日次確認,2026-09-18 11:15,2026-09-18 12:30,作業,第2会議室,2026-09-18のサンプル予定です。日々・週間・月間表示で使用します。,GP03｜日々・週間・月間
647,GP04 日次確認,2026-09-18 12:00,2026-09-18 12:45,連絡,作業室,2026-09-18のサンプル予定です。日々・週間・月間表示で使用します。,GP04｜日々・週間・月間
648,GP05 日次確認,2026-09-18 12:45,2026-09-18 13:45,点検,事務室,2026-09-18のサンプル予定です。日々・週間・月間表示で使用します。,GP05｜日々・週間・月間
649,GP1 日次確認,2026-09-19 10:00,2026-09-19 10:45,会議,第1会議室,2026-09-19のサンプル予定です。日々・週間・月間表示で使用します。,GP1｜日々・週間・月間
650,GP2 日次確認,2026-09-19 10:45,2026-09-19 11:45,確認,第2会議室,2026-09-19のサンプル予定です。日々・週間・月間表示で使用します。,GP2｜日々・週間・月間
651,GP2 受入確認,2026-09-19 08:15,2026-09-19 09:00,作業,作業室,GP2の表示件数と重なり回避を確認するサンプル予定です。,GP2｜日々・週間・月間
652,GP2 資料レビュー,2026-09-19 09:00,2026-09-19 10:00,連絡,事務室,GP2の表示件数と重なり回避を確認するサンプル予定です。,GP2｜日々・週間・月間
653,GP2 進捗会議,2026-09-19 09:15,2026-09-19 10:30,点検,オンライン,GP2の表示件数と重なり回避を確認するサンプル予定です。,GP2｜日々・週間・月間
654,GP3 日次確認,2026-09-19 11:30,2026-09-19 12:45,作業,作業室,2026-09-19のサンプル予定です。日々・週間・月間表示で使用します。,GP3｜日々・週間・月間
655,GP3 作業調整,2026-09-19 08:15,2026-09-19 09:00,連絡,事務室,GP3の表示件数と重なり回避を確認するサンプル予定です。,GP3｜日々・週間・月間
656,GP3 品質確認,2026-09-19 09:00,2026-09-19 10:00,点検,オンライン,GP3の表示件数と重なり回避を確認するサンプル予定です。,GP3｜日々・週間・月間
657,GP3 連絡会,2026-09-19 09:15,2026-09-19 10:30,調整,現地,GP3の表示件数と重なり回避を確認するサンプル予定です。,GP3｜日々・週間・月間
658,GP4 日次確認,2026-09-19 12:15,2026-09-19 13:00,連絡,事務室,2026-09-19のサンプル予定です。日々・週間・月間表示で使用します。,GP4｜日々・週間・月間
659,GP4 進捗整理,2026-09-19 08:15,2026-09-19 09:00,点検,オンライン,GP4の表示件数と重なり回避を確認するサンプル予定です。,GP4｜日々・週間・月間
660,GP4 課題確認,2026-09-19 09:00,2026-09-19 10:00,調整,現地,GP4の表示件数と重なり回避を確認するサンプル予定です。,GP4｜日々・週間・月間
661,GP4 定例打合せ,2026-09-19 09:15,2026-09-19 10:30,会議,第1会議室,GP4の表示件数と重なり回避を確認するサンプル予定です。,GP4｜日々・週間・月間
662,GP5 日次確認,2026-09-19 13:00,2026-09-19 14:00,点検,オンライン,2026-09-19のサンプル予定です。日々・週間・月間表示で使用します。,GP5｜日々・週間・月間
663,GP5 設備確認,2026-09-19 08:15,2026-09-19 09:00,調整,現地,GP5の表示件数と重なり回避を確認するサンプル予定です。,GP5｜日々・週間・月間
664,GP5 運用レビュー,2026-09-19 09:00,2026-09-19 10:00,会議,第1会議室,GP5の表示件数と重なり回避を確認するサンプル予定です。,GP5｜日々・週間・月間
665,GP5 引継ぎ,2026-09-19 09:15,2026-09-19 10:30,確認,第2会議室,GP5の表示件数と重なり回避を確認するサンプル予定です。,GP5｜日々・週間・月間
666,GP6 日次確認,2026-09-19 13:45,2026-09-19 15:00,調整,現地,2026-09-19のサンプル予定です。日々・週間・月間表示で使用します。,GP6｜日々・週間・月間
667,GP7 日次確認,2026-09-19 14:30,2026-09-19 15:15,会議,第1会議室,2026-09-19のサンプル予定です。日々・週間・月間表示で使用します。,GP7｜日々・週間・月間
668,GP8 日次確認,2026-09-19 08:15,2026-09-19 09:15,確認,第2会議室,2026-09-19のサンプル予定です。日々・週間・月間表示で使用します。,GP8｜日々・週間・月間
669,GP1科／GS班 日次確認,2026-09-19 09:00,2026-09-19 10:15,作業,作業室,2026-09-19のサンプル予定です。日々・週間・月間表示で使用します。,GP1科／GS班｜日々・週間・月間
670,GP1科／JN班 日次確認,2026-09-19 09:45,2026-09-19 10:30,連絡,事務室,2026-09-19のサンプル予定です。日々・週間・月間表示で使用します。,GP1科／JN班｜日々・週間・月間
671,GP1科／JH班 日次確認,2026-09-19 10:30,2026-09-19 11:30,点検,オンライン,2026-09-19のサンプル予定です。日々・週間・月間表示で使用します。,GP1科／JH班｜日々・週間・月間
672,GP2科／UK班 日次確認,2026-09-19 11:15,2026-09-19 12:30,調整,現地,2026-09-19のサンプル予定です。日々・週間・月間表示で使用します。,GP2科／UK班｜日々・週間・月間
673,GP2科／KR班 日次確認,2026-09-19 12:00,2026-09-19 12:45,会議,第1会議室,2026-09-19のサンプル予定です。日々・週間・月間表示で使用します。,GP2科／KR班｜日々・週間・月間
674,GP3科／KY班 日次確認,2026-09-19 12:45,2026-09-19 13:45,確認,第2会議室,2026-09-19のサンプル予定です。日々・週間・月間表示で使用します。,GP3科／KY班｜日々・週間・月間
675,GP3科／KK班 日次確認,2026-09-19 13:30,2026-09-19 14:45,作業,作業室,2026-09-19のサンプル予定です。日々・週間・月間表示で使用します。,GP3科／KK班｜日々・週間・月間
676,GP3科／SS班 日次確認,2026-09-19 14:15,2026-09-19 15:00,連絡,事務室,2026-09-19のサンプル予定です。日々・週間・月間表示で使用します。,GP3科／SS班｜日々・週間・月間
677,GP4班／KY班 日次確認,2026-09-19 08:00,2026-09-19 09:00,点検,オンライン,2026-09-19のサンプル予定です。日々・週間・月間表示で使用します。,GP4班／KY班｜日々・週間・月間
678,GP4班／KY2班 日次確認,2026-09-19 08:45,2026-09-19 10:00,調整,現地,2026-09-19のサンプル予定です。日々・週間・月間表示で使用します。,GP4班／KY2班｜日々・週間・月間
679,GP4班／QY班 日次確認,2026-09-19 09:30,2026-09-19 10:15,会議,第1会議室,2026-09-19のサンプル予定です。日々・週間・月間表示で使用します。,GP4班／QY班｜日々・週間・月間
680,GP01 日次確認,2026-09-19 10:15,2026-09-19 11:15,確認,第2会議室,2026-09-19のサンプル予定です。日々・週間・月間表示で使用します。,GP01｜日々・週間・月間
681,GP02 日次確認,2026-09-19 11:00,2026-09-19 12:15,作業,作業室,2026-09-19のサンプル予定です。日々・週間・月間表示で使用します。,GP02｜日々・週間・月間
682,GP03 日次確認,2026-09-19 11:45,2026-09-19 12:30,連絡,事務室,2026-09-19のサンプル予定です。日々・週間・月間表示で使用します。,GP03｜日々・週間・月間
683,GP04 日次確認,2026-09-19 12:30,2026-09-19 13:30,点検,オンライン,2026-09-19のサンプル予定です。日々・週間・月間表示で使用します。,GP04｜日々・週間・月間
684,GP05 日次確認,2026-09-19 13:15,2026-09-19 14:30,調整,現地,2026-09-19のサンプル予定です。日々・週間・月間表示で使用します。,GP05｜日々・週間・月間
685,GP1 日次確認,2026-09-20 10:30,2026-09-20 11:30,確認,作業室,2026-09-20のサンプル予定です。日々・週間・月間表示で使用します。,GP1｜日々・週間・月間
686,GP2 日次確認,2026-09-20 11:15,2026-09-20 12:30,作業,事務室,2026-09-20のサンプル予定です。日々・週間・月間表示で使用します。,GP2｜日々・週間・月間
687,GP2 受入確認,2026-09-20 08:15,2026-09-20 09:00,作業,事務室,GP2の表示件数と重なり回避を確認するサンプル予定です。,GP2｜日々・週間・月間
688,GP2 資料レビュー,2026-09-20 09:00,2026-09-20 10:00,連絡,オンライン,GP2の表示件数と重なり回避を確認するサンプル予定です。,GP2｜日々・週間・月間
689,GP2 進捗会議,2026-09-20 09:15,2026-09-20 10:30,点検,現地,GP2の表示件数と重なり回避を確認するサンプル予定です。,GP2｜日々・週間・月間
690,GP3 日次確認,2026-09-20 12:00,2026-09-20 12:45,連絡,オンライン,2026-09-20のサンプル予定です。日々・週間・月間表示で使用します。,GP3｜日々・週間・月間
691,GP3 作業調整,2026-09-20 08:15,2026-09-20 09:00,連絡,オンライン,GP3の表示件数と重なり回避を確認するサンプル予定です。,GP3｜日々・週間・月間
692,GP3 品質確認,2026-09-20 09:00,2026-09-20 10:00,点検,現地,GP3の表示件数と重なり回避を確認するサンプル予定です。,GP3｜日々・週間・月間
693,GP3 連絡会,2026-09-20 09:15,2026-09-20 10:30,調整,第1会議室,GP3の表示件数と重なり回避を確認するサンプル予定です。,GP3｜日々・週間・月間
694,GP4 日次確認,2026-09-20 12:45,2026-09-20 13:45,点検,現地,2026-09-20のサンプル予定です。日々・週間・月間表示で使用します。,GP4｜日々・週間・月間
695,GP4 進捗整理,2026-09-20 08:15,2026-09-20 09:00,点検,現地,GP4の表示件数と重なり回避を確認するサンプル予定です。,GP4｜日々・週間・月間
696,GP4 課題確認,2026-09-20 09:00,2026-09-20 10:00,調整,第1会議室,GP4の表示件数と重なり回避を確認するサンプル予定です。,GP4｜日々・週間・月間
697,GP4 定例打合せ,2026-09-20 09:15,2026-09-20 10:30,会議,第2会議室,GP4の表示件数と重なり回避を確認するサンプル予定です。,GP4｜日々・週間・月間
698,GP5 日次確認,2026-09-20 13:30,2026-09-20 14:45,調整,第1会議室,2026-09-20のサンプル予定です。日々・週間・月間表示で使用します。,GP5｜日々・週間・月間
699,GP5 設備確認,2026-09-20 08:15,2026-09-20 09:00,調整,第1会議室,GP5の表示件数と重なり回避を確認するサンプル予定です。,GP5｜日々・週間・月間
700,GP5 運用レビュー,2026-09-20 09:00,2026-09-20 10:00,会議,第2会議室,GP5の表示件数と重なり回避を確認するサンプル予定です。,GP5｜日々・週間・月間
701,GP5 引継ぎ,2026-09-20 09:15,2026-09-20 10:30,確認,作業室,GP5の表示件数と重なり回避を確認するサンプル予定です。,GP5｜日々・週間・月間
702,GP6 日次確認,2026-09-20 14:15,2026-09-20 15:00,会議,第2会議室,2026-09-20のサンプル予定です。日々・週間・月間表示で使用します。,GP6｜日々・週間・月間
703,GP7 日次確認,2026-09-20 08:00,2026-09-20 09:00,確認,作業室,2026-09-20のサンプル予定です。日々・週間・月間表示で使用します。,GP7｜日々・週間・月間
704,GP8 日次確認,2026-09-20 08:45,2026-09-20 10:00,作業,事務室,2026-09-20のサンプル予定です。日々・週間・月間表示で使用します。,GP8｜日々・週間・月間
705,GP1科／GS班 日次確認,2026-09-20 09:30,2026-09-20 10:15,連絡,オンライン,2026-09-20のサンプル予定です。日々・週間・月間表示で使用します。,GP1科／GS班｜日々・週間・月間
706,GP1科／JN班 日次確認,2026-09-20 10:15,2026-09-20 11:15,点検,現地,2026-09-20のサンプル予定です。日々・週間・月間表示で使用します。,GP1科／JN班｜日々・週間・月間
707,GP1科／JH班 日次確認,2026-09-20 11:00,2026-09-20 12:15,調整,第1会議室,2026-09-20のサンプル予定です。日々・週間・月間表示で使用します。,GP1科／JH班｜日々・週間・月間
708,GP2科／UK班 日次確認,2026-09-20 11:45,2026-09-20 12:30,会議,第2会議室,2026-09-20のサンプル予定です。日々・週間・月間表示で使用します。,GP2科／UK班｜日々・週間・月間
709,GP2科／KR班 日次確認,2026-09-20 12:30,2026-09-20 13:30,確認,作業室,2026-09-20のサンプル予定です。日々・週間・月間表示で使用します。,GP2科／KR班｜日々・週間・月間
710,GP3科／KY班 日次確認,2026-09-20 13:15,2026-09-20 14:30,作業,事務室,2026-09-20のサンプル予定です。日々・週間・月間表示で使用します。,GP3科／KY班｜日々・週間・月間
711,GP3科／KK班 日次確認,2026-09-20 14:00,2026-09-20 14:45,連絡,オンライン,2026-09-20のサンプル予定です。日々・週間・月間表示で使用します。,GP3科／KK班｜日々・週間・月間
712,GP3科／SS班 日次確認,2026-09-20 14:45,2026-09-20 15:45,点検,現地,2026-09-20のサンプル予定です。日々・週間・月間表示で使用します。,GP3科／SS班｜日々・週間・月間
713,GP4班／KY班 日次確認,2026-09-20 08:30,2026-09-20 09:45,調整,第1会議室,2026-09-20のサンプル予定です。日々・週間・月間表示で使用します。,GP4班／KY班｜日々・週間・月間
714,GP4班／KY2班 日次確認,2026-09-20 09:15,2026-09-20 10:00,会議,第2会議室,2026-09-20のサンプル予定です。日々・週間・月間表示で使用します。,GP4班／KY2班｜日々・週間・月間
715,GP4班／QY班 日次確認,2026-09-20 10:00,2026-09-20 11:00,確認,作業室,2026-09-20のサンプル予定です。日々・週間・月間表示で使用します。,GP4班／QY班｜日々・週間・月間
716,GP01 日次確認,2026-09-20 10:45,2026-09-20 12:00,作業,事務室,2026-09-20のサンプル予定です。日々・週間・月間表示で使用します。,GP01｜日々・週間・月間
717,GP02 日次確認,2026-09-20 11:30,2026-09-20 12:15,連絡,オンライン,2026-09-20のサンプル予定です。日々・週間・月間表示で使用します。,GP02｜日々・週間・月間
718,GP03 日次確認,2026-09-20 12:15,2026-09-20 13:15,点検,現地,2026-09-20のサンプル予定です。日々・週間・月間表示で使用します。,GP03｜日々・週間・月間
719,GP04 日次確認,2026-09-20 13:00,2026-09-20 14:15,調整,第1会議室,2026-09-20のサンプル予定です。日々・週間・月間表示で使用します。,GP04｜日々・週間・月間
720,GP05 日次確認,2026-09-20 13:45,2026-09-20 14:30,会議,第2会議室,2026-09-20のサンプル予定です。日々・週間・月間表示で使用します。,GP05｜日々・週間・月間
721,GP1 日次確認,2026-09-21 11:00,2026-09-21 12:15,作業,オンライン,2026-09-21のサンプル予定です。日々・週間・月間表示で使用します。,GP1｜日々・週間・月間
722,GP2 日次確認,2026-09-21 11:45,2026-09-21 12:30,連絡,現地,2026-09-21のサンプル予定です。日々・週間・月間表示で使用します。,GP2｜日々・週間・月間
723,GP2 受入確認,2026-09-21 08:15,2026-09-21 09:00,作業,オンライン,GP2の表示件数と重なり回避を確認するサンプル予定です。,GP2｜日々・週間・月間
724,GP2 資料レビュー,2026-09-21 09:00,2026-09-21 10:00,連絡,現地,GP2の表示件数と重なり回避を確認するサンプル予定です。,GP2｜日々・週間・月間
725,GP2 進捗会議,2026-09-21 09:15,2026-09-21 10:30,点検,第1会議室,GP2の表示件数と重なり回避を確認するサンプル予定です。,GP2｜日々・週間・月間
726,GP3 日次確認,2026-09-21 12:30,2026-09-21 13:30,点検,第1会議室,2026-09-21のサンプル予定です。日々・週間・月間表示で使用します。,GP3｜日々・週間・月間
727,GP3 作業調整,2026-09-21 08:15,2026-09-21 09:00,連絡,現地,GP3の表示件数と重なり回避を確認するサンプル予定です。,GP3｜日々・週間・月間
728,GP3 品質確認,2026-09-21 09:00,2026-09-21 10:00,点検,第1会議室,GP3の表示件数と重なり回避を確認するサンプル予定です。,GP3｜日々・週間・月間
729,GP3 連絡会,2026-09-21 09:15,2026-09-21 10:30,調整,第2会議室,GP3の表示件数と重なり回避を確認するサンプル予定です。,GP3｜日々・週間・月間
730,GP4 日次確認,2026-09-21 13:15,2026-09-21 14:30,調整,第2会議室,2026-09-21のサンプル予定です。日々・週間・月間表示で使用します。,GP4｜日々・週間・月間
731,GP4 進捗整理,2026-09-21 08:15,2026-09-21 09:00,点検,第1会議室,GP4の表示件数と重なり回避を確認するサンプル予定です。,GP4｜日々・週間・月間
732,GP4 課題確認,2026-09-21 09:00,2026-09-21 10:00,調整,第2会議室,GP4の表示件数と重なり回避を確認するサンプル予定です。,GP4｜日々・週間・月間
733,GP4 定例打合せ,2026-09-21 09:15,2026-09-21 10:30,会議,作業室,GP4の表示件数と重なり回避を確認するサンプル予定です。,GP4｜日々・週間・月間
734,GP5 日次確認,2026-09-21 14:00,2026-09-21 14:45,会議,作業室,2026-09-21のサンプル予定です。日々・週間・月間表示で使用します。,GP5｜日々・週間・月間
735,GP5 設備確認,2026-09-21 08:15,2026-09-21 09:00,調整,第2会議室,GP5の表示件数と重なり回避を確認するサンプル予定です。,GP5｜日々・週間・月間
736,GP5 運用レビュー,2026-09-21 09:00,2026-09-21 10:00,会議,作業室,GP5の表示件数と重なり回避を確認するサンプル予定です。,GP5｜日々・週間・月間
737,GP5 引継ぎ,2026-09-21 09:15,2026-09-21 10:30,確認,事務室,GP5の表示件数と重なり回避を確認するサンプル予定です。,GP5｜日々・週間・月間
738,GP6 日次確認,2026-09-21 14:45,2026-09-21 15:45,確認,事務室,2026-09-21のサンプル予定です。日々・週間・月間表示で使用します。,GP6｜日々・週間・月間
739,GP7 日次確認,2026-09-21 08:30,2026-09-21 09:45,作業,オンライン,2026-09-21のサンプル予定です。日々・週間・月間表示で使用します。,GP7｜日々・週間・月間
740,GP8 日次確認,2026-09-21 09:15,2026-09-21 10:00,連絡,現地,2026-09-21のサンプル予定です。日々・週間・月間表示で使用します。,GP8｜日々・週間・月間
741,GP1科／GS班 日次確認,2026-09-21 10:00,2026-09-21 11:00,点検,第1会議室,2026-09-21のサンプル予定です。日々・週間・月間表示で使用します。,GP1科／GS班｜日々・週間・月間
742,GP1科／JN班 日次確認,2026-09-21 10:45,2026-09-21 12:00,調整,第2会議室,2026-09-21のサンプル予定です。日々・週間・月間表示で使用します。,GP1科／JN班｜日々・週間・月間
743,GP1科／JH班 日次確認,2026-09-21 11:30,2026-09-21 12:15,会議,作業室,2026-09-21のサンプル予定です。日々・週間・月間表示で使用します。,GP1科／JH班｜日々・週間・月間
744,GP2科／UK班 日次確認,2026-09-21 12:15,2026-09-21 13:15,確認,事務室,2026-09-21のサンプル予定です。日々・週間・月間表示で使用します。,GP2科／UK班｜日々・週間・月間
745,GP2科／KR班 日次確認,2026-09-21 13:00,2026-09-21 14:15,作業,オンライン,2026-09-21のサンプル予定です。日々・週間・月間表示で使用します。,GP2科／KR班｜日々・週間・月間
746,GP3科／KY班 日次確認,2026-09-21 13:45,2026-09-21 14:30,連絡,現地,2026-09-21のサンプル予定です。日々・週間・月間表示で使用します。,GP3科／KY班｜日々・週間・月間
747,GP3科／KK班 日次確認,2026-09-21 14:30,2026-09-21 15:30,点検,第1会議室,2026-09-21のサンプル予定です。日々・週間・月間表示で使用します。,GP3科／KK班｜日々・週間・月間
748,GP3科／SS班 日次確認,2026-09-21 08:15,2026-09-21 09:30,調整,第2会議室,2026-09-21のサンプル予定です。日々・週間・月間表示で使用します。,GP3科／SS班｜日々・週間・月間
749,GP4班／KY班 日次確認,2026-09-21 09:00,2026-09-21 09:45,会議,作業室,2026-09-21のサンプル予定です。日々・週間・月間表示で使用します。,GP4班／KY班｜日々・週間・月間
750,GP4班／KY2班 日次確認,2026-09-21 09:45,2026-09-21 10:45,確認,事務室,2026-09-21のサンプル予定です。日々・週間・月間表示で使用します。,GP4班／KY2班｜日々・週間・月間
751,GP4班／QY班 日次確認,2026-09-21 10:30,2026-09-21 11:45,作業,オンライン,2026-09-21のサンプル予定です。日々・週間・月間表示で使用します。,GP4班／QY班｜日々・週間・月間
752,GP01 日次確認,2026-09-21 11:15,2026-09-21 12:00,連絡,現地,2026-09-21のサンプル予定です。日々・週間・月間表示で使用します。,GP01｜日々・週間・月間
753,GP02 日次確認,2026-09-21 12:00,2026-09-21 13:00,点検,第1会議室,2026-09-21のサンプル予定です。日々・週間・月間表示で使用します。,GP02｜日々・週間・月間
754,GP03 日次確認,2026-09-21 12:45,2026-09-21 14:00,調整,第2会議室,2026-09-21のサンプル予定です。日々・週間・月間表示で使用します。,GP03｜日々・週間・月間
755,GP04 日次確認,2026-09-21 13:30,2026-09-21 14:15,会議,作業室,2026-09-21のサンプル予定です。日々・週間・月間表示で使用します。,GP04｜日々・週間・月間
756,GP05 日次確認,2026-09-21 14:15,2026-09-21 15:15,確認,事務室,2026-09-21のサンプル予定です。日々・週間・月間表示で使用します。,GP05｜日々・週間・月間
757,GP1 日次確認,2026-09-22 11:30,2026-09-22 12:15,連絡,第1会議室,2026-09-22のサンプル予定です。日々・週間・月間表示で使用します。,GP1｜日々・週間・月間
758,GP2 日次確認,2026-09-22 12:15,2026-09-22 13:15,点検,第2会議室,2026-09-22のサンプル予定です。日々・週間・月間表示で使用します。,GP2｜日々・週間・月間
759,GP2 受入確認,2026-09-22 08:15,2026-09-22 09:00,作業,現地,GP2の表示件数と重なり回避を確認するサンプル予定です。,GP2｜日々・週間・月間
760,GP2 資料レビュー,2026-09-22 09:00,2026-09-22 10:00,連絡,第1会議室,GP2の表示件数と重なり回避を確認するサンプル予定です。,GP2｜日々・週間・月間
761,GP2 進捗会議,2026-09-22 09:15,2026-09-22 10:30,点検,第2会議室,GP2の表示件数と重なり回避を確認するサンプル予定です。,GP2｜日々・週間・月間
762,GP3 日次確認,2026-09-22 13:00,2026-09-22 14:15,調整,作業室,2026-09-22のサンプル予定です。日々・週間・月間表示で使用します。,GP3｜日々・週間・月間
763,GP3 作業調整,2026-09-22 08:15,2026-09-22 09:00,連絡,第1会議室,GP3の表示件数と重なり回避を確認するサンプル予定です。,GP3｜日々・週間・月間
764,GP3 品質確認,2026-09-22 09:00,2026-09-22 10:00,点検,第2会議室,GP3の表示件数と重なり回避を確認するサンプル予定です。,GP3｜日々・週間・月間
765,GP3 連絡会,2026-09-22 09:15,2026-09-22 10:30,調整,作業室,GP3の表示件数と重なり回避を確認するサンプル予定です。,GP3｜日々・週間・月間
766,GP4 日次確認,2026-09-22 13:45,2026-09-22 14:30,会議,事務室,2026-09-22のサンプル予定です。日々・週間・月間表示で使用します。,GP4｜日々・週間・月間
767,GP4 進捗整理,2026-09-22 08:15,2026-09-22 09:00,点検,第2会議室,GP4の表示件数と重なり回避を確認するサンプル予定です。,GP4｜日々・週間・月間
768,GP4 課題確認,2026-09-22 09:00,2026-09-22 10:00,調整,作業室,GP4の表示件数と重なり回避を確認するサンプル予定です。,GP4｜日々・週間・月間
769,GP4 定例打合せ,2026-09-22 09:15,2026-09-22 10:30,会議,事務室,GP4の表示件数と重なり回避を確認するサンプル予定です。,GP4｜日々・週間・月間
770,GP5 日次確認,2026-09-22 14:30,2026-09-22 15:30,確認,オンライン,2026-09-22のサンプル予定です。日々・週間・月間表示で使用します。,GP5｜日々・週間・月間
771,GP5 設備確認,2026-09-22 08:15,2026-09-22 09:00,調整,作業室,GP5の表示件数と重なり回避を確認するサンプル予定です。,GP5｜日々・週間・月間
772,GP5 運用レビュー,2026-09-22 09:00,2026-09-22 10:00,会議,事務室,GP5の表示件数と重なり回避を確認するサンプル予定です。,GP5｜日々・週間・月間
773,GP5 引継ぎ,2026-09-22 09:15,2026-09-22 10:30,確認,オンライン,GP5の表示件数と重なり回避を確認するサンプル予定です。,GP5｜日々・週間・月間
774,GP6 日次確認,2026-09-22 08:15,2026-09-22 09:30,作業,現地,2026-09-22のサンプル予定です。日々・週間・月間表示で使用します。,GP6｜日々・週間・月間
775,GP7 日次確認,2026-09-22 09:00,2026-09-22 09:45,連絡,第1会議室,2026-09-22のサンプル予定です。日々・週間・月間表示で使用します。,GP7｜日々・週間・月間
776,GP8 日次確認,2026-09-22 09:45,2026-09-22 10:45,点検,第2会議室,2026-09-22のサンプル予定です。日々・週間・月間表示で使用します。,GP8｜日々・週間・月間
777,GP1科／GS班 日次確認,2026-09-22 10:30,2026-09-22 11:45,調整,作業室,2026-09-22のサンプル予定です。日々・週間・月間表示で使用します。,GP1科／GS班｜日々・週間・月間
778,GP1科／JN班 日次確認,2026-09-22 11:15,2026-09-22 12:00,会議,事務室,2026-09-22のサンプル予定です。日々・週間・月間表示で使用します。,GP1科／JN班｜日々・週間・月間
779,GP1科／JH班 日次確認,2026-09-22 12:00,2026-09-22 13:00,確認,オンライン,2026-09-22のサンプル予定です。日々・週間・月間表示で使用します。,GP1科／JH班｜日々・週間・月間
780,GP2科／UK班 日次確認,2026-09-22 12:45,2026-09-22 14:00,作業,現地,2026-09-22のサンプル予定です。日々・週間・月間表示で使用します。,GP2科／UK班｜日々・週間・月間
781,GP2科／KR班 日次確認,2026-09-22 13:30,2026-09-22 14:15,連絡,第1会議室,2026-09-22のサンプル予定です。日々・週間・月間表示で使用します。,GP2科／KR班｜日々・週間・月間
782,GP3科／KY班 日次確認,2026-09-22 14:15,2026-09-22 15:15,点検,第2会議室,2026-09-22のサンプル予定です。日々・週間・月間表示で使用します。,GP3科／KY班｜日々・週間・月間
783,GP3科／KK班 日次確認,2026-09-22 08:00,2026-09-22 09:15,調整,作業室,2026-09-22のサンプル予定です。日々・週間・月間表示で使用します。,GP3科／KK班｜日々・週間・月間
784,GP3科／SS班 日次確認,2026-09-22 08:45,2026-09-22 09:30,会議,事務室,2026-09-22のサンプル予定です。日々・週間・月間表示で使用します。,GP3科／SS班｜日々・週間・月間
785,GP4班／KY班 日次確認,2026-09-22 09:30,2026-09-22 10:30,確認,オンライン,2026-09-22のサンプル予定です。日々・週間・月間表示で使用します。,GP4班／KY班｜日々・週間・月間
786,GP4班／KY2班 日次確認,2026-09-22 10:15,2026-09-22 11:30,作業,現地,2026-09-22のサンプル予定です。日々・週間・月間表示で使用します。,GP4班／KY2班｜日々・週間・月間
787,GP4班／QY班 日次確認,2026-09-22 11:00,2026-09-22 11:45,連絡,第1会議室,2026-09-22のサンプル予定です。日々・週間・月間表示で使用します。,GP4班／QY班｜日々・週間・月間
788,GP01 日次確認,2026-09-22 11:45,2026-09-22 12:45,点検,第2会議室,2026-09-22のサンプル予定です。日々・週間・月間表示で使用します。,GP01｜日々・週間・月間
789,GP02 日次確認,2026-09-22 12:30,2026-09-22 13:45,調整,作業室,2026-09-22のサンプル予定です。日々・週間・月間表示で使用します。,GP02｜日々・週間・月間
790,GP03 日次確認,2026-09-22 13:15,2026-09-22 14:00,会議,事務室,2026-09-22のサンプル予定です。日々・週間・月間表示で使用します。,GP03｜日々・週間・月間
791,GP04 日次確認,2026-09-22 14:00,2026-09-22 15:00,確認,オンライン,2026-09-22のサンプル予定です。日々・週間・月間表示で使用します。,GP04｜日々・週間・月間
792,GP05 日次確認,2026-09-22 14:45,2026-09-22 16:00,作業,現地,2026-09-22のサンプル予定です。日々・週間・月間表示で使用します。,GP05｜日々・週間・月間
793,GP1 日次確認,2026-09-23 12:00,2026-09-23 13:00,点検,作業室,2026-09-23のサンプル予定です。日々・週間・月間表示で使用します。,GP1｜日々・週間・月間
794,GP2 日次確認,2026-09-23 12:45,2026-09-23 14:00,調整,事務室,2026-09-23のサンプル予定です。日々・週間・月間表示で使用します。,GP2｜日々・週間・月間
795,GP2 受入確認,2026-09-23 08:15,2026-09-23 09:00,作業,第1会議室,GP2の表示件数と重なり回避を確認するサンプル予定です。,GP2｜日々・週間・月間
796,GP2 資料レビュー,2026-09-23 09:00,2026-09-23 10:00,連絡,第2会議室,GP2の表示件数と重なり回避を確認するサンプル予定です。,GP2｜日々・週間・月間
797,GP2 進捗会議,2026-09-23 09:15,2026-09-23 10:30,点検,作業室,GP2の表示件数と重なり回避を確認するサンプル予定です。,GP2｜日々・週間・月間
798,GP3 日次確認,2026-09-23 13:30,2026-09-23 14:15,会議,オンライン,2026-09-23のサンプル予定です。日々・週間・月間表示で使用します。,GP3｜日々・週間・月間
799,GP3 作業調整,2026-09-23 08:15,2026-09-23 09:00,連絡,第2会議室,GP3の表示件数と重なり回避を確認するサンプル予定です。,GP3｜日々・週間・月間
800,GP3 品質確認,2026-09-23 09:00,2026-09-23 10:00,点検,作業室,GP3の表示件数と重なり回避を確認するサンプル予定です。,GP3｜日々・週間・月間
801,GP3 連絡会,2026-09-23 09:15,2026-09-23 10:30,調整,事務室,GP3の表示件数と重なり回避を確認するサンプル予定です。,GP3｜日々・週間・月間
802,GP4 日次確認,2026-09-23 14:15,2026-09-23 15:15,確認,現地,2026-09-23のサンプル予定です。日々・週間・月間表示で使用します。,GP4｜日々・週間・月間
803,GP4 進捗整理,2026-09-23 08:15,2026-09-23 09:00,点検,作業室,GP4の表示件数と重なり回避を確認するサンプル予定です。,GP4｜日々・週間・月間
804,GP4 課題確認,2026-09-23 09:00,2026-09-23 10:00,調整,事務室,GP4の表示件数と重なり回避を確認するサンプル予定です。,GP4｜日々・週間・月間
805,GP4 定例打合せ,2026-09-23 09:15,2026-09-23 10:30,会議,オンライン,GP4の表示件数と重なり回避を確認するサンプル予定です。,GP4｜日々・週間・月間
806,GP5 日次確認,2026-09-23 08:00,2026-09-23 09:15,作業,第1会議室,2026-09-23のサンプル予定です。日々・週間・月間表示で使用します。,GP5｜日々・週間・月間
807,GP5 設備確認,2026-09-23 08:15,2026-09-23 09:00,調整,事務室,GP5の表示件数と重なり回避を確認するサンプル予定です。,GP5｜日々・週間・月間
808,GP5 運用レビュー,2026-09-23 09:00,2026-09-23 10:00,会議,オンライン,GP5の表示件数と重なり回避を確認するサンプル予定です。,GP5｜日々・週間・月間
809,GP5 引継ぎ,2026-09-23 09:15,2026-09-23 10:30,確認,現地,GP5の表示件数と重なり回避を確認するサンプル予定です。,GP5｜日々・週間・月間
810,GP6 日次確認,2026-09-23 08:45,2026-09-23 09:30,連絡,第2会議室,2026-09-23のサンプル予定です。日々・週間・月間表示で使用します。,GP6｜日々・週間・月間
811,GP7 日次確認,2026-09-23 09:30,2026-09-23 10:30,点検,作業室,2026-09-23のサンプル予定です。日々・週間・月間表示で使用します。,GP7｜日々・週間・月間
812,GP8 日次確認,2026-09-23 10:15,2026-09-23 11:30,調整,事務室,2026-09-23のサンプル予定です。日々・週間・月間表示で使用します。,GP8｜日々・週間・月間
813,GP1科／GS班 日次確認,2026-09-23 11:00,2026-09-23 11:45,会議,オンライン,2026-09-23のサンプル予定です。日々・週間・月間表示で使用します。,GP1科／GS班｜日々・週間・月間
814,GP1科／JN班 日次確認,2026-09-23 11:45,2026-09-23 12:45,確認,現地,2026-09-23のサンプル予定です。日々・週間・月間表示で使用します。,GP1科／JN班｜日々・週間・月間
815,GP1科／JH班 日次確認,2026-09-23 12:30,2026-09-23 13:45,作業,第1会議室,2026-09-23のサンプル予定です。日々・週間・月間表示で使用します。,GP1科／JH班｜日々・週間・月間
816,GP2科／UK班 日次確認,2026-09-23 13:15,2026-09-23 14:00,連絡,第2会議室,2026-09-23のサンプル予定です。日々・週間・月間表示で使用します。,GP2科／UK班｜日々・週間・月間
817,GP2科／KR班 日次確認,2026-09-23 14:00,2026-09-23 15:00,点検,作業室,2026-09-23のサンプル予定です。日々・週間・月間表示で使用します。,GP2科／KR班｜日々・週間・月間
818,GP3科／KY班 日次確認,2026-09-23 14:45,2026-09-23 16:00,調整,事務室,2026-09-23のサンプル予定です。日々・週間・月間表示で使用します。,GP3科／KY班｜日々・週間・月間
819,GP3科／KK班 日次確認,2026-09-23 08:30,2026-09-23 09:15,会議,オンライン,2026-09-23のサンプル予定です。日々・週間・月間表示で使用します。,GP3科／KK班｜日々・週間・月間
820,GP3科／SS班 日次確認,2026-09-23 09:15,2026-09-23 10:15,確認,現地,2026-09-23のサンプル予定です。日々・週間・月間表示で使用します。,GP3科／SS班｜日々・週間・月間
821,GP4班／KY班 日次確認,2026-09-23 10:00,2026-09-23 11:15,作業,第1会議室,2026-09-23のサンプル予定です。日々・週間・月間表示で使用します。,GP4班／KY班｜日々・週間・月間
822,GP4班／KY2班 日次確認,2026-09-23 10:45,2026-09-23 11:30,連絡,第2会議室,2026-09-23のサンプル予定です。日々・週間・月間表示で使用します。,GP4班／KY2班｜日々・週間・月間
823,GP4班／QY班 日次確認,2026-09-23 11:30,2026-09-23 12:30,点検,作業室,2026-09-23のサンプル予定です。日々・週間・月間表示で使用します。,GP4班／QY班｜日々・週間・月間
824,GP01 日次確認,2026-09-23 12:15,2026-09-23 13:30,調整,事務室,2026-09-23のサンプル予定です。日々・週間・月間表示で使用します。,GP01｜日々・週間・月間
825,GP02 日次確認,2026-09-23 13:00,2026-09-23 13:45,会議,オンライン,2026-09-23のサンプル予定です。日々・週間・月間表示で使用します。,GP02｜日々・週間・月間
826,GP03 日次確認,2026-09-23 13:45,2026-09-23 14:45,確認,現地,2026-09-23のサンプル予定です。日々・週間・月間表示で使用します。,GP03｜日々・週間・月間
827,GP04 日次確認,2026-09-23 14:30,2026-09-23 15:45,作業,第1会議室,2026-09-23のサンプル予定です。日々・週間・月間表示で使用します。,GP04｜日々・週間・月間
828,GP05 日次確認,2026-09-23 08:15,2026-09-23 09:00,連絡,第2会議室,2026-09-23のサンプル予定です。日々・週間・月間表示で使用します。,GP05｜日々・週間・月間
829,GP1 日次確認,2026-09-24 12:30,2026-09-24 13:45,調整,オンライン,2026-09-24のサンプル予定です。日々・週間・月間表示で使用します。,GP1｜日々・週間・月間
830,GP2 日次確認,2026-09-24 13:15,2026-09-24 14:00,会議,現地,2026-09-24のサンプル予定です。日々・週間・月間表示で使用します。,GP2｜日々・週間・月間
831,GP2 受入確認,2026-09-24 08:15,2026-09-24 09:00,作業,第2会議室,GP2の表示件数と重なり回避を確認するサンプル予定です。,GP2｜日々・週間・月間
832,GP2 資料レビュー,2026-09-24 09:00,2026-09-24 10:00,連絡,作業室,GP2の表示件数と重なり回避を確認するサンプル予定です。,GP2｜日々・週間・月間
833,GP2 進捗会議,2026-09-24 09:15,2026-09-24 10:30,点検,事務室,GP2の表示件数と重なり回避を確認するサンプル予定です。,GP2｜日々・週間・月間
834,GP3 日次確認,2026-09-24 14:00,2026-09-24 15:00,確認,第1会議室,2026-09-24のサンプル予定です。日々・週間・月間表示で使用します。,GP3｜日々・週間・月間
835,GP3 作業調整,2026-09-24 08:15,2026-09-24 09:00,連絡,作業室,GP3の表示件数と重なり回避を確認するサンプル予定です。,GP3｜日々・週間・月間
836,GP3 品質確認,2026-09-24 09:00,2026-09-24 10:00,点検,事務室,GP3の表示件数と重なり回避を確認するサンプル予定です。,GP3｜日々・週間・月間
837,GP3 連絡会,2026-09-24 09:15,2026-09-24 10:30,調整,オンライン,GP3の表示件数と重なり回避を確認するサンプル予定です。,GP3｜日々・週間・月間
838,GP4 日次確認,2026-09-24 14:45,2026-09-24 16:00,作業,第2会議室,2026-09-24のサンプル予定です。日々・週間・月間表示で使用します。,GP4｜日々・週間・月間
839,GP4 進捗整理,2026-09-24 08:15,2026-09-24 09:00,点検,事務室,GP4の表示件数と重なり回避を確認するサンプル予定です。,GP4｜日々・週間・月間
840,GP4 課題確認,2026-09-24 09:00,2026-09-24 10:00,調整,オンライン,GP4の表示件数と重なり回避を確認するサンプル予定です。,GP4｜日々・週間・月間
841,GP4 定例打合せ,2026-09-24 09:15,2026-09-24 10:30,会議,現地,GP4の表示件数と重なり回避を確認するサンプル予定です。,GP4｜日々・週間・月間
842,GP5 日次確認,2026-09-24 08:30,2026-09-24 09:15,連絡,作業室,2026-09-24のサンプル予定です。日々・週間・月間表示で使用します。,GP5｜日々・週間・月間
843,GP5 設備確認,2026-09-24 08:15,2026-09-24 09:00,調整,オンライン,GP5の表示件数と重なり回避を確認するサンプル予定です。,GP5｜日々・週間・月間
844,GP5 運用レビュー,2026-09-24 09:00,2026-09-24 10:00,会議,現地,GP5の表示件数と重なり回避を確認するサンプル予定です。,GP5｜日々・週間・月間
845,GP5 引継ぎ,2026-09-24 09:15,2026-09-24 10:30,確認,第1会議室,GP5の表示件数と重なり回避を確認するサンプル予定です。,GP5｜日々・週間・月間
846,GP6 日次確認,2026-09-24 09:15,2026-09-24 10:15,点検,事務室,2026-09-24のサンプル予定です。日々・週間・月間表示で使用します。,GP6｜日々・週間・月間
847,GP7 日次確認,2026-09-24 10:00,2026-09-24 11:15,調整,オンライン,2026-09-24のサンプル予定です。日々・週間・月間表示で使用します。,GP7｜日々・週間・月間
848,GP8 日次確認,2026-09-24 10:45,2026-09-24 11:30,会議,現地,2026-09-24のサンプル予定です。日々・週間・月間表示で使用します。,GP8｜日々・週間・月間
849,GP1科／GS班 日次確認,2026-09-24 11:30,2026-09-24 12:30,確認,第1会議室,2026-09-24のサンプル予定です。日々・週間・月間表示で使用します。,GP1科／GS班｜日々・週間・月間
850,GP1科／JN班 日次確認,2026-09-24 12:15,2026-09-24 13:30,作業,第2会議室,2026-09-24のサンプル予定です。日々・週間・月間表示で使用します。,GP1科／JN班｜日々・週間・月間
851,GP1科／JH班 日次確認,2026-09-24 13:00,2026-09-24 13:45,連絡,作業室,2026-09-24のサンプル予定です。日々・週間・月間表示で使用します。,GP1科／JH班｜日々・週間・月間
852,GP2科／UK班 日次確認,2026-09-24 13:45,2026-09-24 14:45,点検,事務室,2026-09-24のサンプル予定です。日々・週間・月間表示で使用します。,GP2科／UK班｜日々・週間・月間
853,GP2科／KR班 日次確認,2026-09-24 14:30,2026-09-24 15:45,調整,オンライン,2026-09-24のサンプル予定です。日々・週間・月間表示で使用します。,GP2科／KR班｜日々・週間・月間
854,GP3科／KY班 日次確認,2026-09-24 08:15,2026-09-24 09:00,会議,現地,2026-09-24のサンプル予定です。日々・週間・月間表示で使用します。,GP3科／KY班｜日々・週間・月間
855,GP3科／KK班 日次確認,2026-09-24 09:00,2026-09-24 10:00,確認,第1会議室,2026-09-24のサンプル予定です。日々・週間・月間表示で使用します。,GP3科／KK班｜日々・週間・月間
856,GP3科／SS班 日次確認,2026-09-24 09:45,2026-09-24 11:00,作業,第2会議室,2026-09-24のサンプル予定です。日々・週間・月間表示で使用します。,GP3科／SS班｜日々・週間・月間
857,GP4班／KY班 日次確認,2026-09-24 10:30,2026-09-24 11:15,連絡,作業室,2026-09-24のサンプル予定です。日々・週間・月間表示で使用します。,GP4班／KY班｜日々・週間・月間
858,GP4班／KY2班 日次確認,2026-09-24 11:15,2026-09-24 12:15,点検,事務室,2026-09-24のサンプル予定です。日々・週間・月間表示で使用します。,GP4班／KY2班｜日々・週間・月間
859,GP4班／QY班 日次確認,2026-09-24 12:00,2026-09-24 13:15,調整,オンライン,2026-09-24のサンプル予定です。日々・週間・月間表示で使用します。,GP4班／QY班｜日々・週間・月間
860,GP01 日次確認,2026-09-24 12:45,2026-09-24 13:30,会議,現地,2026-09-24のサンプル予定です。日々・週間・月間表示で使用します。,GP01｜日々・週間・月間
861,GP02 日次確認,2026-09-24 13:30,2026-09-24 14:30,確認,第1会議室,2026-09-24のサンプル予定です。日々・週間・月間表示で使用します。,GP02｜日々・週間・月間
862,GP03 日次確認,2026-09-24 14:15,2026-09-24 15:30,作業,第2会議室,2026-09-24のサンプル予定です。日々・週間・月間表示で使用します。,GP03｜日々・週間・月間
863,GP04 日次確認,2026-09-24 08:00,2026-09-24 08:45,連絡,作業室,2026-09-24のサンプル予定です。日々・週間・月間表示で使用します。,GP04｜日々・週間・月間
864,GP05 日次確認,2026-09-24 08:45,2026-09-24 09:45,点検,事務室,2026-09-24のサンプル予定です。日々・週間・月間表示で使用します。,GP05｜日々・週間・月間
865,GP1 日次確認,2026-09-25 13:00,2026-09-25 13:45,会議,第1会議室,2026-09-25のサンプル予定です。日々・週間・月間表示で使用します。,GP1｜日々・週間・月間
866,GP2 日次確認,2026-09-25 13:45,2026-09-25 14:45,確認,第2会議室,2026-09-25のサンプル予定です。日々・週間・月間表示で使用します。,GP2｜日々・週間・月間
867,GP2 受入確認,2026-09-25 08:15,2026-09-25 09:00,作業,作業室,GP2の表示件数と重なり回避を確認するサンプル予定です。,GP2｜日々・週間・月間
868,GP2 資料レビュー,2026-09-25 09:00,2026-09-25 10:00,連絡,事務室,GP2の表示件数と重なり回避を確認するサンプル予定です。,GP2｜日々・週間・月間
869,GP2 進捗会議,2026-09-25 09:15,2026-09-25 10:30,点検,オンライン,GP2の表示件数と重なり回避を確認するサンプル予定です。,GP2｜日々・週間・月間
870,GP3 日次確認,2026-09-25 14:30,2026-09-25 15:45,作業,作業室,2026-09-25のサンプル予定です。日々・週間・月間表示で使用します。,GP3｜日々・週間・月間
871,GP3 作業調整,2026-09-25 08:15,2026-09-25 09:00,連絡,事務室,GP3の表示件数と重なり回避を確認するサンプル予定です。,GP3｜日々・週間・月間
872,GP3 品質確認,2026-09-25 09:00,2026-09-25 10:00,点検,オンライン,GP3の表示件数と重なり回避を確認するサンプル予定です。,GP3｜日々・週間・月間
873,GP3 連絡会,2026-09-25 09:15,2026-09-25 10:30,調整,現地,GP3の表示件数と重なり回避を確認するサンプル予定です。,GP3｜日々・週間・月間
874,GP4 日次確認,2026-09-25 08:15,2026-09-25 09:00,連絡,事務室,2026-09-25のサンプル予定です。日々・週間・月間表示で使用します。,GP4｜日々・週間・月間
875,GP4 進捗整理,2026-09-25 08:15,2026-09-25 09:00,点検,オンライン,GP4の表示件数と重なり回避を確認するサンプル予定です。,GP4｜日々・週間・月間
876,GP4 課題確認,2026-09-25 09:00,2026-09-25 10:00,調整,現地,GP4の表示件数と重なり回避を確認するサンプル予定です。,GP4｜日々・週間・月間
877,GP4 定例打合せ,2026-09-25 09:15,2026-09-25 10:30,会議,第1会議室,GP4の表示件数と重なり回避を確認するサンプル予定です。,GP4｜日々・週間・月間
878,GP5 日次確認,2026-09-25 09:00,2026-09-25 10:00,点検,オンライン,2026-09-25のサンプル予定です。日々・週間・月間表示で使用します。,GP5｜日々・週間・月間
879,GP5 設備確認,2026-09-25 08:15,2026-09-25 09:00,調整,現地,GP5の表示件数と重なり回避を確認するサンプル予定です。,GP5｜日々・週間・月間
880,GP5 運用レビュー,2026-09-25 09:00,2026-09-25 10:00,会議,第1会議室,GP5の表示件数と重なり回避を確認するサンプル予定です。,GP5｜日々・週間・月間
881,GP5 引継ぎ,2026-09-25 09:15,2026-09-25 10:30,確認,第2会議室,GP5の表示件数と重なり回避を確認するサンプル予定です。,GP5｜日々・週間・月間
882,GP6 日次確認,2026-09-25 09:45,2026-09-25 11:00,調整,現地,2026-09-25のサンプル予定です。日々・週間・月間表示で使用します。,GP6｜日々・週間・月間
883,GP7 日次確認,2026-09-25 10:30,2026-09-25 11:15,会議,第1会議室,2026-09-25のサンプル予定です。日々・週間・月間表示で使用します。,GP7｜日々・週間・月間
884,GP8 日次確認,2026-09-25 11:15,2026-09-25 12:15,確認,第2会議室,2026-09-25のサンプル予定です。日々・週間・月間表示で使用します。,GP8｜日々・週間・月間
885,GP1科／GS班 日次確認,2026-09-25 12:00,2026-09-25 13:15,作業,作業室,2026-09-25のサンプル予定です。日々・週間・月間表示で使用します。,GP1科／GS班｜日々・週間・月間
886,GP1科／JN班 日次確認,2026-09-25 12:45,2026-09-25 13:30,連絡,事務室,2026-09-25のサンプル予定です。日々・週間・月間表示で使用します。,GP1科／JN班｜日々・週間・月間
887,GP1科／JH班 日次確認,2026-09-25 13:30,2026-09-25 14:30,点検,オンライン,2026-09-25のサンプル予定です。日々・週間・月間表示で使用します。,GP1科／JH班｜日々・週間・月間
888,GP2科／UK班 日次確認,2026-09-25 14:15,2026-09-25 15:30,調整,現地,2026-09-25のサンプル予定です。日々・週間・月間表示で使用します。,GP2科／UK班｜日々・週間・月間
889,GP2科／KR班 日次確認,2026-09-25 08:00,2026-09-25 08:45,会議,第1会議室,2026-09-25のサンプル予定です。日々・週間・月間表示で使用します。,GP2科／KR班｜日々・週間・月間
890,GP3科／KY班 日次確認,2026-09-25 08:45,2026-09-25 09:45,確認,第2会議室,2026-09-25のサンプル予定です。日々・週間・月間表示で使用します。,GP3科／KY班｜日々・週間・月間
891,GP3科／KK班 日次確認,2026-09-25 09:30,2026-09-25 10:45,作業,作業室,2026-09-25のサンプル予定です。日々・週間・月間表示で使用します。,GP3科／KK班｜日々・週間・月間
892,GP3科／SS班 日次確認,2026-09-25 10:15,2026-09-25 11:00,連絡,事務室,2026-09-25のサンプル予定です。日々・週間・月間表示で使用します。,GP3科／SS班｜日々・週間・月間
893,GP4班／KY班 日次確認,2026-09-25 11:00,2026-09-25 12:00,点検,オンライン,2026-09-25のサンプル予定です。日々・週間・月間表示で使用します。,GP4班／KY班｜日々・週間・月間
894,GP4班／KY2班 日次確認,2026-09-25 11:45,2026-09-25 13:00,調整,現地,2026-09-25のサンプル予定です。日々・週間・月間表示で使用します。,GP4班／KY2班｜日々・週間・月間
895,GP4班／QY班 日次確認,2026-09-25 12:30,2026-09-25 13:15,会議,第1会議室,2026-09-25のサンプル予定です。日々・週間・月間表示で使用します。,GP4班／QY班｜日々・週間・月間
896,GP01 日次確認,2026-09-25 13:15,2026-09-25 14:15,確認,第2会議室,2026-09-25のサンプル予定です。日々・週間・月間表示で使用します。,GP01｜日々・週間・月間
897,GP02 日次確認,2026-09-25 14:00,2026-09-25 15:15,作業,作業室,2026-09-25のサンプル予定です。日々・週間・月間表示で使用します。,GP02｜日々・週間・月間
898,GP03 日次確認,2026-09-25 14:45,2026-09-25 15:30,連絡,事務室,2026-09-25のサンプル予定です。日々・週間・月間表示で使用します。,GP03｜日々・週間・月間
899,GP04 日次確認,2026-09-25 08:30,2026-09-25 09:30,点検,オンライン,2026-09-25のサンプル予定です。日々・週間・月間表示で使用します。,GP04｜日々・週間・月間
900,GP05 日次確認,2026-09-25 09:15,2026-09-25 10:30,調整,現地,2026-09-25のサンプル予定です。日々・週間・月間表示で使用します。,GP05｜日々・週間・月間
901,GP1 日次確認,2026-09-26 13:30,2026-09-26 14:30,確認,作業室,2026-09-26のサンプル予定です。日々・週間・月間表示で使用します。,GP1｜日々・週間・月間
902,GP2 日次確認,2026-09-26 14:15,2026-09-26 15:30,作業,事務室,2026-09-26のサンプル予定です。日々・週間・月間表示で使用します。,GP2｜日々・週間・月間
903,GP2 受入確認,2026-09-26 08:15,2026-09-26 09:00,作業,事務室,GP2の表示件数と重なり回避を確認するサンプル予定です。,GP2｜日々・週間・月間
904,GP2 資料レビュー,2026-09-26 09:00,2026-09-26 10:00,連絡,オンライン,GP2の表示件数と重なり回避を確認するサンプル予定です。,GP2｜日々・週間・月間
905,GP2 進捗会議,2026-09-26 09:15,2026-09-26 10:30,点検,現地,GP2の表示件数と重なり回避を確認するサンプル予定です。,GP2｜日々・週間・月間
906,GP3 日次確認,2026-09-26 08:00,2026-09-26 08:45,連絡,オンライン,2026-09-26のサンプル予定です。日々・週間・月間表示で使用します。,GP3｜日々・週間・月間
907,GP3 作業調整,2026-09-26 08:15,2026-09-26 09:00,連絡,オンライン,GP3の表示件数と重なり回避を確認するサンプル予定です。,GP3｜日々・週間・月間
908,GP3 品質確認,2026-09-26 09:00,2026-09-26 10:00,点検,現地,GP3の表示件数と重なり回避を確認するサンプル予定です。,GP3｜日々・週間・月間
909,GP3 連絡会,2026-09-26 09:15,2026-09-26 10:30,調整,第1会議室,GP3の表示件数と重なり回避を確認するサンプル予定です。,GP3｜日々・週間・月間
910,GP4 日次確認,2026-09-26 08:45,2026-09-26 09:45,点検,現地,2026-09-26のサンプル予定です。日々・週間・月間表示で使用します。,GP4｜日々・週間・月間
911,GP4 進捗整理,2026-09-26 08:15,2026-09-26 09:00,点検,現地,GP4の表示件数と重なり回避を確認するサンプル予定です。,GP4｜日々・週間・月間
912,GP4 課題確認,2026-09-26 09:00,2026-09-26 10:00,調整,第1会議室,GP4の表示件数と重なり回避を確認するサンプル予定です。,GP4｜日々・週間・月間
913,GP4 定例打合せ,2026-09-26 09:15,2026-09-26 10:30,会議,第2会議室,GP4の表示件数と重なり回避を確認するサンプル予定です。,GP4｜日々・週間・月間
914,GP5 日次確認,2026-09-26 09:30,2026-09-26 10:45,調整,第1会議室,2026-09-26のサンプル予定です。日々・週間・月間表示で使用します。,GP5｜日々・週間・月間
915,GP5 設備確認,2026-09-26 08:15,2026-09-26 09:00,調整,第1会議室,GP5の表示件数と重なり回避を確認するサンプル予定です。,GP5｜日々・週間・月間
916,GP5 運用レビュー,2026-09-26 09:00,2026-09-26 10:00,会議,第2会議室,GP5の表示件数と重なり回避を確認するサンプル予定です。,GP5｜日々・週間・月間
917,GP5 引継ぎ,2026-09-26 09:15,2026-09-26 10:30,確認,作業室,GP5の表示件数と重なり回避を確認するサンプル予定です。,GP5｜日々・週間・月間
918,GP6 日次確認,2026-09-26 10:15,2026-09-26 11:00,会議,第2会議室,2026-09-26のサンプル予定です。日々・週間・月間表示で使用します。,GP6｜日々・週間・月間
919,GP7 日次確認,2026-09-26 11:00,2026-09-26 12:00,確認,作業室,2026-09-26のサンプル予定です。日々・週間・月間表示で使用します。,GP7｜日々・週間・月間
920,GP8 日次確認,2026-09-26 11:45,2026-09-26 13:00,作業,事務室,2026-09-26のサンプル予定です。日々・週間・月間表示で使用します。,GP8｜日々・週間・月間
921,GP1科／GS班 日次確認,2026-09-26 12:30,2026-09-26 13:15,連絡,オンライン,2026-09-26のサンプル予定です。日々・週間・月間表示で使用します。,GP1科／GS班｜日々・週間・月間
922,GP1科／JN班 日次確認,2026-09-26 13:15,2026-09-26 14:15,点検,現地,2026-09-26のサンプル予定です。日々・週間・月間表示で使用します。,GP1科／JN班｜日々・週間・月間
923,GP1科／JH班 日次確認,2026-09-26 14:00,2026-09-26 15:15,調整,第1会議室,2026-09-26のサンプル予定です。日々・週間・月間表示で使用します。,GP1科／JH班｜日々・週間・月間
924,GP2科／UK班 日次確認,2026-09-26 14:45,2026-09-26 15:30,会議,第2会議室,2026-09-26のサンプル予定です。日々・週間・月間表示で使用します。,GP2科／UK班｜日々・週間・月間
925,GP2科／KR班 日次確認,2026-09-26 08:30,2026-09-26 09:30,確認,作業室,2026-09-26のサンプル予定です。日々・週間・月間表示で使用します。,GP2科／KR班｜日々・週間・月間
926,GP3科／KY班 日次確認,2026-09-26 09:15,2026-09-26 10:30,作業,事務室,2026-09-26のサンプル予定です。日々・週間・月間表示で使用します。,GP3科／KY班｜日々・週間・月間
927,GP3科／KK班 日次確認,2026-09-26 10:00,2026-09-26 10:45,連絡,オンライン,2026-09-26のサンプル予定です。日々・週間・月間表示で使用します。,GP3科／KK班｜日々・週間・月間
928,GP3科／SS班 日次確認,2026-09-26 10:45,2026-09-26 11:45,点検,現地,2026-09-26のサンプル予定です。日々・週間・月間表示で使用します。,GP3科／SS班｜日々・週間・月間
929,GP4班／KY班 日次確認,2026-09-26 11:30,2026-09-26 12:45,調整,第1会議室,2026-09-26のサンプル予定です。日々・週間・月間表示で使用します。,GP4班／KY班｜日々・週間・月間
930,GP4班／KY2班 日次確認,2026-09-26 12:15,2026-09-26 13:00,会議,第2会議室,2026-09-26のサンプル予定です。日々・週間・月間表示で使用します。,GP4班／KY2班｜日々・週間・月間
931,GP4班／QY班 日次確認,2026-09-26 13:00,2026-09-26 14:00,確認,作業室,2026-09-26のサンプル予定です。日々・週間・月間表示で使用します。,GP4班／QY班｜日々・週間・月間
932,GP01 日次確認,2026-09-26 13:45,2026-09-26 15:00,作業,事務室,2026-09-26のサンプル予定です。日々・週間・月間表示で使用します。,GP01｜日々・週間・月間
933,GP02 日次確認,2026-09-26 14:30,2026-09-26 15:15,連絡,オンライン,2026-09-26のサンプル予定です。日々・週間・月間表示で使用します。,GP02｜日々・週間・月間
934,GP03 日次確認,2026-09-26 08:15,2026-09-26 09:15,点検,現地,2026-09-26のサンプル予定です。日々・週間・月間表示で使用します。,GP03｜日々・週間・月間
935,GP04 日次確認,2026-09-26 09:00,2026-09-26 10:15,調整,第1会議室,2026-09-26のサンプル予定です。日々・週間・月間表示で使用します。,GP04｜日々・週間・月間
936,GP05 日次確認,2026-09-26 09:45,2026-09-26 10:30,会議,第2会議室,2026-09-26のサンプル予定です。日々・週間・月間表示で使用します。,GP05｜日々・週間・月間
937,GP1 日次確認,2026-09-27 14:00,2026-09-27 15:15,作業,オンライン,2026-09-27のサンプル予定です。日々・週間・月間表示で使用します。,GP1｜日々・週間・月間
938,GP2 日次確認,2026-09-27 14:45,2026-09-27 15:30,連絡,現地,2026-09-27のサンプル予定です。日々・週間・月間表示で使用します。,GP2｜日々・週間・月間
939,GP2 受入確認,2026-09-27 08:15,2026-09-27 09:00,作業,オンライン,GP2の表示件数と重なり回避を確認するサンプル予定です。,GP2｜日々・週間・月間
940,GP2 資料レビュー,2026-09-27 09:00,2026-09-27 10:00,連絡,現地,GP2の表示件数と重なり回避を確認するサンプル予定です。,GP2｜日々・週間・月間
941,GP2 進捗会議,2026-09-27 09:15,2026-09-27 10:30,点検,第1会議室,GP2の表示件数と重なり回避を確認するサンプル予定です。,GP2｜日々・週間・月間
942,GP3 日次確認,2026-09-27 08:30,2026-09-27 09:30,点検,第1会議室,2026-09-27のサンプル予定です。日々・週間・月間表示で使用します。,GP3｜日々・週間・月間
943,GP3 作業調整,2026-09-27 08:15,2026-09-27 09:00,連絡,現地,GP3の表示件数と重なり回避を確認するサンプル予定です。,GP3｜日々・週間・月間
944,GP3 品質確認,2026-09-27 09:00,2026-09-27 10:00,点検,第1会議室,GP3の表示件数と重なり回避を確認するサンプル予定です。,GP3｜日々・週間・月間
945,GP3 連絡会,2026-09-27 09:15,2026-09-27 10:30,調整,第2会議室,GP3の表示件数と重なり回避を確認するサンプル予定です。,GP3｜日々・週間・月間
946,GP4 日次確認,2026-09-27 09:15,2026-09-27 10:30,調整,第2会議室,2026-09-27のサンプル予定です。日々・週間・月間表示で使用します。,GP4｜日々・週間・月間
947,GP4 進捗整理,2026-09-27 08:15,2026-09-27 09:00,点検,第1会議室,GP4の表示件数と重なり回避を確認するサンプル予定です。,GP4｜日々・週間・月間
948,GP4 課題確認,2026-09-27 09:00,2026-09-27 10:00,調整,第2会議室,GP4の表示件数と重なり回避を確認するサンプル予定です。,GP4｜日々・週間・月間
949,GP4 定例打合せ,2026-09-27 09:15,2026-09-27 10:30,会議,作業室,GP4の表示件数と重なり回避を確認するサンプル予定です。,GP4｜日々・週間・月間
950,GP5 日次確認,2026-09-27 10:00,2026-09-27 10:45,会議,作業室,2026-09-27のサンプル予定です。日々・週間・月間表示で使用します。,GP5｜日々・週間・月間
951,GP5 設備確認,2026-09-27 08:15,2026-09-27 09:00,調整,第2会議室,GP5の表示件数と重なり回避を確認するサンプル予定です。,GP5｜日々・週間・月間
952,GP5 運用レビュー,2026-09-27 09:00,2026-09-27 10:00,会議,作業室,GP5の表示件数と重なり回避を確認するサンプル予定です。,GP5｜日々・週間・月間
953,GP5 引継ぎ,2026-09-27 09:15,2026-09-27 10:30,確認,事務室,GP5の表示件数と重なり回避を確認するサンプル予定です。,GP5｜日々・週間・月間
954,GP6 日次確認,2026-09-27 10:45,2026-09-27 11:45,確認,事務室,2026-09-27のサンプル予定です。日々・週間・月間表示で使用します。,GP6｜日々・週間・月間
955,GP7 日次確認,2026-09-27 11:30,2026-09-27 12:45,作業,オンライン,2026-09-27のサンプル予定です。日々・週間・月間表示で使用します。,GP7｜日々・週間・月間
956,GP8 日次確認,2026-09-27 12:15,2026-09-27 13:00,連絡,現地,2026-09-27のサンプル予定です。日々・週間・月間表示で使用します。,GP8｜日々・週間・月間
957,GP1科／GS班 日次確認,2026-09-27 13:00,2026-09-27 14:00,点検,第1会議室,2026-09-27のサンプル予定です。日々・週間・月間表示で使用します。,GP1科／GS班｜日々・週間・月間
958,GP1科／JN班 日次確認,2026-09-27 13:45,2026-09-27 15:00,調整,第2会議室,2026-09-27のサンプル予定です。日々・週間・月間表示で使用します。,GP1科／JN班｜日々・週間・月間
959,GP1科／JH班 日次確認,2026-09-27 14:30,2026-09-27 15:15,会議,作業室,2026-09-27のサンプル予定です。日々・週間・月間表示で使用します。,GP1科／JH班｜日々・週間・月間
960,GP2科／UK班 日次確認,2026-09-27 08:15,2026-09-27 09:15,確認,事務室,2026-09-27のサンプル予定です。日々・週間・月間表示で使用します。,GP2科／UK班｜日々・週間・月間
961,GP2科／KR班 日次確認,2026-09-27 09:00,2026-09-27 10:15,作業,オンライン,2026-09-27のサンプル予定です。日々・週間・月間表示で使用します。,GP2科／KR班｜日々・週間・月間
962,GP3科／KY班 日次確認,2026-09-27 09:45,2026-09-27 10:30,連絡,現地,2026-09-27のサンプル予定です。日々・週間・月間表示で使用します。,GP3科／KY班｜日々・週間・月間
963,GP3科／KK班 日次確認,2026-09-27 10:30,2026-09-27 11:30,点検,第1会議室,2026-09-27のサンプル予定です。日々・週間・月間表示で使用します。,GP3科／KK班｜日々・週間・月間
964,GP3科／SS班 日次確認,2026-09-27 11:15,2026-09-27 12:30,調整,第2会議室,2026-09-27のサンプル予定です。日々・週間・月間表示で使用します。,GP3科／SS班｜日々・週間・月間
965,GP4班／KY班 日次確認,2026-09-27 12:00,2026-09-27 12:45,会議,作業室,2026-09-27のサンプル予定です。日々・週間・月間表示で使用します。,GP4班／KY班｜日々・週間・月間
966,GP4班／KY2班 日次確認,2026-09-27 12:45,2026-09-27 13:45,確認,事務室,2026-09-27のサンプル予定です。日々・週間・月間表示で使用します。,GP4班／KY2班｜日々・週間・月間
967,GP4班／QY班 日次確認,2026-09-27 13:30,2026-09-27 14:45,作業,オンライン,2026-09-27のサンプル予定です。日々・週間・月間表示で使用します。,GP4班／QY班｜日々・週間・月間
968,GP01 日次確認,2026-09-27 14:15,2026-09-27 15:00,連絡,現地,2026-09-27のサンプル予定です。日々・週間・月間表示で使用します。,GP01｜日々・週間・月間
969,GP02 日次確認,2026-09-27 08:00,2026-09-27 09:00,点検,第1会議室,2026-09-27のサンプル予定です。日々・週間・月間表示で使用します。,GP02｜日々・週間・月間
970,GP03 日次確認,2026-09-27 08:45,2026-09-27 10:00,調整,第2会議室,2026-09-27のサンプル予定です。日々・週間・月間表示で使用します。,GP03｜日々・週間・月間
971,GP04 日次確認,2026-09-27 09:30,2026-09-27 10:15,会議,作業室,2026-09-27のサンプル予定です。日々・週間・月間表示で使用します。,GP04｜日々・週間・月間
972,GP05 日次確認,2026-09-27 10:15,2026-09-27 11:15,確認,事務室,2026-09-27のサンプル予定です。日々・週間・月間表示で使用します。,GP05｜日々・週間・月間
973,GP1 日次確認,2026-09-28 14:30,2026-09-28 15:15,連絡,第1会議室,2026-09-28のサンプル予定です。日々・週間・月間表示で使用します。,GP1｜日々・週間・月間
974,GP2 日次確認,2026-09-28 08:15,2026-09-28 09:15,点検,第2会議室,2026-09-28のサンプル予定です。日々・週間・月間表示で使用します。,GP2｜日々・週間・月間
975,GP2 受入確認,2026-09-28 08:15,2026-09-28 09:00,作業,現地,GP2の表示件数と重なり回避を確認するサンプル予定です。,GP2｜日々・週間・月間
976,GP2 資料レビュー,2026-09-28 09:00,2026-09-28 10:00,連絡,第1会議室,GP2の表示件数と重なり回避を確認するサンプル予定です。,GP2｜日々・週間・月間
977,GP2 進捗会議,2026-09-28 09:15,2026-09-28 10:30,点検,第2会議室,GP2の表示件数と重なり回避を確認するサンプル予定です。,GP2｜日々・週間・月間
978,GP3 日次確認,2026-09-28 09:00,2026-09-28 10:15,調整,作業室,2026-09-28のサンプル予定です。日々・週間・月間表示で使用します。,GP3｜日々・週間・月間
979,GP3 作業調整,2026-09-28 08:15,2026-09-28 09:00,連絡,第1会議室,GP3の表示件数と重なり回避を確認するサンプル予定です。,GP3｜日々・週間・月間
980,GP3 品質確認,2026-09-28 09:00,2026-09-28 10:00,点検,第2会議室,GP3の表示件数と重なり回避を確認するサンプル予定です。,GP3｜日々・週間・月間
981,GP3 連絡会,2026-09-28 09:15,2026-09-28 10:30,調整,作業室,GP3の表示件数と重なり回避を確認するサンプル予定です。,GP3｜日々・週間・月間
982,GP4 日次確認,2026-09-28 09:45,2026-09-28 10:30,会議,事務室,2026-09-28のサンプル予定です。日々・週間・月間表示で使用します。,GP4｜日々・週間・月間
983,GP4 進捗整理,2026-09-28 08:15,2026-09-28 09:00,点検,第2会議室,GP4の表示件数と重なり回避を確認するサンプル予定です。,GP4｜日々・週間・月間
984,GP4 課題確認,2026-09-28 09:00,2026-09-28 10:00,調整,作業室,GP4の表示件数と重なり回避を確認するサンプル予定です。,GP4｜日々・週間・月間
985,GP4 定例打合せ,2026-09-28 09:15,2026-09-28 10:30,会議,事務室,GP4の表示件数と重なり回避を確認するサンプル予定です。,GP4｜日々・週間・月間
986,GP5 日次確認,2026-09-28 10:30,2026-09-28 11:30,確認,オンライン,2026-09-28のサンプル予定です。日々・週間・月間表示で使用します。,GP5｜日々・週間・月間
987,GP5 設備確認,2026-09-28 08:15,2026-09-28 09:00,調整,作業室,GP5の表示件数と重なり回避を確認するサンプル予定です。,GP5｜日々・週間・月間
988,GP5 運用レビュー,2026-09-28 09:00,2026-09-28 10:00,会議,事務室,GP5の表示件数と重なり回避を確認するサンプル予定です。,GP5｜日々・週間・月間
989,GP5 引継ぎ,2026-09-28 09:15,2026-09-28 10:30,確認,オンライン,GP5の表示件数と重なり回避を確認するサンプル予定です。,GP5｜日々・週間・月間
990,GP6 日次確認,2026-09-28 11:15,2026-09-28 12:30,作業,現地,2026-09-28のサンプル予定です。日々・週間・月間表示で使用します。,GP6｜日々・週間・月間
991,GP7 日次確認,2026-09-28 12:00,2026-09-28 12:45,連絡,第1会議室,2026-09-28のサンプル予定です。日々・週間・月間表示で使用します。,GP7｜日々・週間・月間
992,GP8 日次確認,2026-09-28 12:45,2026-09-28 13:45,点検,第2会議室,2026-09-28のサンプル予定です。日々・週間・月間表示で使用します。,GP8｜日々・週間・月間
993,GP1科／GS班 日次確認,2026-09-28 13:30,2026-09-28 14:45,調整,作業室,2026-09-28のサンプル予定です。日々・週間・月間表示で使用します。,GP1科／GS班｜日々・週間・月間
994,GP1科／JN班 日次確認,2026-09-28 14:15,2026-09-28 15:00,会議,事務室,2026-09-28のサンプル予定です。日々・週間・月間表示で使用します。,GP1科／JN班｜日々・週間・月間
995,GP1科／JH班 日次確認,2026-09-28 08:00,2026-09-28 09:00,確認,オンライン,2026-09-28のサンプル予定です。日々・週間・月間表示で使用します。,GP1科／JH班｜日々・週間・月間
996,GP2科／UK班 日次確認,2026-09-28 08:45,2026-09-28 10:00,作業,現地,2026-09-28のサンプル予定です。日々・週間・月間表示で使用します。,GP2科／UK班｜日々・週間・月間
997,GP2科／KR班 日次確認,2026-09-28 09:30,2026-09-28 10:15,連絡,第1会議室,2026-09-28のサンプル予定です。日々・週間・月間表示で使用します。,GP2科／KR班｜日々・週間・月間
998,GP3科／KY班 日次確認,2026-09-28 10:15,2026-09-28 11:15,点検,第2会議室,2026-09-28のサンプル予定です。日々・週間・月間表示で使用します。,GP3科／KY班｜日々・週間・月間
999,GP3科／KK班 日次確認,2026-09-28 11:00,2026-09-28 12:15,調整,作業室,2026-09-28のサンプル予定です。日々・週間・月間表示で使用します。,GP3科／KK班｜日々・週間・月間
1000,GP3科／SS班 日次確認,2026-09-28 11:45,2026-09-28 12:30,会議,事務室,2026-09-28のサンプル予定です。日々・週間・月間表示で使用します。,GP3科／SS班｜日々・週間・月間
1001,GP4班／KY班 日次確認,2026-09-28 12:30,2026-09-28 13:30,確認,オンライン,2026-09-28のサンプル予定です。日々・週間・月間表示で使用します。,GP4班／KY班｜日々・週間・月間
1002,GP4班／KY2班 日次確認,2026-09-28 13:15,2026-09-28 14:30,作業,現地,2026-09-28のサンプル予定です。日々・週間・月間表示で使用します。,GP4班／KY2班｜日々・週間・月間
1003,GP4班／QY班 日次確認,2026-09-28 14:00,2026-09-28 14:45,連絡,第1会議室,2026-09-28のサンプル予定です。日々・週間・月間表示で使用します。,GP4班／QY班｜日々・週間・月間
1004,GP01 日次確認,2026-09-28 14:45,2026-09-28 15:45,点検,第2会議室,2026-09-28のサンプル予定です。日々・週間・月間表示で使用します。,GP01｜日々・週間・月間
1005,GP02 日次確認,2026-09-28 08:30,2026-09-28 09:45,調整,作業室,2026-09-28のサンプル予定です。日々・週間・月間表示で使用します。,GP02｜日々・週間・月間
1006,GP03 日次確認,2026-09-28 09:15,2026-09-28 10:00,会議,事務室,2026-09-28のサンプル予定です。日々・週間・月間表示で使用します。,GP03｜日々・週間・月間
1007,GP04 日次確認,2026-09-28 10:00,2026-09-28 11:00,確認,オンライン,2026-09-28のサンプル予定です。日々・週間・月間表示で使用します。,GP04｜日々・週間・月間
1008,GP05 日次確認,2026-09-28 10:45,2026-09-28 12:00,作業,現地,2026-09-28のサンプル予定です。日々・週間・月間表示で使用します。,GP05｜日々・週間・月間
1009,GP1 日次確認,2026-09-29 08:00,2026-09-29 09:00,点検,作業室,2026-09-29のサンプル予定です。日々・週間・月間表示で使用します。,GP1｜日々・週間・月間
1010,GP2 日次確認,2026-09-29 08:45,2026-09-29 10:00,調整,事務室,2026-09-29のサンプル予定です。日々・週間・月間表示で使用します。,GP2｜日々・週間・月間
1011,GP2 受入確認,2026-09-29 08:15,2026-09-29 09:00,作業,第1会議室,GP2の表示件数と重なり回避を確認するサンプル予定です。,GP2｜日々・週間・月間
1012,GP2 資料レビュー,2026-09-29 09:00,2026-09-29 10:00,連絡,第2会議室,GP2の表示件数と重なり回避を確認するサンプル予定です。,GP2｜日々・週間・月間
1013,GP2 進捗会議,2026-09-29 09:15,2026-09-29 10:30,点検,作業室,GP2の表示件数と重なり回避を確認するサンプル予定です。,GP2｜日々・週間・月間
1014,GP3 日次確認,2026-09-29 09:30,2026-09-29 10:15,会議,オンライン,2026-09-29のサンプル予定です。日々・週間・月間表示で使用します。,GP3｜日々・週間・月間
1015,GP3 作業調整,2026-09-29 08:15,2026-09-29 09:00,連絡,第2会議室,GP3の表示件数と重なり回避を確認するサンプル予定です。,GP3｜日々・週間・月間
1016,GP3 品質確認,2026-09-29 09:00,2026-09-29 10:00,点検,作業室,GP3の表示件数と重なり回避を確認するサンプル予定です。,GP3｜日々・週間・月間
1017,GP3 連絡会,2026-09-29 09:15,2026-09-29 10:30,調整,事務室,GP3の表示件数と重なり回避を確認するサンプル予定です。,GP3｜日々・週間・月間
1018,GP4 日次確認,2026-09-29 10:15,2026-09-29 11:15,確認,現地,2026-09-29のサンプル予定です。日々・週間・月間表示で使用します。,GP4｜日々・週間・月間
1019,GP4 進捗整理,2026-09-29 08:15,2026-09-29 09:00,点検,作業室,GP4の表示件数と重なり回避を確認するサンプル予定です。,GP4｜日々・週間・月間
1020,GP4 課題確認,2026-09-29 09:00,2026-09-29 10:00,調整,事務室,GP4の表示件数と重なり回避を確認するサンプル予定です。,GP4｜日々・週間・月間
1021,GP4 定例打合せ,2026-09-29 09:15,2026-09-29 10:30,会議,オンライン,GP4の表示件数と重なり回避を確認するサンプル予定です。,GP4｜日々・週間・月間
1022,GP5 日次確認,2026-09-29 11:00,2026-09-29 12:15,作業,第1会議室,2026-09-29のサンプル予定です。日々・週間・月間表示で使用します。,GP5｜日々・週間・月間
1023,GP5 設備確認,2026-09-29 08:15,2026-09-29 09:00,調整,事務室,GP5の表示件数と重なり回避を確認するサンプル予定です。,GP5｜日々・週間・月間
1024,GP5 運用レビュー,2026-09-29 09:00,2026-09-29 10:00,会議,オンライン,GP5の表示件数と重なり回避を確認するサンプル予定です。,GP5｜日々・週間・月間
1025,GP5 引継ぎ,2026-09-29 09:15,2026-09-29 10:30,確認,現地,GP5の表示件数と重なり回避を確認するサンプル予定です。,GP5｜日々・週間・月間
1026,GP6 日次確認,2026-09-29 11:45,2026-09-29 12:30,連絡,第2会議室,2026-09-29のサンプル予定です。日々・週間・月間表示で使用します。,GP6｜日々・週間・月間
1027,GP7 日次確認,2026-09-29 12:30,2026-09-29 13:30,点検,作業室,2026-09-29のサンプル予定です。日々・週間・月間表示で使用します。,GP7｜日々・週間・月間
1028,GP8 日次確認,2026-09-29 13:15,2026-09-29 14:30,調整,事務室,2026-09-29のサンプル予定です。日々・週間・月間表示で使用します。,GP8｜日々・週間・月間
1029,GP1科／GS班 日次確認,2026-09-29 14:00,2026-09-29 14:45,会議,オンライン,2026-09-29のサンプル予定です。日々・週間・月間表示で使用します。,GP1科／GS班｜日々・週間・月間
1030,GP1科／JN班 日次確認,2026-09-29 14:45,2026-09-29 15:45,確認,現地,2026-09-29のサンプル予定です。日々・週間・月間表示で使用します。,GP1科／JN班｜日々・週間・月間
1031,GP1科／JH班 日次確認,2026-09-29 08:30,2026-09-29 09:45,作業,第1会議室,2026-09-29のサンプル予定です。日々・週間・月間表示で使用します。,GP1科／JH班｜日々・週間・月間
1032,GP2科／UK班 日次確認,2026-09-29 09:15,2026-09-29 10:00,連絡,第2会議室,2026-09-29のサンプル予定です。日々・週間・月間表示で使用します。,GP2科／UK班｜日々・週間・月間
1033,GP2科／KR班 日次確認,2026-09-29 10:00,2026-09-29 11:00,点検,作業室,2026-09-29のサンプル予定です。日々・週間・月間表示で使用します。,GP2科／KR班｜日々・週間・月間
1034,GP3科／KY班 日次確認,2026-09-29 10:45,2026-09-29 12:00,調整,事務室,2026-09-29のサンプル予定です。日々・週間・月間表示で使用します。,GP3科／KY班｜日々・週間・月間
1035,GP3科／KK班 日次確認,2026-09-29 11:30,2026-09-29 12:15,会議,オンライン,2026-09-29のサンプル予定です。日々・週間・月間表示で使用します。,GP3科／KK班｜日々・週間・月間
1036,GP3科／SS班 日次確認,2026-09-29 12:15,2026-09-29 13:15,確認,現地,2026-09-29のサンプル予定です。日々・週間・月間表示で使用します。,GP3科／SS班｜日々・週間・月間
1037,GP4班／KY班 日次確認,2026-09-29 13:00,2026-09-29 14:15,作業,第1会議室,2026-09-29のサンプル予定です。日々・週間・月間表示で使用します。,GP4班／KY班｜日々・週間・月間
1038,GP4班／KY2班 日次確認,2026-09-29 13:45,2026-09-29 14:30,連絡,第2会議室,2026-09-29のサンプル予定です。日々・週間・月間表示で使用します。,GP4班／KY2班｜日々・週間・月間
1039,GP4班／QY班 日次確認,2026-09-29 14:30,2026-09-29 15:30,点検,作業室,2026-09-29のサンプル予定です。日々・週間・月間表示で使用します。,GP4班／QY班｜日々・週間・月間
1040,GP01 日次確認,2026-09-29 08:15,2026-09-29 09:30,調整,事務室,2026-09-29のサンプル予定です。日々・週間・月間表示で使用します。,GP01｜日々・週間・月間
1041,GP02 日次確認,2026-09-29 09:00,2026-09-29 09:45,会議,オンライン,2026-09-29のサンプル予定です。日々・週間・月間表示で使用します。,GP02｜日々・週間・月間
1042,GP03 日次確認,2026-09-29 09:45,2026-09-29 10:45,確認,現地,2026-09-29のサンプル予定です。日々・週間・月間表示で使用します。,GP03｜日々・週間・月間
1043,GP04 日次確認,2026-09-29 10:30,2026-09-29 11:45,作業,第1会議室,2026-09-29のサンプル予定です。日々・週間・月間表示で使用します。,GP04｜日々・週間・月間
1044,GP05 日次確認,2026-09-29 11:15,2026-09-29 12:00,連絡,第2会議室,2026-09-29のサンプル予定です。日々・週間・月間表示で使用します。,GP05｜日々・週間・月間
1045,GP1 日次確認,2026-09-30 08:30,2026-09-30 09:45,調整,オンライン,2026-09-30のサンプル予定です。日々・週間・月間表示で使用します。,GP1｜日々・週間・月間
1046,GP2 日次確認,2026-09-30 09:15,2026-09-30 10:00,会議,現地,2026-09-30のサンプル予定です。日々・週間・月間表示で使用します。,GP2｜日々・週間・月間
1047,GP2 受入確認,2026-09-30 08:15,2026-09-30 09:00,作業,第2会議室,GP2の表示件数と重なり回避を確認するサンプル予定です。,GP2｜日々・週間・月間
1048,GP2 資料レビュー,2026-09-30 09:00,2026-09-30 10:00,連絡,作業室,GP2の表示件数と重なり回避を確認するサンプル予定です。,GP2｜日々・週間・月間
1049,GP2 進捗会議,2026-09-30 09:15,2026-09-30 10:30,点検,事務室,GP2の表示件数と重なり回避を確認するサンプル予定です。,GP2｜日々・週間・月間
1050,GP3 日次確認,2026-09-30 10:00,2026-09-30 11:00,確認,第1会議室,2026-09-30のサンプル予定です。日々・週間・月間表示で使用します。,GP3｜日々・週間・月間
1051,GP3 作業調整,2026-09-30 08:15,2026-09-30 09:00,連絡,作業室,GP3の表示件数と重なり回避を確認するサンプル予定です。,GP3｜日々・週間・月間
1052,GP3 品質確認,2026-09-30 09:00,2026-09-30 10:00,点検,事務室,GP3の表示件数と重なり回避を確認するサンプル予定です。,GP3｜日々・週間・月間
1053,GP3 連絡会,2026-09-30 09:15,2026-09-30 10:30,調整,オンライン,GP3の表示件数と重なり回避を確認するサンプル予定です。,GP3｜日々・週間・月間
1054,GP4 日次確認,2026-09-30 10:45,2026-09-30 12:00,作業,第2会議室,2026-09-30のサンプル予定です。日々・週間・月間表示で使用します。,GP4｜日々・週間・月間
1055,GP4 進捗整理,2026-09-30 08:15,2026-09-30 09:00,点検,事務室,GP4の表示件数と重なり回避を確認するサンプル予定です。,GP4｜日々・週間・月間
1056,GP4 課題確認,2026-09-30 09:00,2026-09-30 10:00,調整,オンライン,GP4の表示件数と重なり回避を確認するサンプル予定です。,GP4｜日々・週間・月間
1057,GP4 定例打合せ,2026-09-30 09:15,2026-09-30 10:30,会議,現地,GP4の表示件数と重なり回避を確認するサンプル予定です。,GP4｜日々・週間・月間
1058,GP5 日次確認,2026-09-30 11:30,2026-09-30 12:15,連絡,作業室,2026-09-30のサンプル予定です。日々・週間・月間表示で使用します。,GP5｜日々・週間・月間
1059,GP5 設備確認,2026-09-30 08:15,2026-09-30 09:00,調整,オンライン,GP5の表示件数と重なり回避を確認するサンプル予定です。,GP5｜日々・週間・月間
1060,GP5 運用レビュー,2026-09-30 09:00,2026-09-30 10:00,会議,現地,GP5の表示件数と重なり回避を確認するサンプル予定です。,GP5｜日々・週間・月間
1061,GP5 引継ぎ,2026-09-30 09:15,2026-09-30 10:30,確認,第1会議室,GP5の表示件数と重なり回避を確認するサンプル予定です。,GP5｜日々・週間・月間
1062,GP6 日次確認,2026-09-30 12:15,2026-09-30 13:15,点検,事務室,2026-09-30のサンプル予定です。日々・週間・月間表示で使用します。,GP6｜日々・週間・月間
1063,GP7 日次確認,2026-09-30 13:00,2026-09-30 14:15,調整,オンライン,2026-09-30のサンプル予定です。日々・週間・月間表示で使用します。,GP7｜日々・週間・月間
1064,GP8 日次確認,2026-09-30 13:45,2026-09-30 14:30,会議,現地,2026-09-30のサンプル予定です。日々・週間・月間表示で使用します。,GP8｜日々・週間・月間
1065,GP1科／GS班 日次確認,2026-09-30 14:30,2026-09-30 15:30,確認,第1会議室,2026-09-30のサンプル予定です。日々・週間・月間表示で使用します。,GP1科／GS班｜日々・週間・月間
1066,GP1科／JN班 日次確認,2026-09-30 08:15,2026-09-30 09:30,作業,第2会議室,2026-09-30のサンプル予定です。日々・週間・月間表示で使用します。,GP1科／JN班｜日々・週間・月間
1067,GP1科／JH班 日次確認,2026-09-30 09:00,2026-09-30 09:45,連絡,作業室,2026-09-30のサンプル予定です。日々・週間・月間表示で使用します。,GP1科／JH班｜日々・週間・月間
1068,GP2科／UK班 日次確認,2026-09-30 09:45,2026-09-30 10:45,点検,事務室,2026-09-30のサンプル予定です。日々・週間・月間表示で使用します。,GP2科／UK班｜日々・週間・月間
1069,GP2科／KR班 日次確認,2026-09-30 10:30,2026-09-30 11:45,調整,オンライン,2026-09-30のサンプル予定です。日々・週間・月間表示で使用します。,GP2科／KR班｜日々・週間・月間
1070,GP3科／KY班 日次確認,2026-09-30 11:15,2026-09-30 12:00,会議,現地,2026-09-30のサンプル予定です。日々・週間・月間表示で使用します。,GP3科／KY班｜日々・週間・月間
1071,GP3科／KK班 日次確認,2026-09-30 12:00,2026-09-30 13:00,確認,第1会議室,2026-09-30のサンプル予定です。日々・週間・月間表示で使用します。,GP3科／KK班｜日々・週間・月間
1072,GP3科／SS班 日次確認,2026-09-30 12:45,2026-09-30 14:00,作業,第2会議室,2026-09-30のサンプル予定です。日々・週間・月間表示で使用します。,GP3科／SS班｜日々・週間・月間
1073,GP4班／KY班 日次確認,2026-09-30 13:30,2026-09-30 14:15,連絡,作業室,2026-09-30のサンプル予定です。日々・週間・月間表示で使用します。,GP4班／KY班｜日々・週間・月間
1074,GP4班／KY2班 日次確認,2026-09-30 14:15,2026-09-30 15:15,点検,事務室,2026-09-30のサンプル予定です。日々・週間・月間表示で使用します。,GP4班／KY2班｜日々・週間・月間
1075,GP4班／QY班 日次確認,2026-09-30 08:00,2026-09-30 09:15,調整,オンライン,2026-09-30のサンプル予定です。日々・週間・月間表示で使用します。,GP4班／QY班｜日々・週間・月間
1076,GP01 日次確認,2026-09-30 08:45,2026-09-30 09:30,会議,現地,2026-09-30のサンプル予定です。日々・週間・月間表示で使用します。,GP01｜日々・週間・月間
1077,GP02 日次確認,2026-09-30 09:30,2026-09-30 10:30,確認,第1会議室,2026-09-30のサンプル予定です。日々・週間・月間表示で使用します。,GP02｜日々・週間・月間
1078,GP03 日次確認,2026-09-30 10:15,2026-09-30 11:30,作業,第2会議室,2026-09-30のサンプル予定です。日々・週間・月間表示で使用します。,GP03｜日々・週間・月間
1079,GP04 日次確認,2026-09-30 11:00,2026-09-30 11:45,連絡,作業室,2026-09-30のサンプル予定です。日々・週間・月間表示で使用します。,GP04｜日々・週間・月間
1080,GP05 日次確認,2026-09-30 11:45,2026-09-30 12:45,点検,事務室,2026-09-30のサンプル予定です。日々・週間・月間表示で使用します。,GP05｜日々・週間・月間
1081,GP1 日次確認,2026-10-01 09:00,2026-10-01 09:45,会議,第1会議室,2026-10-01のサンプル予定です。日々・週間・月間表示で使用します。,GP1｜日々・週間・月間
1082,GP2 日次確認,2026-10-01 09:45,2026-10-01 10:45,確認,第2会議室,2026-10-01のサンプル予定です。日々・週間・月間表示で使用します。,GP2｜日々・週間・月間
1083,GP2 受入確認,2026-10-01 08:15,2026-10-01 09:00,作業,作業室,GP2の表示件数と重なり回避を確認するサンプル予定です。,GP2｜日々・週間・月間
1084,GP2 資料レビュー,2026-10-01 09:00,2026-10-01 10:00,連絡,事務室,GP2の表示件数と重なり回避を確認するサンプル予定です。,GP2｜日々・週間・月間
1085,GP2 進捗会議,2026-10-01 09:15,2026-10-01 10:30,点検,オンライン,GP2の表示件数と重なり回避を確認するサンプル予定です。,GP2｜日々・週間・月間
1086,GP3 日次確認,2026-10-01 10:30,2026-10-01 11:45,作業,作業室,2026-10-01のサンプル予定です。日々・週間・月間表示で使用します。,GP3｜日々・週間・月間
1087,GP3 作業調整,2026-10-01 08:15,2026-10-01 09:00,連絡,事務室,GP3の表示件数と重なり回避を確認するサンプル予定です。,GP3｜日々・週間・月間
1088,GP3 品質確認,2026-10-01 09:00,2026-10-01 10:00,点検,オンライン,GP3の表示件数と重なり回避を確認するサンプル予定です。,GP3｜日々・週間・月間
1089,GP3 連絡会,2026-10-01 09:15,2026-10-01 10:30,調整,現地,GP3の表示件数と重なり回避を確認するサンプル予定です。,GP3｜日々・週間・月間
1090,GP4 日次確認,2026-10-01 11:15,2026-10-01 12:00,連絡,事務室,2026-10-01のサンプル予定です。日々・週間・月間表示で使用します。,GP4｜日々・週間・月間
1091,GP4 進捗整理,2026-10-01 08:15,2026-10-01 09:00,点検,オンライン,GP4の表示件数と重なり回避を確認するサンプル予定です。,GP4｜日々・週間・月間
1092,GP4 課題確認,2026-10-01 09:00,2026-10-01 10:00,調整,現地,GP4の表示件数と重なり回避を確認するサンプル予定です。,GP4｜日々・週間・月間
1093,GP4 定例打合せ,2026-10-01 09:15,2026-10-01 10:30,会議,第1会議室,GP4の表示件数と重なり回避を確認するサンプル予定です。,GP4｜日々・週間・月間
1094,GP5 日次確認,2026-10-01 12:00,2026-10-01 13:00,点検,オンライン,2026-10-01のサンプル予定です。日々・週間・月間表示で使用します。,GP5｜日々・週間・月間
1095,GP5 設備確認,2026-10-01 08:15,2026-10-01 09:00,調整,現地,GP5の表示件数と重なり回避を確認するサンプル予定です。,GP5｜日々・週間・月間
1096,GP5 運用レビュー,2026-10-01 09:00,2026-10-01 10:00,会議,第1会議室,GP5の表示件数と重なり回避を確認するサンプル予定です。,GP5｜日々・週間・月間
1097,GP5 引継ぎ,2026-10-01 09:15,2026-10-01 10:30,確認,第2会議室,GP5の表示件数と重なり回避を確認するサンプル予定です。,GP5｜日々・週間・月間
1098,GP6 日次確認,2026-10-01 12:45,2026-10-01 14:00,調整,現地,2026-10-01のサンプル予定です。日々・週間・月間表示で使用します。,GP6｜日々・週間・月間
1099,GP7 日次確認,2026-10-01 13:30,2026-10-01 14:15,会議,第1会議室,2026-10-01のサンプル予定です。日々・週間・月間表示で使用します。,GP7｜日々・週間・月間
1100,GP8 日次確認,2026-10-01 14:15,2026-10-01 15:15,確認,第2会議室,2026-10-01のサンプル予定です。日々・週間・月間表示で使用します。,GP8｜日々・週間・月間
1101,GP1科／GS班 日次確認,2026-10-01 08:00,2026-10-01 09:15,作業,作業室,2026-10-01のサンプル予定です。日々・週間・月間表示で使用します。,GP1科／GS班｜日々・週間・月間
1102,GP1科／JN班 日次確認,2026-10-01 08:45,2026-10-01 09:30,連絡,事務室,2026-10-01のサンプル予定です。日々・週間・月間表示で使用します。,GP1科／JN班｜日々・週間・月間
1103,GP1科／JH班 日次確認,2026-10-01 09:30,2026-10-01 10:30,点検,オンライン,2026-10-01のサンプル予定です。日々・週間・月間表示で使用します。,GP1科／JH班｜日々・週間・月間
1104,GP2科／UK班 日次確認,2026-10-01 10:15,2026-10-01 11:30,調整,現地,2026-10-01のサンプル予定です。日々・週間・月間表示で使用します。,GP2科／UK班｜日々・週間・月間
1105,GP2科／KR班 日次確認,2026-10-01 11:00,2026-10-01 11:45,会議,第1会議室,2026-10-01のサンプル予定です。日々・週間・月間表示で使用します。,GP2科／KR班｜日々・週間・月間
1106,GP3科／KY班 日次確認,2026-10-01 11:45,2026-10-01 12:45,確認,第2会議室,2026-10-01のサンプル予定です。日々・週間・月間表示で使用します。,GP3科／KY班｜日々・週間・月間
1107,GP3科／KK班 日次確認,2026-10-01 12:30,2026-10-01 13:45,作業,作業室,2026-10-01のサンプル予定です。日々・週間・月間表示で使用します。,GP3科／KK班｜日々・週間・月間
1108,GP3科／SS班 日次確認,2026-10-01 13:15,2026-10-01 14:00,連絡,事務室,2026-10-01のサンプル予定です。日々・週間・月間表示で使用します。,GP3科／SS班｜日々・週間・月間
1109,GP4班／KY班 日次確認,2026-10-01 14:00,2026-10-01 15:00,点検,オンライン,2026-10-01のサンプル予定です。日々・週間・月間表示で使用します。,GP4班／KY班｜日々・週間・月間
1110,GP4班／KY2班 日次確認,2026-10-01 14:45,2026-10-01 16:00,調整,現地,2026-10-01のサンプル予定です。日々・週間・月間表示で使用します。,GP4班／KY2班｜日々・週間・月間
1111,GP4班／QY班 日次確認,2026-10-01 08:30,2026-10-01 09:15,会議,第1会議室,2026-10-01のサンプル予定です。日々・週間・月間表示で使用します。,GP4班／QY班｜日々・週間・月間
1112,GP01 日次確認,2026-10-01 09:15,2026-10-01 10:15,確認,第2会議室,2026-10-01のサンプル予定です。日々・週間・月間表示で使用します。,GP01｜日々・週間・月間
1113,GP02 日次確認,2026-10-01 10:00,2026-10-01 11:15,作業,作業室,2026-10-01のサンプル予定です。日々・週間・月間表示で使用します。,GP02｜日々・週間・月間
1114,GP03 日次確認,2026-10-01 10:45,2026-10-01 11:30,連絡,事務室,2026-10-01のサンプル予定です。日々・週間・月間表示で使用します。,GP03｜日々・週間・月間
1115,GP04 日次確認,2026-10-01 11:30,2026-10-01 12:30,点検,オンライン,2026-10-01のサンプル予定です。日々・週間・月間表示で使用します。,GP04｜日々・週間・月間
1116,GP05 日次確認,2026-10-01 12:15,2026-10-01 13:30,調整,現地,2026-10-01のサンプル予定です。日々・週間・月間表示で使用します。,GP05｜日々・週間・月間
1117,GP1 日次確認,2026-10-02 09:30,2026-10-02 10:30,確認,作業室,2026-10-02のサンプル予定です。日々・週間・月間表示で使用します。,GP1｜日々・週間・月間
1118,GP2 日次確認,2026-10-02 10:15,2026-10-02 11:30,作業,事務室,2026-10-02のサンプル予定です。日々・週間・月間表示で使用します。,GP2｜日々・週間・月間
1119,GP2 受入確認,2026-10-02 08:15,2026-10-02 09:00,作業,事務室,GP2の表示件数と重なり回避を確認するサンプル予定です。,GP2｜日々・週間・月間
1120,GP2 資料レビュー,2026-10-02 09:00,2026-10-02 10:00,連絡,オンライン,GP2の表示件数と重なり回避を確認するサンプル予定です。,GP2｜日々・週間・月間
1121,GP2 進捗会議,2026-10-02 09:15,2026-10-02 10:30,点検,現地,GP2の表示件数と重なり回避を確認するサンプル予定です。,GP2｜日々・週間・月間
1122,GP3 日次確認,2026-10-02 11:00,2026-10-02 11:45,連絡,オンライン,2026-10-02のサンプル予定です。日々・週間・月間表示で使用します。,GP3｜日々・週間・月間
1123,GP3 作業調整,2026-10-02 08:15,2026-10-02 09:00,連絡,オンライン,GP3の表示件数と重なり回避を確認するサンプル予定です。,GP3｜日々・週間・月間
1124,GP3 品質確認,2026-10-02 09:00,2026-10-02 10:00,点検,現地,GP3の表示件数と重なり回避を確認するサンプル予定です。,GP3｜日々・週間・月間
1125,GP3 連絡会,2026-10-02 09:15,2026-10-02 10:30,調整,第1会議室,GP3の表示件数と重なり回避を確認するサンプル予定です。,GP3｜日々・週間・月間
1126,GP4 日次確認,2026-10-02 11:45,2026-10-02 12:45,点検,現地,2026-10-02のサンプル予定です。日々・週間・月間表示で使用します。,GP4｜日々・週間・月間
1127,GP4 進捗整理,2026-10-02 08:15,2026-10-02 09:00,点検,現地,GP4の表示件数と重なり回避を確認するサンプル予定です。,GP4｜日々・週間・月間
1128,GP4 課題確認,2026-10-02 09:00,2026-10-02 10:00,調整,第1会議室,GP4の表示件数と重なり回避を確認するサンプル予定です。,GP4｜日々・週間・月間
1129,GP4 定例打合せ,2026-10-02 09:15,2026-10-02 10:30,会議,第2会議室,GP4の表示件数と重なり回避を確認するサンプル予定です。,GP4｜日々・週間・月間
1130,GP5 日次確認,2026-10-02 12:30,2026-10-02 13:45,調整,第1会議室,2026-10-02のサンプル予定です。日々・週間・月間表示で使用します。,GP5｜日々・週間・月間
1131,GP5 設備確認,2026-10-02 08:15,2026-10-02 09:00,調整,第1会議室,GP5の表示件数と重なり回避を確認するサンプル予定です。,GP5｜日々・週間・月間
1132,GP5 運用レビュー,2026-10-02 09:00,2026-10-02 10:00,会議,第2会議室,GP5の表示件数と重なり回避を確認するサンプル予定です。,GP5｜日々・週間・月間
1133,GP5 引継ぎ,2026-10-02 09:15,2026-10-02 10:30,確認,作業室,GP5の表示件数と重なり回避を確認するサンプル予定です。,GP5｜日々・週間・月間
1134,GP6 日次確認,2026-10-02 13:15,2026-10-02 14:00,会議,第2会議室,2026-10-02のサンプル予定です。日々・週間・月間表示で使用します。,GP6｜日々・週間・月間
1135,GP7 日次確認,2026-10-02 14:00,2026-10-02 15:00,確認,作業室,2026-10-02のサンプル予定です。日々・週間・月間表示で使用します。,GP7｜日々・週間・月間
1136,GP8 日次確認,2026-10-02 14:45,2026-10-02 16:00,作業,事務室,2026-10-02のサンプル予定です。日々・週間・月間表示で使用します。,GP8｜日々・週間・月間
1137,GP1科／GS班 日次確認,2026-10-02 08:30,2026-10-02 09:15,連絡,オンライン,2026-10-02のサンプル予定です。日々・週間・月間表示で使用します。,GP1科／GS班｜日々・週間・月間
1138,GP1科／JN班 日次確認,2026-10-02 09:15,2026-10-02 10:15,点検,現地,2026-10-02のサンプル予定です。日々・週間・月間表示で使用します。,GP1科／JN班｜日々・週間・月間
1139,GP1科／JH班 日次確認,2026-10-02 10:00,2026-10-02 11:15,調整,第1会議室,2026-10-02のサンプル予定です。日々・週間・月間表示で使用します。,GP1科／JH班｜日々・週間・月間
1140,GP2科／UK班 日次確認,2026-10-02 10:45,2026-10-02 11:30,会議,第2会議室,2026-10-02のサンプル予定です。日々・週間・月間表示で使用します。,GP2科／UK班｜日々・週間・月間
1141,GP2科／KR班 日次確認,2026-10-02 11:30,2026-10-02 12:30,確認,作業室,2026-10-02のサンプル予定です。日々・週間・月間表示で使用します。,GP2科／KR班｜日々・週間・月間
1142,GP3科／KY班 日次確認,2026-10-02 12:15,2026-10-02 13:30,作業,事務室,2026-10-02のサンプル予定です。日々・週間・月間表示で使用します。,GP3科／KY班｜日々・週間・月間
1143,GP3科／KK班 日次確認,2026-10-02 13:00,2026-10-02 13:45,連絡,オンライン,2026-10-02のサンプル予定です。日々・週間・月間表示で使用します。,GP3科／KK班｜日々・週間・月間
1144,GP3科／SS班 日次確認,2026-10-02 13:45,2026-10-02 14:45,点検,現地,2026-10-02のサンプル予定です。日々・週間・月間表示で使用します。,GP3科／SS班｜日々・週間・月間
1145,GP4班／KY班 日次確認,2026-10-02 14:30,2026-10-02 15:45,調整,第1会議室,2026-10-02のサンプル予定です。日々・週間・月間表示で使用します。,GP4班／KY班｜日々・週間・月間
1146,GP4班／KY2班 日次確認,2026-10-02 08:15,2026-10-02 09:00,会議,第2会議室,2026-10-02のサンプル予定です。日々・週間・月間表示で使用します。,GP4班／KY2班｜日々・週間・月間
1147,GP4班／QY班 日次確認,2026-10-02 09:00,2026-10-02 10:00,確認,作業室,2026-10-02のサンプル予定です。日々・週間・月間表示で使用します。,GP4班／QY班｜日々・週間・月間
1148,GP01 日次確認,2026-10-02 09:45,2026-10-02 11:00,作業,事務室,2026-10-02のサンプル予定です。日々・週間・月間表示で使用します。,GP01｜日々・週間・月間
1149,GP02 日次確認,2026-10-02 10:30,2026-10-02 11:15,連絡,オンライン,2026-10-02のサンプル予定です。日々・週間・月間表示で使用します。,GP02｜日々・週間・月間
1150,GP03 日次確認,2026-10-02 11:15,2026-10-02 12:15,点検,現地,2026-10-02のサンプル予定です。日々・週間・月間表示で使用します。,GP03｜日々・週間・月間
1151,GP04 日次確認,2026-10-02 12:00,2026-10-02 13:15,調整,第1会議室,2026-10-02のサンプル予定です。日々・週間・月間表示で使用します。,GP04｜日々・週間・月間
1152,GP05 日次確認,2026-10-02 12:45,2026-10-02 13:30,会議,第2会議室,2026-10-02のサンプル予定です。日々・週間・月間表示で使用します。,GP05｜日々・週間・月間
1153,GP1 日次確認,2026-10-03 10:00,2026-10-03 11:15,作業,オンライン,2026-10-03のサンプル予定です。日々・週間・月間表示で使用します。,GP1｜日々・週間・月間
1154,GP2 日次確認,2026-10-03 10:45,2026-10-03 11:30,連絡,現地,2026-10-03のサンプル予定です。日々・週間・月間表示で使用します。,GP2｜日々・週間・月間
1155,GP2 受入確認,2026-10-03 08:15,2026-10-03 09:00,作業,オンライン,GP2の表示件数と重なり回避を確認するサンプル予定です。,GP2｜日々・週間・月間
1156,GP2 資料レビュー,2026-10-03 09:00,2026-10-03 10:00,連絡,現地,GP2の表示件数と重なり回避を確認するサンプル予定です。,GP2｜日々・週間・月間
1157,GP2 進捗会議,2026-10-03 09:15,2026-10-03 10:30,点検,第1会議室,GP2の表示件数と重なり回避を確認するサンプル予定です。,GP2｜日々・週間・月間
1158,GP3 日次確認,2026-10-03 11:30,2026-10-03 12:30,点検,第1会議室,2026-10-03のサンプル予定です。日々・週間・月間表示で使用します。,GP3｜日々・週間・月間
1159,GP3 作業調整,2026-10-03 08:15,2026-10-03 09:00,連絡,現地,GP3の表示件数と重なり回避を確認するサンプル予定です。,GP3｜日々・週間・月間
1160,GP3 品質確認,2026-10-03 09:00,2026-10-03 10:00,点検,第1会議室,GP3の表示件数と重なり回避を確認するサンプル予定です。,GP3｜日々・週間・月間
1161,GP3 連絡会,2026-10-03 09:15,2026-10-03 10:30,調整,第2会議室,GP3の表示件数と重なり回避を確認するサンプル予定です。,GP3｜日々・週間・月間
1162,GP4 日次確認,2026-10-03 12:15,2026-10-03 13:30,調整,第2会議室,2026-10-03のサンプル予定です。日々・週間・月間表示で使用します。,GP4｜日々・週間・月間
1163,GP4 進捗整理,2026-10-03 08:15,2026-10-03 09:00,点検,第1会議室,GP4の表示件数と重なり回避を確認するサンプル予定です。,GP4｜日々・週間・月間
1164,GP4 課題確認,2026-10-03 09:00,2026-10-03 10:00,調整,第2会議室,GP4の表示件数と重なり回避を確認するサンプル予定です。,GP4｜日々・週間・月間
1165,GP4 定例打合せ,2026-10-03 09:15,2026-10-03 10:30,会議,作業室,GP4の表示件数と重なり回避を確認するサンプル予定です。,GP4｜日々・週間・月間
1166,GP5 日次確認,2026-10-03 13:00,2026-10-03 13:45,会議,作業室,2026-10-03のサンプル予定です。日々・週間・月間表示で使用します。,GP5｜日々・週間・月間
1167,GP5 設備確認,2026-10-03 08:15,2026-10-03 09:00,調整,第2会議室,GP5の表示件数と重なり回避を確認するサンプル予定です。,GP5｜日々・週間・月間
1168,GP5 運用レビュー,2026-10-03 09:00,2026-10-03 10:00,会議,作業室,GP5の表示件数と重なり回避を確認するサンプル予定です。,GP5｜日々・週間・月間
1169,GP5 引継ぎ,2026-10-03 09:15,2026-10-03 10:30,確認,事務室,GP5の表示件数と重なり回避を確認するサンプル予定です。,GP5｜日々・週間・月間
1170,GP6 日次確認,2026-10-03 13:45,2026-10-03 14:45,確認,事務室,2026-10-03のサンプル予定です。日々・週間・月間表示で使用します。,GP6｜日々・週間・月間
1171,GP7 日次確認,2026-10-03 14:30,2026-10-03 15:45,作業,オンライン,2026-10-03のサンプル予定です。日々・週間・月間表示で使用します。,GP7｜日々・週間・月間
1172,GP8 日次確認,2026-10-03 08:15,2026-10-03 09:00,連絡,現地,2026-10-03のサンプル予定です。日々・週間・月間表示で使用します。,GP8｜日々・週間・月間
1173,GP1科／GS班 日次確認,2026-10-03 09:00,2026-10-03 10:00,点検,第1会議室,2026-10-03のサンプル予定です。日々・週間・月間表示で使用します。,GP1科／GS班｜日々・週間・月間
1174,GP1科／JN班 日次確認,2026-10-03 09:45,2026-10-03 11:00,調整,第2会議室,2026-10-03のサンプル予定です。日々・週間・月間表示で使用します。,GP1科／JN班｜日々・週間・月間
1175,GP1科／JH班 日次確認,2026-10-03 10:30,2026-10-03 11:15,会議,作業室,2026-10-03のサンプル予定です。日々・週間・月間表示で使用します。,GP1科／JH班｜日々・週間・月間
1176,GP2科／UK班 日次確認,2026-10-03 11:15,2026-10-03 12:15,確認,事務室,2026-10-03のサンプル予定です。日々・週間・月間表示で使用します。,GP2科／UK班｜日々・週間・月間
1177,GP2科／KR班 日次確認,2026-10-03 12:00,2026-10-03 13:15,作業,オンライン,2026-10-03のサンプル予定です。日々・週間・月間表示で使用します。,GP2科／KR班｜日々・週間・月間
1178,GP3科／KY班 日次確認,2026-10-03 12:45,2026-10-03 13:30,連絡,現地,2026-10-03のサンプル予定です。日々・週間・月間表示で使用します。,GP3科／KY班｜日々・週間・月間
1179,GP3科／KK班 日次確認,2026-10-03 13:30,2026-10-03 14:30,点検,第1会議室,2026-10-03のサンプル予定です。日々・週間・月間表示で使用します。,GP3科／KK班｜日々・週間・月間
1180,GP3科／SS班 日次確認,2026-10-03 14:15,2026-10-03 15:30,調整,第2会議室,2026-10-03のサンプル予定です。日々・週間・月間表示で使用します。,GP3科／SS班｜日々・週間・月間
1181,GP4班／KY班 日次確認,2026-10-03 08:00,2026-10-03 08:45,会議,作業室,2026-10-03のサンプル予定です。日々・週間・月間表示で使用します。,GP4班／KY班｜日々・週間・月間
1182,GP4班／KY2班 日次確認,2026-10-03 08:45,2026-10-03 09:45,確認,事務室,2026-10-03のサンプル予定です。日々・週間・月間表示で使用します。,GP4班／KY2班｜日々・週間・月間
1183,GP4班／QY班 日次確認,2026-10-03 09:30,2026-10-03 10:45,作業,オンライン,2026-10-03のサンプル予定です。日々・週間・月間表示で使用します。,GP4班／QY班｜日々・週間・月間
1184,GP01 日次確認,2026-10-03 10:15,2026-10-03 11:00,連絡,現地,2026-10-03のサンプル予定です。日々・週間・月間表示で使用します。,GP01｜日々・週間・月間
1185,GP02 日次確認,2026-10-03 11:00,2026-10-03 12:00,点検,第1会議室,2026-10-03のサンプル予定です。日々・週間・月間表示で使用します。,GP02｜日々・週間・月間
1186,GP03 日次確認,2026-10-03 11:45,2026-10-03 13:00,調整,第2会議室,2026-10-03のサンプル予定です。日々・週間・月間表示で使用します。,GP03｜日々・週間・月間
1187,GP04 日次確認,2026-10-03 12:30,2026-10-03 13:15,会議,作業室,2026-10-03のサンプル予定です。日々・週間・月間表示で使用します。,GP04｜日々・週間・月間
1188,GP05 日次確認,2026-10-03 13:15,2026-10-03 14:15,確認,事務室,2026-10-03のサンプル予定です。日々・週間・月間表示で使用します。,GP05｜日々・週間・月間
1189,GP1 日次確認,2026-10-04 10:30,2026-10-04 11:15,連絡,第1会議室,2026-10-04のサンプル予定です。日々・週間・月間表示で使用します。,GP1｜日々・週間・月間
1190,GP2 日次確認,2026-10-04 11:15,2026-10-04 12:15,点検,第2会議室,2026-10-04のサンプル予定です。日々・週間・月間表示で使用します。,GP2｜日々・週間・月間
1191,GP2 受入確認,2026-10-04 08:15,2026-10-04 09:00,作業,現地,GP2の表示件数と重なり回避を確認するサンプル予定です。,GP2｜日々・週間・月間
1192,GP2 資料レビュー,2026-10-04 09:00,2026-10-04 10:00,連絡,第1会議室,GP2の表示件数と重なり回避を確認するサンプル予定です。,GP2｜日々・週間・月間
1193,GP2 進捗会議,2026-10-04 09:15,2026-10-04 10:30,点検,第2会議室,GP2の表示件数と重なり回避を確認するサンプル予定です。,GP2｜日々・週間・月間
1194,GP3 日次確認,2026-10-04 12:00,2026-10-04 13:15,調整,作業室,2026-10-04のサンプル予定です。日々・週間・月間表示で使用します。,GP3｜日々・週間・月間
1195,GP3 作業調整,2026-10-04 08:15,2026-10-04 09:00,連絡,第1会議室,GP3の表示件数と重なり回避を確認するサンプル予定です。,GP3｜日々・週間・月間
1196,GP3 品質確認,2026-10-04 09:00,2026-10-04 10:00,点検,第2会議室,GP3の表示件数と重なり回避を確認するサンプル予定です。,GP3｜日々・週間・月間
1197,GP3 連絡会,2026-10-04 09:15,2026-10-04 10:30,調整,作業室,GP3の表示件数と重なり回避を確認するサンプル予定です。,GP3｜日々・週間・月間
1198,GP4 日次確認,2026-10-04 12:45,2026-10-04 13:30,会議,事務室,2026-10-04のサンプル予定です。日々・週間・月間表示で使用します。,GP4｜日々・週間・月間
1199,GP4 進捗整理,2026-10-04 08:15,2026-10-04 09:00,点検,第2会議室,GP4の表示件数と重なり回避を確認するサンプル予定です。,GP4｜日々・週間・月間
1200,GP4 課題確認,2026-10-04 09:00,2026-10-04 10:00,調整,作業室,GP4の表示件数と重なり回避を確認するサンプル予定です。,GP4｜日々・週間・月間
1201,GP4 定例打合せ,2026-10-04 09:15,2026-10-04 10:30,会議,事務室,GP4の表示件数と重なり回避を確認するサンプル予定です。,GP4｜日々・週間・月間
1202,GP5 日次確認,2026-10-04 13:30,2026-10-04 14:30,確認,オンライン,2026-10-04のサンプル予定です。日々・週間・月間表示で使用します。,GP5｜日々・週間・月間
1203,GP5 設備確認,2026-10-04 08:15,2026-10-04 09:00,調整,作業室,GP5の表示件数と重なり回避を確認するサンプル予定です。,GP5｜日々・週間・月間
1204,GP5 運用レビュー,2026-10-04 09:00,2026-10-04 10:00,会議,事務室,GP5の表示件数と重なり回避を確認するサンプル予定です。,GP5｜日々・週間・月間
1205,GP5 引継ぎ,2026-10-04 09:15,2026-10-04 10:30,確認,オンライン,GP5の表示件数と重なり回避を確認するサンプル予定です。,GP5｜日々・週間・月間
1206,GP6 日次確認,2026-10-04 14:15,2026-10-04 15:30,作業,現地,2026-10-04のサンプル予定です。日々・週間・月間表示で使用します。,GP6｜日々・週間・月間
1207,GP7 日次確認,2026-10-04 08:00,2026-10-04 08:45,連絡,第1会議室,2026-10-04のサンプル予定です。日々・週間・月間表示で使用します。,GP7｜日々・週間・月間
1208,GP8 日次確認,2026-10-04 08:45,2026-10-04 09:45,点検,第2会議室,2026-10-04のサンプル予定です。日々・週間・月間表示で使用します。,GP8｜日々・週間・月間
1209,GP1科／GS班 日次確認,2026-10-04 09:30,2026-10-04 10:45,調整,作業室,2026-10-04のサンプル予定です。日々・週間・月間表示で使用します。,GP1科／GS班｜日々・週間・月間
1210,GP1科／JN班 日次確認,2026-10-04 10:15,2026-10-04 11:00,会議,事務室,2026-10-04のサンプル予定です。日々・週間・月間表示で使用します。,GP1科／JN班｜日々・週間・月間
1211,GP1科／JH班 日次確認,2026-10-04 11:00,2026-10-04 12:00,確認,オンライン,2026-10-04のサンプル予定です。日々・週間・月間表示で使用します。,GP1科／JH班｜日々・週間・月間
1212,GP2科／UK班 日次確認,2026-10-04 11:45,2026-10-04 13:00,作業,現地,2026-10-04のサンプル予定です。日々・週間・月間表示で使用します。,GP2科／UK班｜日々・週間・月間
1213,GP2科／KR班 日次確認,2026-10-04 12:30,2026-10-04 13:15,連絡,第1会議室,2026-10-04のサンプル予定です。日々・週間・月間表示で使用します。,GP2科／KR班｜日々・週間・月間
1214,GP3科／KY班 日次確認,2026-10-04 13:15,2026-10-04 14:15,点検,第2会議室,2026-10-04のサンプル予定です。日々・週間・月間表示で使用します。,GP3科／KY班｜日々・週間・月間
1215,GP3科／KK班 日次確認,2026-10-04 14:00,2026-10-04 15:15,調整,作業室,2026-10-04のサンプル予定です。日々・週間・月間表示で使用します。,GP3科／KK班｜日々・週間・月間
1216,GP3科／SS班 日次確認,2026-10-04 14:45,2026-10-04 15:30,会議,事務室,2026-10-04のサンプル予定です。日々・週間・月間表示で使用します。,GP3科／SS班｜日々・週間・月間
1217,GP4班／KY班 日次確認,2026-10-04 08:30,2026-10-04 09:30,確認,オンライン,2026-10-04のサンプル予定です。日々・週間・月間表示で使用します。,GP4班／KY班｜日々・週間・月間
1218,GP4班／KY2班 日次確認,2026-10-04 09:15,2026-10-04 10:30,作業,現地,2026-10-04のサンプル予定です。日々・週間・月間表示で使用します。,GP4班／KY2班｜日々・週間・月間
1219,GP4班／QY班 日次確認,2026-10-04 10:00,2026-10-04 10:45,連絡,第1会議室,2026-10-04のサンプル予定です。日々・週間・月間表示で使用します。,GP4班／QY班｜日々・週間・月間
1220,GP01 日次確認,2026-10-04 10:45,2026-10-04 11:45,点検,第2会議室,2026-10-04のサンプル予定です。日々・週間・月間表示で使用します。,GP01｜日々・週間・月間
1221,GP02 日次確認,2026-10-04 11:30,2026-10-04 12:45,調整,作業室,2026-10-04のサンプル予定です。日々・週間・月間表示で使用します。,GP02｜日々・週間・月間
1222,GP03 日次確認,2026-10-04 12:15,2026-10-04 13:00,会議,事務室,2026-10-04のサンプル予定です。日々・週間・月間表示で使用します。,GP03｜日々・週間・月間
1223,GP04 日次確認,2026-10-04 13:00,2026-10-04 14:00,確認,オンライン,2026-10-04のサンプル予定です。日々・週間・月間表示で使用します。,GP04｜日々・週間・月間
1224,GP05 日次確認,2026-10-04 13:45,2026-10-04 15:00,作業,現地,2026-10-04のサンプル予定です。日々・週間・月間表示で使用します。,GP05｜日々・週間・月間
1225,GP1 日次確認,2026-10-05 11:00,2026-10-05 12:00,点検,作業室,2026-10-05のサンプル予定です。日々・週間・月間表示で使用します。,GP1｜日々・週間・月間
1226,GP2 日次確認,2026-10-05 11:45,2026-10-05 13:00,調整,事務室,2026-10-05のサンプル予定です。日々・週間・月間表示で使用します。,GP2｜日々・週間・月間
1227,GP2 受入確認,2026-10-05 08:15,2026-10-05 09:00,作業,第1会議室,GP2の表示件数と重なり回避を確認するサンプル予定です。,GP2｜日々・週間・月間
1228,GP2 資料レビュー,2026-10-05 09:00,2026-10-05 10:00,連絡,第2会議室,GP2の表示件数と重なり回避を確認するサンプル予定です。,GP2｜日々・週間・月間
1229,GP2 進捗会議,2026-10-05 09:15,2026-10-05 10:30,点検,作業室,GP2の表示件数と重なり回避を確認するサンプル予定です。,GP2｜日々・週間・月間
1230,GP3 日次確認,2026-10-05 12:30,2026-10-05 13:15,会議,オンライン,2026-10-05のサンプル予定です。日々・週間・月間表示で使用します。,GP3｜日々・週間・月間
1231,GP3 作業調整,2026-10-05 08:15,2026-10-05 09:00,連絡,第2会議室,GP3の表示件数と重なり回避を確認するサンプル予定です。,GP3｜日々・週間・月間
1232,GP3 品質確認,2026-10-05 09:00,2026-10-05 10:00,点検,作業室,GP3の表示件数と重なり回避を確認するサンプル予定です。,GP3｜日々・週間・月間
1233,GP3 連絡会,2026-10-05 09:15,2026-10-05 10:30,調整,事務室,GP3の表示件数と重なり回避を確認するサンプル予定です。,GP3｜日々・週間・月間
1234,GP4 日次確認,2026-10-05 13:15,2026-10-05 14:15,確認,現地,2026-10-05のサンプル予定です。日々・週間・月間表示で使用します。,GP4｜日々・週間・月間
1235,GP4 進捗整理,2026-10-05 08:15,2026-10-05 09:00,点検,作業室,GP4の表示件数と重なり回避を確認するサンプル予定です。,GP4｜日々・週間・月間
1236,GP4 課題確認,2026-10-05 09:00,2026-10-05 10:00,調整,事務室,GP4の表示件数と重なり回避を確認するサンプル予定です。,GP4｜日々・週間・月間
1237,GP4 定例打合せ,2026-10-05 09:15,2026-10-05 10:30,会議,オンライン,GP4の表示件数と重なり回避を確認するサンプル予定です。,GP4｜日々・週間・月間
1238,GP5 日次確認,2026-10-05 14:00,2026-10-05 15:15,作業,第1会議室,2026-10-05のサンプル予定です。日々・週間・月間表示で使用します。,GP5｜日々・週間・月間
1239,GP5 設備確認,2026-10-05 08:15,2026-10-05 09:00,調整,事務室,GP5の表示件数と重なり回避を確認するサンプル予定です。,GP5｜日々・週間・月間
1240,GP5 運用レビュー,2026-10-05 09:00,2026-10-05 10:00,会議,オンライン,GP5の表示件数と重なり回避を確認するサンプル予定です。,GP5｜日々・週間・月間
1241,GP5 引継ぎ,2026-10-05 09:15,2026-10-05 10:30,確認,現地,GP5の表示件数と重なり回避を確認するサンプル予定です。,GP5｜日々・週間・月間
1242,GP6 日次確認,2026-10-05 14:45,2026-10-05 15:30,連絡,第2会議室,2026-10-05のサンプル予定です。日々・週間・月間表示で使用します。,GP6｜日々・週間・月間
1243,GP7 日次確認,2026-10-05 08:30,2026-10-05 09:30,点検,作業室,2026-10-05のサンプル予定です。日々・週間・月間表示で使用します。,GP7｜日々・週間・月間
1244,GP8 日次確認,2026-10-05 09:15,2026-10-05 10:30,調整,事務室,2026-10-05のサンプル予定です。日々・週間・月間表示で使用します。,GP8｜日々・週間・月間
1245,GP1科／GS班 日次確認,2026-10-05 10:00,2026-10-05 10:45,会議,オンライン,2026-10-05のサンプル予定です。日々・週間・月間表示で使用します。,GP1科／GS班｜日々・週間・月間
1246,GP1科／JN班 日次確認,2026-10-05 10:45,2026-10-05 11:45,確認,現地,2026-10-05のサンプル予定です。日々・週間・月間表示で使用します。,GP1科／JN班｜日々・週間・月間
1247,GP1科／JH班 日次確認,2026-10-05 11:30,2026-10-05 12:45,作業,第1会議室,2026-10-05のサンプル予定です。日々・週間・月間表示で使用します。,GP1科／JH班｜日々・週間・月間
1248,GP2科／UK班 日次確認,2026-10-05 12:15,2026-10-05 13:00,連絡,第2会議室,2026-10-05のサンプル予定です。日々・週間・月間表示で使用します。,GP2科／UK班｜日々・週間・月間
1249,GP2科／KR班 日次確認,2026-10-05 13:00,2026-10-05 14:00,点検,作業室,2026-10-05のサンプル予定です。日々・週間・月間表示で使用します。,GP2科／KR班｜日々・週間・月間
1250,GP3科／KY班 日次確認,2026-10-05 13:45,2026-10-05 15:00,調整,事務室,2026-10-05のサンプル予定です。日々・週間・月間表示で使用します。,GP3科／KY班｜日々・週間・月間
1251,GP3科／KK班 日次確認,2026-10-05 14:30,2026-10-05 15:15,会議,オンライン,2026-10-05のサンプル予定です。日々・週間・月間表示で使用します。,GP3科／KK班｜日々・週間・月間
1252,GP3科／SS班 日次確認,2026-10-05 08:15,2026-10-05 09:15,確認,現地,2026-10-05のサンプル予定です。日々・週間・月間表示で使用します。,GP3科／SS班｜日々・週間・月間
1253,GP4班／KY班 日次確認,2026-10-05 09:00,2026-10-05 10:15,作業,第1会議室,2026-10-05のサンプル予定です。日々・週間・月間表示で使用します。,GP4班／KY班｜日々・週間・月間
1254,GP4班／KY2班 日次確認,2026-10-05 09:45,2026-10-05 10:30,連絡,第2会議室,2026-10-05のサンプル予定です。日々・週間・月間表示で使用します。,GP4班／KY2班｜日々・週間・月間
1255,GP4班／QY班 日次確認,2026-10-05 10:30,2026-10-05 11:30,点検,作業室,2026-10-05のサンプル予定です。日々・週間・月間表示で使用します。,GP4班／QY班｜日々・週間・月間
1256,GP01 日次確認,2026-10-05 11:15,2026-10-05 12:30,調整,事務室,2026-10-05のサンプル予定です。日々・週間・月間表示で使用します。,GP01｜日々・週間・月間
1257,GP02 日次確認,2026-10-05 12:00,2026-10-05 12:45,会議,オンライン,2026-10-05のサンプル予定です。日々・週間・月間表示で使用します。,GP02｜日々・週間・月間
1258,GP03 日次確認,2026-10-05 12:45,2026-10-05 13:45,確認,現地,2026-10-05のサンプル予定です。日々・週間・月間表示で使用します。,GP03｜日々・週間・月間
1259,GP04 日次確認,2026-10-05 13:30,2026-10-05 14:45,作業,第1会議室,2026-10-05のサンプル予定です。日々・週間・月間表示で使用します。,GP04｜日々・週間・月間
1260,GP05 日次確認,2026-10-05 14:15,2026-10-05 15:00,連絡,第2会議室,2026-10-05のサンプル予定です。日々・週間・月間表示で使用します。,GP05｜日々・週間・月間
1261,GP1 日次確認,2026-10-06 11:30,2026-10-06 12:45,調整,オンライン,2026-10-06のサンプル予定です。日々・週間・月間表示で使用します。,GP1｜日々・週間・月間
1262,GP2 日次確認,2026-10-06 12:15,2026-10-06 13:00,会議,現地,2026-10-06のサンプル予定です。日々・週間・月間表示で使用します。,GP2｜日々・週間・月間
1263,GP2 受入確認,2026-10-06 08:15,2026-10-06 09:00,作業,第2会議室,GP2の表示件数と重なり回避を確認するサンプル予定です。,GP2｜日々・週間・月間
1264,GP2 資料レビュー,2026-10-06 09:00,2026-10-06 10:00,連絡,作業室,GP2の表示件数と重なり回避を確認するサンプル予定です。,GP2｜日々・週間・月間
1265,GP2 進捗会議,2026-10-06 09:15,2026-10-06 10:30,点検,事務室,GP2の表示件数と重なり回避を確認するサンプル予定です。,GP2｜日々・週間・月間
1266,GP3 日次確認,2026-10-06 13:00,2026-10-06 14:00,確認,第1会議室,2026-10-06のサンプル予定です。日々・週間・月間表示で使用します。,GP3｜日々・週間・月間
1267,GP3 作業調整,2026-10-06 08:15,2026-10-06 09:00,連絡,作業室,GP3の表示件数と重なり回避を確認するサンプル予定です。,GP3｜日々・週間・月間
1268,GP3 品質確認,2026-10-06 09:00,2026-10-06 10:00,点検,事務室,GP3の表示件数と重なり回避を確認するサンプル予定です。,GP3｜日々・週間・月間
1269,GP3 連絡会,2026-10-06 09:15,2026-10-06 10:30,調整,オンライン,GP3の表示件数と重なり回避を確認するサンプル予定です。,GP3｜日々・週間・月間
1270,GP4 日次確認,2026-10-06 13:45,2026-10-06 15:00,作業,第2会議室,2026-10-06のサンプル予定です。日々・週間・月間表示で使用します。,GP4｜日々・週間・月間
1271,GP4 進捗整理,2026-10-06 08:15,2026-10-06 09:00,点検,事務室,GP4の表示件数と重なり回避を確認するサンプル予定です。,GP4｜日々・週間・月間
1272,GP4 課題確認,2026-10-06 09:00,2026-10-06 10:00,調整,オンライン,GP4の表示件数と重なり回避を確認するサンプル予定です。,GP4｜日々・週間・月間
1273,GP4 定例打合せ,2026-10-06 09:15,2026-10-06 10:30,会議,現地,GP4の表示件数と重なり回避を確認するサンプル予定です。,GP4｜日々・週間・月間
1274,GP5 日次確認,2026-10-06 14:30,2026-10-06 15:15,連絡,作業室,2026-10-06のサンプル予定です。日々・週間・月間表示で使用します。,GP5｜日々・週間・月間
1275,GP5 設備確認,2026-10-06 08:15,2026-10-06 09:00,調整,オンライン,GP5の表示件数と重なり回避を確認するサンプル予定です。,GP5｜日々・週間・月間
1276,GP5 運用レビュー,2026-10-06 09:00,2026-10-06 10:00,会議,現地,GP5の表示件数と重なり回避を確認するサンプル予定です。,GP5｜日々・週間・月間
1277,GP5 引継ぎ,2026-10-06 09:15,2026-10-06 10:30,確認,第1会議室,GP5の表示件数と重なり回避を確認するサンプル予定です。,GP5｜日々・週間・月間
1278,GP6 日次確認,2026-10-06 08:15,2026-10-06 09:15,点検,事務室,2026-10-06のサンプル予定です。日々・週間・月間表示で使用します。,GP6｜日々・週間・月間
1279,GP7 日次確認,2026-10-06 09:00,2026-10-06 10:15,調整,オンライン,2026-10-06のサンプル予定です。日々・週間・月間表示で使用します。,GP7｜日々・週間・月間
1280,GP8 日次確認,2026-10-06 09:45,2026-10-06 10:30,会議,現地,2026-10-06のサンプル予定です。日々・週間・月間表示で使用します。,GP8｜日々・週間・月間
1281,GP1科／GS班 日次確認,2026-10-06 10:30,2026-10-06 11:30,確認,第1会議室,2026-10-06のサンプル予定です。日々・週間・月間表示で使用します。,GP1科／GS班｜日々・週間・月間
1282,GP1科／JN班 日次確認,2026-10-06 11:15,2026-10-06 12:30,作業,第2会議室,2026-10-06のサンプル予定です。日々・週間・月間表示で使用します。,GP1科／JN班｜日々・週間・月間
1283,GP1科／JH班 日次確認,2026-10-06 12:00,2026-10-06 12:45,連絡,作業室,2026-10-06のサンプル予定です。日々・週間・月間表示で使用します。,GP1科／JH班｜日々・週間・月間
1284,GP2科／UK班 日次確認,2026-10-06 12:45,2026-10-06 13:45,点検,事務室,2026-10-06のサンプル予定です。日々・週間・月間表示で使用します。,GP2科／UK班｜日々・週間・月間
1285,GP2科／KR班 日次確認,2026-10-06 13:30,2026-10-06 14:45,調整,オンライン,2026-10-06のサンプル予定です。日々・週間・月間表示で使用します。,GP2科／KR班｜日々・週間・月間
1286,GP3科／KY班 日次確認,2026-10-06 14:15,2026-10-06 15:00,会議,現地,2026-10-06のサンプル予定です。日々・週間・月間表示で使用します。,GP3科／KY班｜日々・週間・月間
1287,GP3科／KK班 日次確認,2026-10-06 08:00,2026-10-06 09:00,確認,第1会議室,2026-10-06のサンプル予定です。日々・週間・月間表示で使用します。,GP3科／KK班｜日々・週間・月間
1288,GP3科／SS班 日次確認,2026-10-06 08:45,2026-10-06 10:00,作業,第2会議室,2026-10-06のサンプル予定です。日々・週間・月間表示で使用します。,GP3科／SS班｜日々・週間・月間
1289,GP4班／KY班 日次確認,2026-10-06 09:30,2026-10-06 10:15,連絡,作業室,2026-10-06のサンプル予定です。日々・週間・月間表示で使用します。,GP4班／KY班｜日々・週間・月間
1290,GP4班／KY2班 日次確認,2026-10-06 10:15,2026-10-06 11:15,点検,事務室,2026-10-06のサンプル予定です。日々・週間・月間表示で使用します。,GP4班／KY2班｜日々・週間・月間
1291,GP4班／QY班 日次確認,2026-10-06 11:00,2026-10-06 12:15,調整,オンライン,2026-10-06のサンプル予定です。日々・週間・月間表示で使用します。,GP4班／QY班｜日々・週間・月間
1292,GP01 日次確認,2026-10-06 11:45,2026-10-06 12:30,会議,現地,2026-10-06のサンプル予定です。日々・週間・月間表示で使用します。,GP01｜日々・週間・月間
1293,GP02 日次確認,2026-10-06 12:30,2026-10-06 13:30,確認,第1会議室,2026-10-06のサンプル予定です。日々・週間・月間表示で使用します。,GP02｜日々・週間・月間
1294,GP03 日次確認,2026-10-06 13:15,2026-10-06 14:30,作業,第2会議室,2026-10-06のサンプル予定です。日々・週間・月間表示で使用します。,GP03｜日々・週間・月間
1295,GP04 日次確認,2026-10-06 14:00,2026-10-06 14:45,連絡,作業室,2026-10-06のサンプル予定です。日々・週間・月間表示で使用します。,GP04｜日々・週間・月間
1296,GP05 日次確認,2026-10-06 14:45,2026-10-06 15:45,点検,事務室,2026-10-06のサンプル予定です。日々・週間・月間表示で使用します。,GP05｜日々・週間・月間
1297,GP1 日次確認,2026-10-07 12:00,2026-10-07 12:45,会議,第1会議室,2026-10-07のサンプル予定です。日々・週間・月間表示で使用します。,GP1｜日々・週間・月間
1298,GP2 日次確認,2026-10-07 12:45,2026-10-07 13:45,確認,第2会議室,2026-10-07のサンプル予定です。日々・週間・月間表示で使用します。,GP2｜日々・週間・月間
1299,GP2 受入確認,2026-10-07 08:15,2026-10-07 09:00,作業,作業室,GP2の表示件数と重なり回避を確認するサンプル予定です。,GP2｜日々・週間・月間
1300,GP2 資料レビュー,2026-10-07 09:00,2026-10-07 10:00,連絡,事務室,GP2の表示件数と重なり回避を確認するサンプル予定です。,GP2｜日々・週間・月間
1301,GP2 進捗会議,2026-10-07 09:15,2026-10-07 10:30,点検,オンライン,GP2の表示件数と重なり回避を確認するサンプル予定です。,GP2｜日々・週間・月間
1302,GP3 日次確認,2026-10-07 13:30,2026-10-07 14:45,作業,作業室,2026-10-07のサンプル予定です。日々・週間・月間表示で使用します。,GP3｜日々・週間・月間
1303,GP3 作業調整,2026-10-07 08:15,2026-10-07 09:00,連絡,事務室,GP3の表示件数と重なり回避を確認するサンプル予定です。,GP3｜日々・週間・月間
1304,GP3 品質確認,2026-10-07 09:00,2026-10-07 10:00,点検,オンライン,GP3の表示件数と重なり回避を確認するサンプル予定です。,GP3｜日々・週間・月間
1305,GP3 連絡会,2026-10-07 09:15,2026-10-07 10:30,調整,現地,GP3の表示件数と重なり回避を確認するサンプル予定です。,GP3｜日々・週間・月間
1306,GP4 日次確認,2026-10-07 14:15,2026-10-07 15:00,連絡,事務室,2026-10-07のサンプル予定です。日々・週間・月間表示で使用します。,GP4｜日々・週間・月間
1307,GP4 進捗整理,2026-10-07 08:15,2026-10-07 09:00,点検,オンライン,GP4の表示件数と重なり回避を確認するサンプル予定です。,GP4｜日々・週間・月間
1308,GP4 課題確認,2026-10-07 09:00,2026-10-07 10:00,調整,現地,GP4の表示件数と重なり回避を確認するサンプル予定です。,GP4｜日々・週間・月間
1309,GP4 定例打合せ,2026-10-07 09:15,2026-10-07 10:30,会議,第1会議室,GP4の表示件数と重なり回避を確認するサンプル予定です。,GP4｜日々・週間・月間
1310,GP5 日次確認,2026-10-07 08:00,2026-10-07 09:00,点検,オンライン,2026-10-07のサンプル予定です。日々・週間・月間表示で使用します。,GP5｜日々・週間・月間
1311,GP5 設備確認,2026-10-07 08:15,2026-10-07 09:00,調整,現地,GP5の表示件数と重なり回避を確認するサンプル予定です。,GP5｜日々・週間・月間
1312,GP5 運用レビュー,2026-10-07 09:00,2026-10-07 10:00,会議,第1会議室,GP5の表示件数と重なり回避を確認するサンプル予定です。,GP5｜日々・週間・月間
1313,GP5 引継ぎ,2026-10-07 09:15,2026-10-07 10:30,確認,第2会議室,GP5の表示件数と重なり回避を確認するサンプル予定です。,GP5｜日々・週間・月間
1314,GP6 日次確認,2026-10-07 08:45,2026-10-07 10:00,調整,現地,2026-10-07のサンプル予定です。日々・週間・月間表示で使用します。,GP6｜日々・週間・月間
1315,GP7 日次確認,2026-10-07 09:30,2026-10-07 10:15,会議,第1会議室,2026-10-07のサンプル予定です。日々・週間・月間表示で使用します。,GP7｜日々・週間・月間
1316,GP8 日次確認,2026-10-07 10:15,2026-10-07 11:15,確認,第2会議室,2026-10-07のサンプル予定です。日々・週間・月間表示で使用します。,GP8｜日々・週間・月間
1317,GP1科／GS班 日次確認,2026-10-07 11:00,2026-10-07 12:15,作業,作業室,2026-10-07のサンプル予定です。日々・週間・月間表示で使用します。,GP1科／GS班｜日々・週間・月間
1318,GP1科／JN班 日次確認,2026-10-07 11:45,2026-10-07 12:30,連絡,事務室,2026-10-07のサンプル予定です。日々・週間・月間表示で使用します。,GP1科／JN班｜日々・週間・月間
1319,GP1科／JH班 日次確認,2026-10-07 12:30,2026-10-07 13:30,点検,オンライン,2026-10-07のサンプル予定です。日々・週間・月間表示で使用します。,GP1科／JH班｜日々・週間・月間
1320,GP2科／UK班 日次確認,2026-10-07 13:15,2026-10-07 14:30,調整,現地,2026-10-07のサンプル予定です。日々・週間・月間表示で使用します。,GP2科／UK班｜日々・週間・月間
1321,GP2科／KR班 日次確認,2026-10-07 14:00,2026-10-07 14:45,会議,第1会議室,2026-10-07のサンプル予定です。日々・週間・月間表示で使用します。,GP2科／KR班｜日々・週間・月間
1322,GP3科／KY班 日次確認,2026-10-07 14:45,2026-10-07 15:45,確認,第2会議室,2026-10-07のサンプル予定です。日々・週間・月間表示で使用します。,GP3科／KY班｜日々・週間・月間
1323,GP3科／KK班 日次確認,2026-10-07 08:30,2026-10-07 09:45,作業,作業室,2026-10-07のサンプル予定です。日々・週間・月間表示で使用します。,GP3科／KK班｜日々・週間・月間
1324,GP3科／SS班 日次確認,2026-10-07 09:15,2026-10-07 10:00,連絡,事務室,2026-10-07のサンプル予定です。日々・週間・月間表示で使用します。,GP3科／SS班｜日々・週間・月間
1325,GP4班／KY班 日次確認,2026-10-07 10:00,2026-10-07 11:00,点検,オンライン,2026-10-07のサンプル予定です。日々・週間・月間表示で使用します。,GP4班／KY班｜日々・週間・月間
1326,GP4班／KY2班 日次確認,2026-10-07 10:45,2026-10-07 12:00,調整,現地,2026-10-07のサンプル予定です。日々・週間・月間表示で使用します。,GP4班／KY2班｜日々・週間・月間
1327,GP4班／QY班 日次確認,2026-10-07 11:30,2026-10-07 12:15,会議,第1会議室,2026-10-07のサンプル予定です。日々・週間・月間表示で使用します。,GP4班／QY班｜日々・週間・月間
1328,GP01 日次確認,2026-10-07 12:15,2026-10-07 13:15,確認,第2会議室,2026-10-07のサンプル予定です。日々・週間・月間表示で使用します。,GP01｜日々・週間・月間
1329,GP02 日次確認,2026-10-07 13:00,2026-10-07 14:15,作業,作業室,2026-10-07のサンプル予定です。日々・週間・月間表示で使用します。,GP02｜日々・週間・月間
1330,GP03 日次確認,2026-10-07 13:45,2026-10-07 14:30,連絡,事務室,2026-10-07のサンプル予定です。日々・週間・月間表示で使用します。,GP03｜日々・週間・月間
1331,GP04 日次確認,2026-10-07 14:30,2026-10-07 15:30,点検,オンライン,2026-10-07のサンプル予定です。日々・週間・月間表示で使用します。,GP04｜日々・週間・月間
1332,GP05 日次確認,2026-10-07 08:15,2026-10-07 09:30,調整,現地,2026-10-07のサンプル予定です。日々・週間・月間表示で使用します。,GP05｜日々・週間・月間
1333,GP1 日次確認,2026-10-08 12:30,2026-10-08 13:30,確認,作業室,2026-10-08のサンプル予定です。日々・週間・月間表示で使用します。,GP1｜日々・週間・月間
1334,GP2 日次確認,2026-10-08 13:15,2026-10-08 14:30,作業,事務室,2026-10-08のサンプル予定です。日々・週間・月間表示で使用します。,GP2｜日々・週間・月間
1335,GP2 受入確認,2026-10-08 08:15,2026-10-08 09:00,作業,事務室,GP2の表示件数と重なり回避を確認するサンプル予定です。,GP2｜日々・週間・月間
1336,GP2 資料レビュー,2026-10-08 09:00,2026-10-08 10:00,連絡,オンライン,GP2の表示件数と重なり回避を確認するサンプル予定です。,GP2｜日々・週間・月間
1337,GP2 進捗会議,2026-10-08 09:15,2026-10-08 10:30,点検,現地,GP2の表示件数と重なり回避を確認するサンプル予定です。,GP2｜日々・週間・月間
1338,GP3 日次確認,2026-10-08 14:00,2026-10-08 14:45,連絡,オンライン,2026-10-08のサンプル予定です。日々・週間・月間表示で使用します。,GP3｜日々・週間・月間
1339,GP3 作業調整,2026-10-08 08:15,2026-10-08 09:00,連絡,オンライン,GP3の表示件数と重なり回避を確認するサンプル予定です。,GP3｜日々・週間・月間
1340,GP3 品質確認,2026-10-08 09:00,2026-10-08 10:00,点検,現地,GP3の表示件数と重なり回避を確認するサンプル予定です。,GP3｜日々・週間・月間
1341,GP3 連絡会,2026-10-08 09:15,2026-10-08 10:30,調整,第1会議室,GP3の表示件数と重なり回避を確認するサンプル予定です。,GP3｜日々・週間・月間
1342,GP4 日次確認,2026-10-08 14:45,2026-10-08 15:45,点検,現地,2026-10-08のサンプル予定です。日々・週間・月間表示で使用します。,GP4｜日々・週間・月間
1343,GP4 進捗整理,2026-10-08 08:15,2026-10-08 09:00,点検,現地,GP4の表示件数と重なり回避を確認するサンプル予定です。,GP4｜日々・週間・月間
1344,GP4 課題確認,2026-10-08 09:00,2026-10-08 10:00,調整,第1会議室,GP4の表示件数と重なり回避を確認するサンプル予定です。,GP4｜日々・週間・月間
1345,GP4 定例打合せ,2026-10-08 09:15,2026-10-08 10:30,会議,第2会議室,GP4の表示件数と重なり回避を確認するサンプル予定です。,GP4｜日々・週間・月間
1346,GP5 日次確認,2026-10-08 08:30,2026-10-08 09:45,調整,第1会議室,2026-10-08のサンプル予定です。日々・週間・月間表示で使用します。,GP5｜日々・週間・月間
1347,GP5 設備確認,2026-10-08 08:15,2026-10-08 09:00,調整,第1会議室,GP5の表示件数と重なり回避を確認するサンプル予定です。,GP5｜日々・週間・月間
1348,GP5 運用レビュー,2026-10-08 09:00,2026-10-08 10:00,会議,第2会議室,GP5の表示件数と重なり回避を確認するサンプル予定です。,GP5｜日々・週間・月間
1349,GP5 引継ぎ,2026-10-08 09:15,2026-10-08 10:30,確認,作業室,GP5の表示件数と重なり回避を確認するサンプル予定です。,GP5｜日々・週間・月間
1350,GP6 日次確認,2026-10-08 09:15,2026-10-08 10:00,会議,第2会議室,2026-10-08のサンプル予定です。日々・週間・月間表示で使用します。,GP6｜日々・週間・月間
1351,GP7 日次確認,2026-10-08 10:00,2026-10-08 11:00,確認,作業室,2026-10-08のサンプル予定です。日々・週間・月間表示で使用します。,GP7｜日々・週間・月間
1352,GP8 日次確認,2026-10-08 10:45,2026-10-08 12:00,作業,事務室,2026-10-08のサンプル予定です。日々・週間・月間表示で使用します。,GP8｜日々・週間・月間
1353,GP1科／GS班 日次確認,2026-10-08 11:30,2026-10-08 12:15,連絡,オンライン,2026-10-08のサンプル予定です。日々・週間・月間表示で使用します。,GP1科／GS班｜日々・週間・月間
1354,GP1科／JN班 日次確認,2026-10-08 12:15,2026-10-08 13:15,点検,現地,2026-10-08のサンプル予定です。日々・週間・月間表示で使用します。,GP1科／JN班｜日々・週間・月間
1355,GP1科／JH班 日次確認,2026-10-08 13:00,2026-10-08 14:15,調整,第1会議室,2026-10-08のサンプル予定です。日々・週間・月間表示で使用します。,GP1科／JH班｜日々・週間・月間
1356,GP2科／UK班 日次確認,2026-10-08 13:45,2026-10-08 14:30,会議,第2会議室,2026-10-08のサンプル予定です。日々・週間・月間表示で使用します。,GP2科／UK班｜日々・週間・月間
1357,GP2科／KR班 日次確認,2026-10-08 14:30,2026-10-08 15:30,確認,作業室,2026-10-08のサンプル予定です。日々・週間・月間表示で使用します。,GP2科／KR班｜日々・週間・月間
1358,GP3科／KY班 日次確認,2026-10-08 08:15,2026-10-08 09:30,作業,事務室,2026-10-08のサンプル予定です。日々・週間・月間表示で使用します。,GP3科／KY班｜日々・週間・月間
1359,GP3科／KK班 日次確認,2026-10-08 09:00,2026-10-08 09:45,連絡,オンライン,2026-10-08のサンプル予定です。日々・週間・月間表示で使用します。,GP3科／KK班｜日々・週間・月間
1360,GP3科／SS班 日次確認,2026-10-08 09:45,2026-10-08 10:45,点検,現地,2026-10-08のサンプル予定です。日々・週間・月間表示で使用します。,GP3科／SS班｜日々・週間・月間
1361,GP4班／KY班 日次確認,2026-10-08 10:30,2026-10-08 11:45,調整,第1会議室,2026-10-08のサンプル予定です。日々・週間・月間表示で使用します。,GP4班／KY班｜日々・週間・月間
1362,GP4班／KY2班 日次確認,2026-10-08 11:15,2026-10-08 12:00,会議,第2会議室,2026-10-08のサンプル予定です。日々・週間・月間表示で使用します。,GP4班／KY2班｜日々・週間・月間
1363,GP4班／QY班 日次確認,2026-10-08 12:00,2026-10-08 13:00,確認,作業室,2026-10-08のサンプル予定です。日々・週間・月間表示で使用します。,GP4班／QY班｜日々・週間・月間
1364,GP01 日次確認,2026-10-08 12:45,2026-10-08 14:00,作業,事務室,2026-10-08のサンプル予定です。日々・週間・月間表示で使用します。,GP01｜日々・週間・月間
1365,GP02 日次確認,2026-10-08 13:30,2026-10-08 14:15,連絡,オンライン,2026-10-08のサンプル予定です。日々・週間・月間表示で使用します。,GP02｜日々・週間・月間
1366,GP03 日次確認,2026-10-08 14:15,2026-10-08 15:15,点検,現地,2026-10-08のサンプル予定です。日々・週間・月間表示で使用します。,GP03｜日々・週間・月間
1367,GP04 日次確認,2026-10-08 08:00,2026-10-08 09:15,調整,第1会議室,2026-10-08のサンプル予定です。日々・週間・月間表示で使用します。,GP04｜日々・週間・月間
1368,GP05 日次確認,2026-10-08 08:45,2026-10-08 09:30,会議,第2会議室,2026-10-08のサンプル予定です。日々・週間・月間表示で使用します。,GP05｜日々・週間・月間
1369,GP1 日次確認,2026-10-09 13:00,2026-10-09 14:15,作業,オンライン,2026-10-09のサンプル予定です。日々・週間・月間表示で使用します。,GP1｜日々・週間・月間
1370,GP2 日次確認,2026-10-09 13:45,2026-10-09 14:30,連絡,現地,2026-10-09のサンプル予定です。日々・週間・月間表示で使用します。,GP2｜日々・週間・月間
1371,GP2 受入確認,2026-10-09 08:15,2026-10-09 09:00,作業,オンライン,GP2の表示件数と重なり回避を確認するサンプル予定です。,GP2｜日々・週間・月間
1372,GP2 資料レビュー,2026-10-09 09:00,2026-10-09 10:00,連絡,現地,GP2の表示件数と重なり回避を確認するサンプル予定です。,GP2｜日々・週間・月間
1373,GP2 進捗会議,2026-10-09 09:15,2026-10-09 10:30,点検,第1会議室,GP2の表示件数と重なり回避を確認するサンプル予定です。,GP2｜日々・週間・月間
1374,GP3 日次確認,2026-10-09 14:30,2026-10-09 15:30,点検,第1会議室,2026-10-09のサンプル予定です。日々・週間・月間表示で使用します。,GP3｜日々・週間・月間
1375,GP3 作業調整,2026-10-09 08:15,2026-10-09 09:00,連絡,現地,GP3の表示件数と重なり回避を確認するサンプル予定です。,GP3｜日々・週間・月間
1376,GP3 品質確認,2026-10-09 09:00,2026-10-09 10:00,点検,第1会議室,GP3の表示件数と重なり回避を確認するサンプル予定です。,GP3｜日々・週間・月間
1377,GP3 連絡会,2026-10-09 09:15,2026-10-09 10:30,調整,第2会議室,GP3の表示件数と重なり回避を確認するサンプル予定です。,GP3｜日々・週間・月間
1378,GP4 日次確認,2026-10-09 08:15,2026-10-09 09:30,調整,第2会議室,2026-10-09のサンプル予定です。日々・週間・月間表示で使用します。,GP4｜日々・週間・月間
1379,GP4 進捗整理,2026-10-09 08:15,2026-10-09 09:00,点検,第1会議室,GP4の表示件数と重なり回避を確認するサンプル予定です。,GP4｜日々・週間・月間
1380,GP4 課題確認,2026-10-09 09:00,2026-10-09 10:00,調整,第2会議室,GP4の表示件数と重なり回避を確認するサンプル予定です。,GP4｜日々・週間・月間
1381,GP4 定例打合せ,2026-10-09 09:15,2026-10-09 10:30,会議,作業室,GP4の表示件数と重なり回避を確認するサンプル予定です。,GP4｜日々・週間・月間
1382,GP5 日次確認,2026-10-09 09:00,2026-10-09 09:45,会議,作業室,2026-10-09のサンプル予定です。日々・週間・月間表示で使用します。,GP5｜日々・週間・月間
1383,GP5 設備確認,2026-10-09 08:15,2026-10-09 09:00,調整,第2会議室,GP5の表示件数と重なり回避を確認するサンプル予定です。,GP5｜日々・週間・月間
1384,GP5 運用レビュー,2026-10-09 09:00,2026-10-09 10:00,会議,作業室,GP5の表示件数と重なり回避を確認するサンプル予定です。,GP5｜日々・週間・月間
1385,GP5 引継ぎ,2026-10-09 09:15,2026-10-09 10:30,確認,事務室,GP5の表示件数と重なり回避を確認するサンプル予定です。,GP5｜日々・週間・月間
1386,GP6 日次確認,2026-10-09 09:45,2026-10-09 10:45,確認,事務室,2026-10-09のサンプル予定です。日々・週間・月間表示で使用します。,GP6｜日々・週間・月間
1387,GP7 日次確認,2026-10-09 10:30,2026-10-09 11:45,作業,オンライン,2026-10-09のサンプル予定です。日々・週間・月間表示で使用します。,GP7｜日々・週間・月間
1388,GP8 日次確認,2026-10-09 11:15,2026-10-09 12:00,連絡,現地,2026-10-09のサンプル予定です。日々・週間・月間表示で使用します。,GP8｜日々・週間・月間
1389,GP1科／GS班 日次確認,2026-10-09 12:00,2026-10-09 13:00,点検,第1会議室,2026-10-09のサンプル予定です。日々・週間・月間表示で使用します。,GP1科／GS班｜日々・週間・月間
1390,GP1科／JN班 日次確認,2026-10-09 12:45,2026-10-09 14:00,調整,第2会議室,2026-10-09のサンプル予定です。日々・週間・月間表示で使用します。,GP1科／JN班｜日々・週間・月間
1391,GP1科／JH班 日次確認,2026-10-09 13:30,2026-10-09 14:15,会議,作業室,2026-10-09のサンプル予定です。日々・週間・月間表示で使用します。,GP1科／JH班｜日々・週間・月間
1392,GP2科／UK班 日次確認,2026-10-09 14:15,2026-10-09 15:15,確認,事務室,2026-10-09のサンプル予定です。日々・週間・月間表示で使用します。,GP2科／UK班｜日々・週間・月間
1393,GP2科／KR班 日次確認,2026-10-09 08:00,2026-10-09 09:15,作業,オンライン,2026-10-09のサンプル予定です。日々・週間・月間表示で使用します。,GP2科／KR班｜日々・週間・月間
1394,GP3科／KY班 日次確認,2026-10-09 08:45,2026-10-09 09:30,連絡,現地,2026-10-09のサンプル予定です。日々・週間・月間表示で使用します。,GP3科／KY班｜日々・週間・月間
1395,GP3科／KK班 日次確認,2026-10-09 09:30,2026-10-09 10:30,点検,第1会議室,2026-10-09のサンプル予定です。日々・週間・月間表示で使用します。,GP3科／KK班｜日々・週間・月間
1396,GP3科／SS班 日次確認,2026-10-09 10:15,2026-10-09 11:30,調整,第2会議室,2026-10-09のサンプル予定です。日々・週間・月間表示で使用します。,GP3科／SS班｜日々・週間・月間
1397,GP4班／KY班 日次確認,2026-10-09 11:00,2026-10-09 11:45,会議,作業室,2026-10-09のサンプル予定です。日々・週間・月間表示で使用します。,GP4班／KY班｜日々・週間・月間
1398,GP4班／KY2班 日次確認,2026-10-09 11:45,2026-10-09 12:45,確認,事務室,2026-10-09のサンプル予定です。日々・週間・月間表示で使用します。,GP4班／KY2班｜日々・週間・月間
1399,GP4班／QY班 日次確認,2026-10-09 12:30,2026-10-09 13:45,作業,オンライン,2026-10-09のサンプル予定です。日々・週間・月間表示で使用します。,GP4班／QY班｜日々・週間・月間
1400,GP01 日次確認,2026-10-09 13:15,2026-10-09 14:00,連絡,現地,2026-10-09のサンプル予定です。日々・週間・月間表示で使用します。,GP01｜日々・週間・月間
1401,GP02 日次確認,2026-10-09 14:00,2026-10-09 15:00,点検,第1会議室,2026-10-09のサンプル予定です。日々・週間・月間表示で使用します。,GP02｜日々・週間・月間
1402,GP03 日次確認,2026-10-09 14:45,2026-10-09 16:00,調整,第2会議室,2026-10-09のサンプル予定です。日々・週間・月間表示で使用します。,GP03｜日々・週間・月間
1403,GP04 日次確認,2026-10-09 08:30,2026-10-09 09:15,会議,作業室,2026-10-09のサンプル予定です。日々・週間・月間表示で使用します。,GP04｜日々・週間・月間
1404,GP05 日次確認,2026-10-09 09:15,2026-10-09 10:15,確認,事務室,2026-10-09のサンプル予定です。日々・週間・月間表示で使用します。,GP05｜日々・週間・月間
1405,GP1 日次確認,2026-10-10 13:30,2026-10-10 14:15,連絡,第1会議室,2026-10-10のサンプル予定です。日々・週間・月間表示で使用します。,GP1｜日々・週間・月間
1406,GP2 日次確認,2026-10-10 14:15,2026-10-10 15:15,点検,第2会議室,2026-10-10のサンプル予定です。日々・週間・月間表示で使用します。,GP2｜日々・週間・月間
1407,GP2 受入確認,2026-10-10 08:15,2026-10-10 09:00,作業,現地,GP2の表示件数と重なり回避を確認するサンプル予定です。,GP2｜日々・週間・月間
1408,GP2 資料レビュー,2026-10-10 09:00,2026-10-10 10:00,連絡,第1会議室,GP2の表示件数と重なり回避を確認するサンプル予定です。,GP2｜日々・週間・月間
1409,GP2 進捗会議,2026-10-10 09:15,2026-10-10 10:30,点検,第2会議室,GP2の表示件数と重なり回避を確認するサンプル予定です。,GP2｜日々・週間・月間
1410,GP3 日次確認,2026-10-10 08:00,2026-10-10 09:15,調整,作業室,2026-10-10のサンプル予定です。日々・週間・月間表示で使用します。,GP3｜日々・週間・月間
1411,GP3 作業調整,2026-10-10 08:15,2026-10-10 09:00,連絡,第1会議室,GP3の表示件数と重なり回避を確認するサンプル予定です。,GP3｜日々・週間・月間
1412,GP3 品質確認,2026-10-10 09:00,2026-10-10 10:00,点検,第2会議室,GP3の表示件数と重なり回避を確認するサンプル予定です。,GP3｜日々・週間・月間
1413,GP3 連絡会,2026-10-10 09:15,2026-10-10 10:30,調整,作業室,GP3の表示件数と重なり回避を確認するサンプル予定です。,GP3｜日々・週間・月間
1414,GP4 日次確認,2026-10-10 08:45,2026-10-10 09:30,会議,事務室,2026-10-10のサンプル予定です。日々・週間・月間表示で使用します。,GP4｜日々・週間・月間
1415,GP4 進捗整理,2026-10-10 08:15,2026-10-10 09:00,点検,第2会議室,GP4の表示件数と重なり回避を確認するサンプル予定です。,GP4｜日々・週間・月間
1416,GP4 課題確認,2026-10-10 09:00,2026-10-10 10:00,調整,作業室,GP4の表示件数と重なり回避を確認するサンプル予定です。,GP4｜日々・週間・月間
1417,GP4 定例打合せ,2026-10-10 09:15,2026-10-10 10:30,会議,事務室,GP4の表示件数と重なり回避を確認するサンプル予定です。,GP4｜日々・週間・月間
1418,GP5 日次確認,2026-10-10 09:30,2026-10-10 10:30,確認,オンライン,2026-10-10のサンプル予定です。日々・週間・月間表示で使用します。,GP5｜日々・週間・月間
1419,GP5 設備確認,2026-10-10 08:15,2026-10-10 09:00,調整,作業室,GP5の表示件数と重なり回避を確認するサンプル予定です。,GP5｜日々・週間・月間
1420,GP5 運用レビュー,2026-10-10 09:00,2026-10-10 10:00,会議,事務室,GP5の表示件数と重なり回避を確認するサンプル予定です。,GP5｜日々・週間・月間
1421,GP5 引継ぎ,2026-10-10 09:15,2026-10-10 10:30,確認,オンライン,GP5の表示件数と重なり回避を確認するサンプル予定です。,GP5｜日々・週間・月間
1422,GP6 日次確認,2026-10-10 10:15,2026-10-10 11:30,作業,現地,2026-10-10のサンプル予定です。日々・週間・月間表示で使用します。,GP6｜日々・週間・月間
1423,GP7 日次確認,2026-10-10 11:00,2026-10-10 11:45,連絡,第1会議室,2026-10-10のサンプル予定です。日々・週間・月間表示で使用します。,GP7｜日々・週間・月間
1424,GP8 日次確認,2026-10-10 11:45,2026-10-10 12:45,点検,第2会議室,2026-10-10のサンプル予定です。日々・週間・月間表示で使用します。,GP8｜日々・週間・月間
1425,GP1科／GS班 日次確認,2026-10-10 12:30,2026-10-10 13:45,調整,作業室,2026-10-10のサンプル予定です。日々・週間・月間表示で使用します。,GP1科／GS班｜日々・週間・月間
1426,GP1科／JN班 日次確認,2026-10-10 13:15,2026-10-10 14:00,会議,事務室,2026-10-10のサンプル予定です。日々・週間・月間表示で使用します。,GP1科／JN班｜日々・週間・月間
1427,GP1科／JH班 日次確認,2026-10-10 14:00,2026-10-10 15:00,確認,オンライン,2026-10-10のサンプル予定です。日々・週間・月間表示で使用します。,GP1科／JH班｜日々・週間・月間
1428,GP2科／UK班 日次確認,2026-10-10 14:45,2026-10-10 16:00,作業,現地,2026-10-10のサンプル予定です。日々・週間・月間表示で使用します。,GP2科／UK班｜日々・週間・月間
1429,GP2科／KR班 日次確認,2026-10-10 08:30,2026-10-10 09:15,連絡,第1会議室,2026-10-10のサンプル予定です。日々・週間・月間表示で使用します。,GP2科／KR班｜日々・週間・月間
1430,GP3科／KY班 日次確認,2026-10-10 09:15,2026-10-10 10:15,点検,第2会議室,2026-10-10のサンプル予定です。日々・週間・月間表示で使用します。,GP3科／KY班｜日々・週間・月間
1431,GP3科／KK班 日次確認,2026-10-10 10:00,2026-10-10 11:15,調整,作業室,2026-10-10のサンプル予定です。日々・週間・月間表示で使用します。,GP3科／KK班｜日々・週間・月間
1432,GP3科／SS班 日次確認,2026-10-10 10:45,2026-10-10 11:30,会議,事務室,2026-10-10のサンプル予定です。日々・週間・月間表示で使用します。,GP3科／SS班｜日々・週間・月間
1433,GP4班／KY班 日次確認,2026-10-10 11:30,2026-10-10 12:30,確認,オンライン,2026-10-10のサンプル予定です。日々・週間・月間表示で使用します。,GP4班／KY班｜日々・週間・月間
1434,GP4班／KY2班 日次確認,2026-10-10 12:15,2026-10-10 13:30,作業,現地,2026-10-10のサンプル予定です。日々・週間・月間表示で使用します。,GP4班／KY2班｜日々・週間・月間
1435,GP4班／QY班 日次確認,2026-10-10 13:00,2026-10-10 13:45,連絡,第1会議室,2026-10-10のサンプル予定です。日々・週間・月間表示で使用します。,GP4班／QY班｜日々・週間・月間
1436,GP01 日次確認,2026-10-10 13:45,2026-10-10 14:45,点検,第2会議室,2026-10-10のサンプル予定です。日々・週間・月間表示で使用します。,GP01｜日々・週間・月間
1437,GP02 日次確認,2026-10-10 14:30,2026-10-10 15:45,調整,作業室,2026-10-10のサンプル予定です。日々・週間・月間表示で使用します。,GP02｜日々・週間・月間
1438,GP03 日次確認,2026-10-10 08:15,2026-10-10 09:00,会議,事務室,2026-10-10のサンプル予定です。日々・週間・月間表示で使用します。,GP03｜日々・週間・月間
1439,GP04 日次確認,2026-10-10 09:00,2026-10-10 10:00,確認,オンライン,2026-10-10のサンプル予定です。日々・週間・月間表示で使用します。,GP04｜日々・週間・月間
1440,GP05 日次確認,2026-10-10 09:45,2026-10-10 11:00,作業,現地,2026-10-10のサンプル予定です。日々・週間・月間表示で使用します。,GP05｜日々・週間・月間
1441,GP1 日次確認,2026-10-11 14:00,2026-10-11 15:00,点検,作業室,2026-10-11のサンプル予定です。日々・週間・月間表示で使用します。,GP1｜日々・週間・月間
1442,GP2 日次確認,2026-10-11 14:45,2026-10-11 16:00,調整,事務室,2026-10-11のサンプル予定です。日々・週間・月間表示で使用します。,GP2｜日々・週間・月間
1443,GP2 受入確認,2026-10-11 08:15,2026-10-11 09:00,作業,第1会議室,GP2の表示件数と重なり回避を確認するサンプル予定です。,GP2｜日々・週間・月間
1444,GP2 資料レビュー,2026-10-11 09:00,2026-10-11 10:00,連絡,第2会議室,GP2の表示件数と重なり回避を確認するサンプル予定です。,GP2｜日々・週間・月間
1445,GP2 進捗会議,2026-10-11 09:15,2026-10-11 10:30,点検,作業室,GP2の表示件数と重なり回避を確認するサンプル予定です。,GP2｜日々・週間・月間
1446,GP3 日次確認,2026-10-11 08:30,2026-10-11 09:15,会議,オンライン,2026-10-11のサンプル予定です。日々・週間・月間表示で使用します。,GP3｜日々・週間・月間
1447,GP3 作業調整,2026-10-11 08:15,2026-10-11 09:00,連絡,第2会議室,GP3の表示件数と重なり回避を確認するサンプル予定です。,GP3｜日々・週間・月間
1448,GP3 品質確認,2026-10-11 09:00,2026-10-11 10:00,点検,作業室,GP3の表示件数と重なり回避を確認するサンプル予定です。,GP3｜日々・週間・月間
1449,GP3 連絡会,2026-10-11 09:15,2026-10-11 10:30,調整,事務室,GP3の表示件数と重なり回避を確認するサンプル予定です。,GP3｜日々・週間・月間
1450,GP4 日次確認,2026-10-11 09:15,2026-10-11 10:15,確認,現地,2026-10-11のサンプル予定です。日々・週間・月間表示で使用します。,GP4｜日々・週間・月間
1451,GP4 進捗整理,2026-10-11 08:15,2026-10-11 09:00,点検,作業室,GP4の表示件数と重なり回避を確認するサンプル予定です。,GP4｜日々・週間・月間
1452,GP4 課題確認,2026-10-11 09:00,2026-10-11 10:00,調整,事務室,GP4の表示件数と重なり回避を確認するサンプル予定です。,GP4｜日々・週間・月間
1453,GP4 定例打合せ,2026-10-11 09:15,2026-10-11 10:30,会議,オンライン,GP4の表示件数と重なり回避を確認するサンプル予定です。,GP4｜日々・週間・月間
1454,GP5 日次確認,2026-10-11 10:00,2026-10-11 11:15,作業,第1会議室,2026-10-11のサンプル予定です。日々・週間・月間表示で使用します。,GP5｜日々・週間・月間
1455,GP5 設備確認,2026-10-11 08:15,2026-10-11 09:00,調整,事務室,GP5の表示件数と重なり回避を確認するサンプル予定です。,GP5｜日々・週間・月間
1456,GP5 運用レビュー,2026-10-11 09:00,2026-10-11 10:00,会議,オンライン,GP5の表示件数と重なり回避を確認するサンプル予定です。,GP5｜日々・週間・月間
1457,GP5 引継ぎ,2026-10-11 09:15,2026-10-11 10:30,確認,現地,GP5の表示件数と重なり回避を確認するサンプル予定です。,GP5｜日々・週間・月間
1458,GP6 日次確認,2026-10-11 10:45,2026-10-11 11:30,連絡,第2会議室,2026-10-11のサンプル予定です。日々・週間・月間表示で使用します。,GP6｜日々・週間・月間
1459,GP7 日次確認,2026-10-11 11:30,2026-10-11 12:30,点検,作業室,2026-10-11のサンプル予定です。日々・週間・月間表示で使用します。,GP7｜日々・週間・月間
1460,GP8 日次確認,2026-10-11 12:15,2026-10-11 13:30,調整,事務室,2026-10-11のサンプル予定です。日々・週間・月間表示で使用します。,GP8｜日々・週間・月間
1461,GP1科／GS班 日次確認,2026-10-11 13:00,2026-10-11 13:45,会議,オンライン,2026-10-11のサンプル予定です。日々・週間・月間表示で使用します。,GP1科／GS班｜日々・週間・月間
1462,GP1科／JN班 日次確認,2026-10-11 13:45,2026-10-11 14:45,確認,現地,2026-10-11のサンプル予定です。日々・週間・月間表示で使用します。,GP1科／JN班｜日々・週間・月間
1463,GP1科／JH班 日次確認,2026-10-11 14:30,2026-10-11 15:45,作業,第1会議室,2026-10-11のサンプル予定です。日々・週間・月間表示で使用します。,GP1科／JH班｜日々・週間・月間
1464,GP2科／UK班 日次確認,2026-10-11 08:15,2026-10-11 09:00,連絡,第2会議室,2026-10-11のサンプル予定です。日々・週間・月間表示で使用します。,GP2科／UK班｜日々・週間・月間
1465,GP2科／KR班 日次確認,2026-10-11 09:00,2026-10-11 10:00,点検,作業室,2026-10-11のサンプル予定です。日々・週間・月間表示で使用します。,GP2科／KR班｜日々・週間・月間
1466,GP3科／KY班 日次確認,2026-10-11 09:45,2026-10-11 11:00,調整,事務室,2026-10-11のサンプル予定です。日々・週間・月間表示で使用します。,GP3科／KY班｜日々・週間・月間
1467,GP3科／KK班 日次確認,2026-10-11 10:30,2026-10-11 11:15,会議,オンライン,2026-10-11のサンプル予定です。日々・週間・月間表示で使用します。,GP3科／KK班｜日々・週間・月間
1468,GP3科／SS班 日次確認,2026-10-11 11:15,2026-10-11 12:15,確認,現地,2026-10-11のサンプル予定です。日々・週間・月間表示で使用します。,GP3科／SS班｜日々・週間・月間
1469,GP4班／KY班 日次確認,2026-10-11 12:00,2026-10-11 13:15,作業,第1会議室,2026-10-11のサンプル予定です。日々・週間・月間表示で使用します。,GP4班／KY班｜日々・週間・月間
1470,GP4班／KY2班 日次確認,2026-10-11 12:45,2026-10-11 13:30,連絡,第2会議室,2026-10-11のサンプル予定です。日々・週間・月間表示で使用します。,GP4班／KY2班｜日々・週間・月間
1471,GP4班／QY班 日次確認,2026-10-11 13:30,2026-10-11 14:30,点検,作業室,2026-10-11のサンプル予定です。日々・週間・月間表示で使用します。,GP4班／QY班｜日々・週間・月間
1472,GP01 日次確認,2026-10-11 14:15,2026-10-11 15:30,調整,事務室,2026-10-11のサンプル予定です。日々・週間・月間表示で使用します。,GP01｜日々・週間・月間
1473,GP02 日次確認,2026-10-11 08:00,2026-10-11 08:45,会議,オンライン,2026-10-11のサンプル予定です。日々・週間・月間表示で使用します。,GP02｜日々・週間・月間
1474,GP03 日次確認,2026-10-11 08:45,2026-10-11 09:45,確認,現地,2026-10-11のサンプル予定です。日々・週間・月間表示で使用します。,GP03｜日々・週間・月間
1475,GP04 日次確認,2026-10-11 09:30,2026-10-11 10:45,作業,第1会議室,2026-10-11のサンプル予定です。日々・週間・月間表示で使用します。,GP04｜日々・週間・月間
1476,GP05 日次確認,2026-10-11 10:15,2026-10-11 11:00,連絡,第2会議室,2026-10-11のサンプル予定です。日々・週間・月間表示で使用します。,GP05｜日々・週間・月間
1477,GP1 日次確認,2026-10-12 14:30,2026-10-12 15:45,調整,オンライン,2026-10-12のサンプル予定です。日々・週間・月間表示で使用します。,GP1｜日々・週間・月間
1478,GP2 日次確認,2026-10-12 08:15,2026-10-12 09:00,会議,現地,2026-10-12のサンプル予定です。日々・週間・月間表示で使用します。,GP2｜日々・週間・月間
1479,GP2 受入確認,2026-10-12 08:15,2026-10-12 09:00,作業,第2会議室,GP2の表示件数と重なり回避を確認するサンプル予定です。,GP2｜日々・週間・月間
1480,GP2 資料レビュー,2026-10-12 09:00,2026-10-12 10:00,連絡,作業室,GP2の表示件数と重なり回避を確認するサンプル予定です。,GP2｜日々・週間・月間
1481,GP2 進捗会議,2026-10-12 09:15,2026-10-12 10:30,点検,事務室,GP2の表示件数と重なり回避を確認するサンプル予定です。,GP2｜日々・週間・月間
1482,GP3 日次確認,2026-10-12 09:00,2026-10-12 10:00,確認,第1会議室,2026-10-12のサンプル予定です。日々・週間・月間表示で使用します。,GP3｜日々・週間・月間
1483,GP3 作業調整,2026-10-12 08:15,2026-10-12 09:00,連絡,作業室,GP3の表示件数と重なり回避を確認するサンプル予定です。,GP3｜日々・週間・月間
1484,GP3 品質確認,2026-10-12 09:00,2026-10-12 10:00,点検,事務室,GP3の表示件数と重なり回避を確認するサンプル予定です。,GP3｜日々・週間・月間
1485,GP3 連絡会,2026-10-12 09:15,2026-10-12 10:30,調整,オンライン,GP3の表示件数と重なり回避を確認するサンプル予定です。,GP3｜日々・週間・月間
1486,GP4 日次確認,2026-10-12 09:45,2026-10-12 11:00,作業,第2会議室,2026-10-12のサンプル予定です。日々・週間・月間表示で使用します。,GP4｜日々・週間・月間
1487,GP4 進捗整理,2026-10-12 08:15,2026-10-12 09:00,点検,事務室,GP4の表示件数と重なり回避を確認するサンプル予定です。,GP4｜日々・週間・月間
1488,GP4 課題確認,2026-10-12 09:00,2026-10-12 10:00,調整,オンライン,GP4の表示件数と重なり回避を確認するサンプル予定です。,GP4｜日々・週間・月間
1489,GP4 定例打合せ,2026-10-12 09:15,2026-10-12 10:30,会議,現地,GP4の表示件数と重なり回避を確認するサンプル予定です。,GP4｜日々・週間・月間
1490,GP5 日次確認,2026-10-12 10:30,2026-10-12 11:15,連絡,作業室,2026-10-12のサンプル予定です。日々・週間・月間表示で使用します。,GP5｜日々・週間・月間
1491,GP5 設備確認,2026-10-12 08:15,2026-10-12 09:00,調整,オンライン,GP5の表示件数と重なり回避を確認するサンプル予定です。,GP5｜日々・週間・月間
1492,GP5 運用レビュー,2026-10-12 09:00,2026-10-12 10:00,会議,現地,GP5の表示件数と重なり回避を確認するサンプル予定です。,GP5｜日々・週間・月間
1493,GP5 引継ぎ,2026-10-12 09:15,2026-10-12 10:30,確認,第1会議室,GP5の表示件数と重なり回避を確認するサンプル予定です。,GP5｜日々・週間・月間
1494,GP6 日次確認,2026-10-12 11:15,2026-10-12 12:15,点検,事務室,2026-10-12のサンプル予定です。日々・週間・月間表示で使用します。,GP6｜日々・週間・月間
1495,GP7 日次確認,2026-10-12 12:00,2026-10-12 13:15,調整,オンライン,2026-10-12のサンプル予定です。日々・週間・月間表示で使用します。,GP7｜日々・週間・月間
1496,GP8 日次確認,2026-10-12 12:45,2026-10-12 13:30,会議,現地,2026-10-12のサンプル予定です。日々・週間・月間表示で使用します。,GP8｜日々・週間・月間
1497,GP1科／GS班 日次確認,2026-10-12 13:30,2026-10-12 14:30,確認,第1会議室,2026-10-12のサンプル予定です。日々・週間・月間表示で使用します。,GP1科／GS班｜日々・週間・月間
1498,GP1科／JN班 日次確認,2026-10-12 14:15,2026-10-12 15:30,作業,第2会議室,2026-10-12のサンプル予定です。日々・週間・月間表示で使用します。,GP1科／JN班｜日々・週間・月間
1499,GP1科／JH班 日次確認,2026-10-12 08:00,2026-10-12 08:45,連絡,作業室,2026-10-12のサンプル予定です。日々・週間・月間表示で使用します。,GP1科／JH班｜日々・週間・月間
1500,GP2科／UK班 日次確認,2026-10-12 08:45,2026-10-12 09:45,点検,事務室,2026-10-12のサンプル予定です。日々・週間・月間表示で使用します。,GP2科／UK班｜日々・週間・月間
1501,GP2科／KR班 日次確認,2026-10-12 09:30,2026-10-12 10:45,調整,オンライン,2026-10-12のサンプル予定です。日々・週間・月間表示で使用します。,GP2科／KR班｜日々・週間・月間
1502,GP3科／KY班 日次確認,2026-10-12 10:15,2026-10-12 11:00,会議,現地,2026-10-12のサンプル予定です。日々・週間・月間表示で使用します。,GP3科／KY班｜日々・週間・月間
1503,GP3科／KK班 日次確認,2026-10-12 11:00,2026-10-12 12:00,確認,第1会議室,2026-10-12のサンプル予定です。日々・週間・月間表示で使用します。,GP3科／KK班｜日々・週間・月間
1504,GP3科／SS班 日次確認,2026-10-12 11:45,2026-10-12 13:00,作業,第2会議室,2026-10-12のサンプル予定です。日々・週間・月間表示で使用します。,GP3科／SS班｜日々・週間・月間
1505,GP4班／KY班 日次確認,2026-10-12 12:30,2026-10-12 13:15,連絡,作業室,2026-10-12のサンプル予定です。日々・週間・月間表示で使用します。,GP4班／KY班｜日々・週間・月間
1506,GP4班／KY2班 日次確認,2026-10-12 13:15,2026-10-12 14:15,点検,事務室,2026-10-12のサンプル予定です。日々・週間・月間表示で使用します。,GP4班／KY2班｜日々・週間・月間
1507,GP4班／QY班 日次確認,2026-10-12 14:00,2026-10-12 15:15,調整,オンライン,2026-10-12のサンプル予定です。日々・週間・月間表示で使用します。,GP4班／QY班｜日々・週間・月間
1508,GP01 日次確認,2026-10-12 14:45,2026-10-12 15:30,会議,現地,2026-10-12のサンプル予定です。日々・週間・月間表示で使用します。,GP01｜日々・週間・月間
1509,GP02 日次確認,2026-10-12 08:30,2026-10-12 09:30,確認,第1会議室,2026-10-12のサンプル予定です。日々・週間・月間表示で使用します。,GP02｜日々・週間・月間
1510,GP03 日次確認,2026-10-12 09:15,2026-10-12 10:30,作業,第2会議室,2026-10-12のサンプル予定です。日々・週間・月間表示で使用します。,GP03｜日々・週間・月間
1511,GP04 日次確認,2026-10-12 10:00,2026-10-12 10:45,連絡,作業室,2026-10-12のサンプル予定です。日々・週間・月間表示で使用します。,GP04｜日々・週間・月間
1512,GP05 日次確認,2026-10-12 10:45,2026-10-12 11:45,点検,事務室,2026-10-12のサンプル予定です。日々・週間・月間表示で使用します。,GP05｜日々・週間・月間
1513,GP1 日次確認,2026-10-13 08:00,2026-10-13 08:45,会議,第1会議室,2026-10-13のサンプル予定です。日々・週間・月間表示で使用します。,GP1｜日々・週間・月間
1514,GP2 日次確認,2026-10-13 08:45,2026-10-13 09:45,確認,第2会議室,2026-10-13のサンプル予定です。日々・週間・月間表示で使用します。,GP2｜日々・週間・月間
1515,GP2 受入確認,2026-10-13 08:15,2026-10-13 09:00,作業,作業室,GP2の表示件数と重なり回避を確認するサンプル予定です。,GP2｜日々・週間・月間
1516,GP2 資料レビュー,2026-10-13 09:00,2026-10-13 10:00,連絡,事務室,GP2の表示件数と重なり回避を確認するサンプル予定です。,GP2｜日々・週間・月間
1517,GP2 進捗会議,2026-10-13 09:15,2026-10-13 10:30,点検,オンライン,GP2の表示件数と重なり回避を確認するサンプル予定です。,GP2｜日々・週間・月間
1518,GP3 日次確認,2026-10-13 09:30,2026-10-13 10:45,作業,作業室,2026-10-13のサンプル予定です。日々・週間・月間表示で使用します。,GP3｜日々・週間・月間
1519,GP3 作業調整,2026-10-13 08:15,2026-10-13 09:00,連絡,事務室,GP3の表示件数と重なり回避を確認するサンプル予定です。,GP3｜日々・週間・月間
1520,GP3 品質確認,2026-10-13 09:00,2026-10-13 10:00,点検,オンライン,GP3の表示件数と重なり回避を確認するサンプル予定です。,GP3｜日々・週間・月間
1521,GP3 連絡会,2026-10-13 09:15,2026-10-13 10:30,調整,現地,GP3の表示件数と重なり回避を確認するサンプル予定です。,GP3｜日々・週間・月間
1522,GP4 日次確認,2026-10-13 10:15,2026-10-13 11:00,連絡,事務室,2026-10-13のサンプル予定です。日々・週間・月間表示で使用します。,GP4｜日々・週間・月間
1523,GP4 進捗整理,2026-10-13 08:15,2026-10-13 09:00,点検,オンライン,GP4の表示件数と重なり回避を確認するサンプル予定です。,GP4｜日々・週間・月間
1524,GP4 課題確認,2026-10-13 09:00,2026-10-13 10:00,調整,現地,GP4の表示件数と重なり回避を確認するサンプル予定です。,GP4｜日々・週間・月間
1525,GP4 定例打合せ,2026-10-13 09:15,2026-10-13 10:30,会議,第1会議室,GP4の表示件数と重なり回避を確認するサンプル予定です。,GP4｜日々・週間・月間
1526,GP5 日次確認,2026-10-13 11:00,2026-10-13 12:00,点検,オンライン,2026-10-13のサンプル予定です。日々・週間・月間表示で使用します。,GP5｜日々・週間・月間
1527,GP5 設備確認,2026-10-13 08:15,2026-10-13 09:00,調整,現地,GP5の表示件数と重なり回避を確認するサンプル予定です。,GP5｜日々・週間・月間
1528,GP5 運用レビュー,2026-10-13 09:00,2026-10-13 10:00,会議,第1会議室,GP5の表示件数と重なり回避を確認するサンプル予定です。,GP5｜日々・週間・月間
1529,GP5 引継ぎ,2026-10-13 09:15,2026-10-13 10:30,確認,第2会議室,GP5の表示件数と重なり回避を確認するサンプル予定です。,GP5｜日々・週間・月間
1530,GP6 日次確認,2026-10-13 11:45,2026-10-13 13:00,調整,現地,2026-10-13のサンプル予定です。日々・週間・月間表示で使用します。,GP6｜日々・週間・月間
1531,GP7 日次確認,2026-10-13 12:30,2026-10-13 13:15,会議,第1会議室,2026-10-13のサンプル予定です。日々・週間・月間表示で使用します。,GP7｜日々・週間・月間
1532,GP8 日次確認,2026-10-13 13:15,2026-10-13 14:15,確認,第2会議室,2026-10-13のサンプル予定です。日々・週間・月間表示で使用します。,GP8｜日々・週間・月間
1533,GP1科／GS班 日次確認,2026-10-13 14:00,2026-10-13 15:15,作業,作業室,2026-10-13のサンプル予定です。日々・週間・月間表示で使用します。,GP1科／GS班｜日々・週間・月間
1534,GP1科／JN班 日次確認,2026-10-13 14:45,2026-10-13 15:30,連絡,事務室,2026-10-13のサンプル予定です。日々・週間・月間表示で使用します。,GP1科／JN班｜日々・週間・月間
1535,GP1科／JH班 日次確認,2026-10-13 08:30,2026-10-13 09:30,点検,オンライン,2026-10-13のサンプル予定です。日々・週間・月間表示で使用します。,GP1科／JH班｜日々・週間・月間
1536,GP2科／UK班 日次確認,2026-10-13 09:15,2026-10-13 10:30,調整,現地,2026-10-13のサンプル予定です。日々・週間・月間表示で使用します。,GP2科／UK班｜日々・週間・月間
1537,GP2科／KR班 日次確認,2026-10-13 10:00,2026-10-13 10:45,会議,第1会議室,2026-10-13のサンプル予定です。日々・週間・月間表示で使用します。,GP2科／KR班｜日々・週間・月間
1538,GP3科／KY班 日次確認,2026-10-13 10:45,2026-10-13 11:45,確認,第2会議室,2026-10-13のサンプル予定です。日々・週間・月間表示で使用します。,GP3科／KY班｜日々・週間・月間
1539,GP3科／KK班 日次確認,2026-10-13 11:30,2026-10-13 12:45,作業,作業室,2026-10-13のサンプル予定です。日々・週間・月間表示で使用します。,GP3科／KK班｜日々・週間・月間
1540,GP3科／SS班 日次確認,2026-10-13 12:15,2026-10-13 13:00,連絡,事務室,2026-10-13のサンプル予定です。日々・週間・月間表示で使用します。,GP3科／SS班｜日々・週間・月間
1541,GP4班／KY班 日次確認,2026-10-13 13:00,2026-10-13 14:00,点検,オンライン,2026-10-13のサンプル予定です。日々・週間・月間表示で使用します。,GP4班／KY班｜日々・週間・月間
1542,GP4班／KY2班 日次確認,2026-10-13 13:45,2026-10-13 15:00,調整,現地,2026-10-13のサンプル予定です。日々・週間・月間表示で使用します。,GP4班／KY2班｜日々・週間・月間
1543,GP4班／QY班 日次確認,2026-10-13 14:30,2026-10-13 15:15,会議,第1会議室,2026-10-13のサンプル予定です。日々・週間・月間表示で使用します。,GP4班／QY班｜日々・週間・月間
1544,GP01 日次確認,2026-10-13 08:15,2026-10-13 09:15,確認,第2会議室,2026-10-13のサンプル予定です。日々・週間・月間表示で使用します。,GP01｜日々・週間・月間
1545,GP02 日次確認,2026-10-13 09:00,2026-10-13 10:15,作業,作業室,2026-10-13のサンプル予定です。日々・週間・月間表示で使用します。,GP02｜日々・週間・月間
1546,GP03 日次確認,2026-10-13 09:45,2026-10-13 10:30,連絡,事務室,2026-10-13のサンプル予定です。日々・週間・月間表示で使用します。,GP03｜日々・週間・月間
1547,GP04 日次確認,2026-10-13 10:30,2026-10-13 11:30,点検,オンライン,2026-10-13のサンプル予定です。日々・週間・月間表示で使用します。,GP04｜日々・週間・月間
1548,GP05 日次確認,2026-10-13 11:15,2026-10-13 12:30,調整,現地,2026-10-13のサンプル予定です。日々・週間・月間表示で使用します。,GP05｜日々・週間・月間
1549,GP1 日次確認,2026-10-14 08:30,2026-10-14 09:30,確認,作業室,2026-10-14のサンプル予定です。日々・週間・月間表示で使用します。,GP1｜日々・週間・月間
1550,GP2 日次確認,2026-10-14 09:15,2026-10-14 10:30,作業,事務室,2026-10-14のサンプル予定です。日々・週間・月間表示で使用します。,GP2｜日々・週間・月間
1551,GP2 受入確認,2026-10-14 08:15,2026-10-14 09:00,作業,事務室,GP2の表示件数と重なり回避を確認するサンプル予定です。,GP2｜日々・週間・月間
1552,GP2 資料レビュー,2026-10-14 09:00,2026-10-14 10:00,連絡,オンライン,GP2の表示件数と重なり回避を確認するサンプル予定です。,GP2｜日々・週間・月間
1553,GP2 進捗会議,2026-10-14 09:15,2026-10-14 10:30,点検,現地,GP2の表示件数と重なり回避を確認するサンプル予定です。,GP2｜日々・週間・月間
1554,GP3 日次確認,2026-10-14 10:00,2026-10-14 10:45,連絡,オンライン,2026-10-14のサンプル予定です。日々・週間・月間表示で使用します。,GP3｜日々・週間・月間
1555,GP3 作業調整,2026-10-14 08:15,2026-10-14 09:00,連絡,オンライン,GP3の表示件数と重なり回避を確認するサンプル予定です。,GP3｜日々・週間・月間
1556,GP3 品質確認,2026-10-14 09:00,2026-10-14 10:00,点検,現地,GP3の表示件数と重なり回避を確認するサンプル予定です。,GP3｜日々・週間・月間
1557,GP3 連絡会,2026-10-14 09:15,2026-10-14 10:30,調整,第1会議室,GP3の表示件数と重なり回避を確認するサンプル予定です。,GP3｜日々・週間・月間
1558,GP4 日次確認,2026-10-14 10:45,2026-10-14 11:45,点検,現地,2026-10-14のサンプル予定です。日々・週間・月間表示で使用します。,GP4｜日々・週間・月間
1559,GP4 進捗整理,2026-10-14 08:15,2026-10-14 09:00,点検,現地,GP4の表示件数と重なり回避を確認するサンプル予定です。,GP4｜日々・週間・月間
1560,GP4 課題確認,2026-10-14 09:00,2026-10-14 10:00,調整,第1会議室,GP4の表示件数と重なり回避を確認するサンプル予定です。,GP4｜日々・週間・月間
1561,GP4 定例打合せ,2026-10-14 09:15,2026-10-14 10:30,会議,第2会議室,GP4の表示件数と重なり回避を確認するサンプル予定です。,GP4｜日々・週間・月間
1562,GP5 日次確認,2026-10-14 11:30,2026-10-14 12:45,調整,第1会議室,2026-10-14のサンプル予定です。日々・週間・月間表示で使用します。,GP5｜日々・週間・月間
1563,GP5 設備確認,2026-10-14 08:15,2026-10-14 09:00,調整,第1会議室,GP5の表示件数と重なり回避を確認するサンプル予定です。,GP5｜日々・週間・月間
1564,GP5 運用レビュー,2026-10-14 09:00,2026-10-14 10:00,会議,第2会議室,GP5の表示件数と重なり回避を確認するサンプル予定です。,GP5｜日々・週間・月間
1565,GP5 引継ぎ,2026-10-14 09:15,2026-10-14 10:30,確認,作業室,GP5の表示件数と重なり回避を確認するサンプル予定です。,GP5｜日々・週間・月間
1566,GP6 日次確認,2026-10-14 12:15,2026-10-14 13:00,会議,第2会議室,2026-10-14のサンプル予定です。日々・週間・月間表示で使用します。,GP6｜日々・週間・月間
1567,GP7 日次確認,2026-10-14 13:00,2026-10-14 14:00,確認,作業室,2026-10-14のサンプル予定です。日々・週間・月間表示で使用します。,GP7｜日々・週間・月間
1568,GP8 日次確認,2026-10-14 13:45,2026-10-14 15:00,作業,事務室,2026-10-14のサンプル予定です。日々・週間・月間表示で使用します。,GP8｜日々・週間・月間
1569,GP1科／GS班 日次確認,2026-10-14 14:30,2026-10-14 15:15,連絡,オンライン,2026-10-14のサンプル予定です。日々・週間・月間表示で使用します。,GP1科／GS班｜日々・週間・月間
1570,GP1科／JN班 日次確認,2026-10-14 08:15,2026-10-14 09:15,点検,現地,2026-10-14のサンプル予定です。日々・週間・月間表示で使用します。,GP1科／JN班｜日々・週間・月間
1571,GP1科／JH班 日次確認,2026-10-14 09:00,2026-10-14 10:15,調整,第1会議室,2026-10-14のサンプル予定です。日々・週間・月間表示で使用します。,GP1科／JH班｜日々・週間・月間
1572,GP2科／UK班 日次確認,2026-10-14 09:45,2026-10-14 10:30,会議,第2会議室,2026-10-14のサンプル予定です。日々・週間・月間表示で使用します。,GP2科／UK班｜日々・週間・月間
1573,GP2科／KR班 日次確認,2026-10-14 10:30,2026-10-14 11:30,確認,作業室,2026-10-14のサンプル予定です。日々・週間・月間表示で使用します。,GP2科／KR班｜日々・週間・月間
1574,GP3科／KY班 日次確認,2026-10-14 11:15,2026-10-14 12:30,作業,事務室,2026-10-14のサンプル予定です。日々・週間・月間表示で使用します。,GP3科／KY班｜日々・週間・月間
1575,GP3科／KK班 日次確認,2026-10-14 12:00,2026-10-14 12:45,連絡,オンライン,2026-10-14のサンプル予定です。日々・週間・月間表示で使用します。,GP3科／KK班｜日々・週間・月間
1576,GP3科／SS班 日次確認,2026-10-14 12:45,2026-10-14 13:45,点検,現地,2026-10-14のサンプル予定です。日々・週間・月間表示で使用します。,GP3科／SS班｜日々・週間・月間
1577,GP4班／KY班 日次確認,2026-10-14 13:30,2026-10-14 14:45,調整,第1会議室,2026-10-14のサンプル予定です。日々・週間・月間表示で使用します。,GP4班／KY班｜日々・週間・月間
1578,GP4班／KY2班 日次確認,2026-10-14 14:15,2026-10-14 15:00,会議,第2会議室,2026-10-14のサンプル予定です。日々・週間・月間表示で使用します。,GP4班／KY2班｜日々・週間・月間
1579,GP4班／QY班 日次確認,2026-10-14 08:00,2026-10-14 09:00,確認,作業室,2026-10-14のサンプル予定です。日々・週間・月間表示で使用します。,GP4班／QY班｜日々・週間・月間
1580,GP01 日次確認,2026-10-14 08:45,2026-10-14 10:00,作業,事務室,2026-10-14のサンプル予定です。日々・週間・月間表示で使用します。,GP01｜日々・週間・月間
1581,GP02 日次確認,2026-10-14 09:30,2026-10-14 10:15,連絡,オンライン,2026-10-14のサンプル予定です。日々・週間・月間表示で使用します。,GP02｜日々・週間・月間
1582,GP03 日次確認,2026-10-14 10:15,2026-10-14 11:15,点検,現地,2026-10-14のサンプル予定です。日々・週間・月間表示で使用します。,GP03｜日々・週間・月間
1583,GP04 日次確認,2026-10-14 11:00,2026-10-14 12:15,調整,第1会議室,2026-10-14のサンプル予定です。日々・週間・月間表示で使用します。,GP04｜日々・週間・月間
1584,GP05 日次確認,2026-10-14 11:45,2026-10-14 12:30,会議,第2会議室,2026-10-14のサンプル予定です。日々・週間・月間表示で使用します。,GP05｜日々・週間・月間
1585,GP1 日次確認,2026-10-15 09:00,2026-10-15 10:15,作業,オンライン,2026-10-15のサンプル予定です。日々・週間・月間表示で使用します。,GP1｜日々・週間・月間
1586,GP2 日次確認,2026-10-15 09:45,2026-10-15 10:30,連絡,現地,2026-10-15のサンプル予定です。日々・週間・月間表示で使用します。,GP2｜日々・週間・月間
1587,GP2 受入確認,2026-10-15 08:15,2026-10-15 09:00,作業,オンライン,GP2の表示件数と重なり回避を確認するサンプル予定です。,GP2｜日々・週間・月間
1588,GP2 資料レビュー,2026-10-15 09:00,2026-10-15 10:00,連絡,現地,GP2の表示件数と重なり回避を確認するサンプル予定です。,GP2｜日々・週間・月間
1589,GP2 進捗会議,2026-10-15 09:15,2026-10-15 10:30,点検,第1会議室,GP2の表示件数と重なり回避を確認するサンプル予定です。,GP2｜日々・週間・月間
1590,GP3 日次確認,2026-10-15 10:30,2026-10-15 11:30,点検,第1会議室,2026-10-15のサンプル予定です。日々・週間・月間表示で使用します。,GP3｜日々・週間・月間
1591,GP3 作業調整,2026-10-15 08:15,2026-10-15 09:00,連絡,現地,GP3の表示件数と重なり回避を確認するサンプル予定です。,GP3｜日々・週間・月間
1592,GP3 品質確認,2026-10-15 09:00,2026-10-15 10:00,点検,第1会議室,GP3の表示件数と重なり回避を確認するサンプル予定です。,GP3｜日々・週間・月間
1593,GP3 連絡会,2026-10-15 09:15,2026-10-15 10:30,調整,第2会議室,GP3の表示件数と重なり回避を確認するサンプル予定です。,GP3｜日々・週間・月間
1594,GP4 日次確認,2026-10-15 11:15,2026-10-15 12:30,調整,第2会議室,2026-10-15のサンプル予定です。日々・週間・月間表示で使用します。,GP4｜日々・週間・月間
1595,GP4 進捗整理,2026-10-15 08:15,2026-10-15 09:00,点検,第1会議室,GP4の表示件数と重なり回避を確認するサンプル予定です。,GP4｜日々・週間・月間
1596,GP4 課題確認,2026-10-15 09:00,2026-10-15 10:00,調整,第2会議室,GP4の表示件数と重なり回避を確認するサンプル予定です。,GP4｜日々・週間・月間
1597,GP4 定例打合せ,2026-10-15 09:15,2026-10-15 10:30,会議,作業室,GP4の表示件数と重なり回避を確認するサンプル予定です。,GP4｜日々・週間・月間
1598,GP5 日次確認,2026-10-15 12:00,2026-10-15 12:45,会議,作業室,2026-10-15のサンプル予定です。日々・週間・月間表示で使用します。,GP5｜日々・週間・月間
1599,GP5 設備確認,2026-10-15 08:15,2026-10-15 09:00,調整,第2会議室,GP5の表示件数と重なり回避を確認するサンプル予定です。,GP5｜日々・週間・月間
1600,GP5 運用レビュー,2026-10-15 09:00,2026-10-15 10:00,会議,作業室,GP5の表示件数と重なり回避を確認するサンプル予定です。,GP5｜日々・週間・月間
1601,GP5 引継ぎ,2026-10-15 09:15,2026-10-15 10:30,確認,事務室,GP5の表示件数と重なり回避を確認するサンプル予定です。,GP5｜日々・週間・月間
1602,GP6 日次確認,2026-10-15 12:45,2026-10-15 13:45,確認,事務室,2026-10-15のサンプル予定です。日々・週間・月間表示で使用します。,GP6｜日々・週間・月間
1603,GP7 日次確認,2026-10-15 13:30,2026-10-15 14:45,作業,オンライン,2026-10-15のサンプル予定です。日々・週間・月間表示で使用します。,GP7｜日々・週間・月間
1604,GP8 日次確認,2026-10-15 14:15,2026-10-15 15:00,連絡,現地,2026-10-15のサンプル予定です。日々・週間・月間表示で使用します。,GP8｜日々・週間・月間
1605,GP1科／GS班 日次確認,2026-10-15 08:00,2026-10-15 09:00,点検,第1会議室,2026-10-15のサンプル予定です。日々・週間・月間表示で使用します。,GP1科／GS班｜日々・週間・月間
1606,GP1科／JN班 日次確認,2026-10-15 08:45,2026-10-15 10:00,調整,第2会議室,2026-10-15のサンプル予定です。日々・週間・月間表示で使用します。,GP1科／JN班｜日々・週間・月間
1607,GP1科／JH班 日次確認,2026-10-15 09:30,2026-10-15 10:15,会議,作業室,2026-10-15のサンプル予定です。日々・週間・月間表示で使用します。,GP1科／JH班｜日々・週間・月間
1608,GP2科／UK班 日次確認,2026-10-15 10:15,2026-10-15 11:15,確認,事務室,2026-10-15のサンプル予定です。日々・週間・月間表示で使用します。,GP2科／UK班｜日々・週間・月間
1609,GP2科／KR班 日次確認,2026-10-15 11:00,2026-10-15 12:15,作業,オンライン,2026-10-15のサンプル予定です。日々・週間・月間表示で使用します。,GP2科／KR班｜日々・週間・月間
1610,GP3科／KY班 日次確認,2026-10-15 11:45,2026-10-15 12:30,連絡,現地,2026-10-15のサンプル予定です。日々・週間・月間表示で使用します。,GP3科／KY班｜日々・週間・月間
1611,GP3科／KK班 日次確認,2026-10-15 12:30,2026-10-15 13:30,点検,第1会議室,2026-10-15のサンプル予定です。日々・週間・月間表示で使用します。,GP3科／KK班｜日々・週間・月間
1612,GP3科／SS班 日次確認,2026-10-15 13:15,2026-10-15 14:30,調整,第2会議室,2026-10-15のサンプル予定です。日々・週間・月間表示で使用します。,GP3科／SS班｜日々・週間・月間
1613,GP4班／KY班 日次確認,2026-10-15 14:00,2026-10-15 14:45,会議,作業室,2026-10-15のサンプル予定です。日々・週間・月間表示で使用します。,GP4班／KY班｜日々・週間・月間
1614,GP4班／KY2班 日次確認,2026-10-15 14:45,2026-10-15 15:45,確認,事務室,2026-10-15のサンプル予定です。日々・週間・月間表示で使用します。,GP4班／KY2班｜日々・週間・月間
1615,GP4班／QY班 日次確認,2026-10-15 08:30,2026-10-15 09:45,作業,オンライン,2026-10-15のサンプル予定です。日々・週間・月間表示で使用します。,GP4班／QY班｜日々・週間・月間
1616,GP01 日次確認,2026-10-15 09:15,2026-10-15 10:00,連絡,現地,2026-10-15のサンプル予定です。日々・週間・月間表示で使用します。,GP01｜日々・週間・月間
1617,GP02 日次確認,2026-10-15 10:00,2026-10-15 11:00,点検,第1会議室,2026-10-15のサンプル予定です。日々・週間・月間表示で使用します。,GP02｜日々・週間・月間
1618,GP03 日次確認,2026-10-15 10:45,2026-10-15 12:00,調整,第2会議室,2026-10-15のサンプル予定です。日々・週間・月間表示で使用します。,GP03｜日々・週間・月間
1619,GP04 日次確認,2026-10-15 11:30,2026-10-15 12:15,会議,作業室,2026-10-15のサンプル予定です。日々・週間・月間表示で使用します。,GP04｜日々・週間・月間
1620,GP05 日次確認,2026-10-15 12:15,2026-10-15 13:15,確認,事務室,2026-10-15のサンプル予定です。日々・週間・月間表示で使用します。,GP05｜日々・週間・月間
1621,GP1 日次確認,2026-10-16 09:30,2026-10-16 10:15,連絡,第1会議室,2026-10-16のサンプル予定です。日々・週間・月間表示で使用します。,GP1｜日々・週間・月間
1622,GP2 日次確認,2026-10-16 10:15,2026-10-16 11:15,点検,第2会議室,2026-10-16のサンプル予定です。日々・週間・月間表示で使用します。,GP2｜日々・週間・月間
1623,GP2 受入確認,2026-10-16 08:15,2026-10-16 09:00,作業,現地,GP2の表示件数と重なり回避を確認するサンプル予定です。,GP2｜日々・週間・月間
1624,GP2 資料レビュー,2026-10-16 09:00,2026-10-16 10:00,連絡,第1会議室,GP2の表示件数と重なり回避を確認するサンプル予定です。,GP2｜日々・週間・月間
1625,GP2 進捗会議,2026-10-16 09:15,2026-10-16 10:30,点検,第2会議室,GP2の表示件数と重なり回避を確認するサンプル予定です。,GP2｜日々・週間・月間
1626,GP3 日次確認,2026-10-16 11:00,2026-10-16 12:15,調整,作業室,2026-10-16のサンプル予定です。日々・週間・月間表示で使用します。,GP3｜日々・週間・月間
1627,GP3 作業調整,2026-10-16 08:15,2026-10-16 09:00,連絡,第1会議室,GP3の表示件数と重なり回避を確認するサンプル予定です。,GP3｜日々・週間・月間
1628,GP3 品質確認,2026-10-16 09:00,2026-10-16 10:00,点検,第2会議室,GP3の表示件数と重なり回避を確認するサンプル予定です。,GP3｜日々・週間・月間
1629,GP3 連絡会,2026-10-16 09:15,2026-10-16 10:30,調整,作業室,GP3の表示件数と重なり回避を確認するサンプル予定です。,GP3｜日々・週間・月間
1630,GP4 日次確認,2026-10-16 11:45,2026-10-16 12:30,会議,事務室,2026-10-16のサンプル予定です。日々・週間・月間表示で使用します。,GP4｜日々・週間・月間
1631,GP4 進捗整理,2026-10-16 08:15,2026-10-16 09:00,点検,第2会議室,GP4の表示件数と重なり回避を確認するサンプル予定です。,GP4｜日々・週間・月間
1632,GP4 課題確認,2026-10-16 09:00,2026-10-16 10:00,調整,作業室,GP4の表示件数と重なり回避を確認するサンプル予定です。,GP4｜日々・週間・月間
1633,GP4 定例打合せ,2026-10-16 09:15,2026-10-16 10:30,会議,事務室,GP4の表示件数と重なり回避を確認するサンプル予定です。,GP4｜日々・週間・月間
1634,GP5 日次確認,2026-10-16 12:30,2026-10-16 13:30,確認,オンライン,2026-10-16のサンプル予定です。日々・週間・月間表示で使用します。,GP5｜日々・週間・月間
1635,GP5 設備確認,2026-10-16 08:15,2026-10-16 09:00,調整,作業室,GP5の表示件数と重なり回避を確認するサンプル予定です。,GP5｜日々・週間・月間
1636,GP5 運用レビュー,2026-10-16 09:00,2026-10-16 10:00,会議,事務室,GP5の表示件数と重なり回避を確認するサンプル予定です。,GP5｜日々・週間・月間
1637,GP5 引継ぎ,2026-10-16 09:15,2026-10-16 10:30,確認,オンライン,GP5の表示件数と重なり回避を確認するサンプル予定です。,GP5｜日々・週間・月間
1638,GP6 日次確認,2026-10-16 13:15,2026-10-16 14:30,作業,現地,2026-10-16のサンプル予定です。日々・週間・月間表示で使用します。,GP6｜日々・週間・月間
1639,GP7 日次確認,2026-10-16 14:00,2026-10-16 14:45,連絡,第1会議室,2026-10-16のサンプル予定です。日々・週間・月間表示で使用します。,GP7｜日々・週間・月間
1640,GP8 日次確認,2026-10-16 14:45,2026-10-16 15:45,点検,第2会議室,2026-10-16のサンプル予定です。日々・週間・月間表示で使用します。,GP8｜日々・週間・月間
1641,GP1科／GS班 日次確認,2026-10-16 08:30,2026-10-16 09:45,調整,作業室,2026-10-16のサンプル予定です。日々・週間・月間表示で使用します。,GP1科／GS班｜日々・週間・月間
1642,GP1科／JN班 日次確認,2026-10-16 09:15,2026-10-16 10:00,会議,事務室,2026-10-16のサンプル予定です。日々・週間・月間表示で使用します。,GP1科／JN班｜日々・週間・月間
1643,GP1科／JH班 日次確認,2026-10-16 10:00,2026-10-16 11:00,確認,オンライン,2026-10-16のサンプル予定です。日々・週間・月間表示で使用します。,GP1科／JH班｜日々・週間・月間
1644,GP2科／UK班 日次確認,2026-10-16 10:45,2026-10-16 12:00,作業,現地,2026-10-16のサンプル予定です。日々・週間・月間表示で使用します。,GP2科／UK班｜日々・週間・月間
1645,GP2科／KR班 日次確認,2026-10-16 11:30,2026-10-16 12:15,連絡,第1会議室,2026-10-16のサンプル予定です。日々・週間・月間表示で使用します。,GP2科／KR班｜日々・週間・月間
1646,GP3科／KY班 日次確認,2026-10-16 12:15,2026-10-16 13:15,点検,第2会議室,2026-10-16のサンプル予定です。日々・週間・月間表示で使用します。,GP3科／KY班｜日々・週間・月間
1647,GP3科／KK班 日次確認,2026-10-16 13:00,2026-10-16 14:15,調整,作業室,2026-10-16のサンプル予定です。日々・週間・月間表示で使用します。,GP3科／KK班｜日々・週間・月間
1648,GP3科／SS班 日次確認,2026-10-16 13:45,2026-10-16 14:30,会議,事務室,2026-10-16のサンプル予定です。日々・週間・月間表示で使用します。,GP3科／SS班｜日々・週間・月間
1649,GP4班／KY班 日次確認,2026-10-16 14:30,2026-10-16 15:30,確認,オンライン,2026-10-16のサンプル予定です。日々・週間・月間表示で使用します。,GP4班／KY班｜日々・週間・月間
1650,GP4班／KY2班 日次確認,2026-10-16 08:15,2026-10-16 09:30,作業,現地,2026-10-16のサンプル予定です。日々・週間・月間表示で使用します。,GP4班／KY2班｜日々・週間・月間
1651,GP4班／QY班 日次確認,2026-10-16 09:00,2026-10-16 09:45,連絡,第1会議室,2026-10-16のサンプル予定です。日々・週間・月間表示で使用します。,GP4班／QY班｜日々・週間・月間
1652,GP01 日次確認,2026-10-16 09:45,2026-10-16 10:45,点検,第2会議室,2026-10-16のサンプル予定です。日々・週間・月間表示で使用します。,GP01｜日々・週間・月間
1653,GP02 日次確認,2026-10-16 10:30,2026-10-16 11:45,調整,作業室,2026-10-16のサンプル予定です。日々・週間・月間表示で使用します。,GP02｜日々・週間・月間
1654,GP03 日次確認,2026-10-16 11:15,2026-10-16 12:00,会議,事務室,2026-10-16のサンプル予定です。日々・週間・月間表示で使用します。,GP03｜日々・週間・月間
1655,GP04 日次確認,2026-10-16 12:00,2026-10-16 13:00,確認,オンライン,2026-10-16のサンプル予定です。日々・週間・月間表示で使用します。,GP04｜日々・週間・月間
1656,GP05 日次確認,2026-10-16 12:45,2026-10-16 14:00,作業,現地,2026-10-16のサンプル予定です。日々・週間・月間表示で使用します。,GP05｜日々・週間・月間
1657,GP1 日次確認,2026-10-17 10:00,2026-10-17 11:00,点検,作業室,2026-10-17のサンプル予定です。日々・週間・月間表示で使用します。,GP1｜日々・週間・月間
1658,GP2 日次確認,2026-10-17 10:45,2026-10-17 12:00,調整,事務室,2026-10-17のサンプル予定です。日々・週間・月間表示で使用します。,GP2｜日々・週間・月間
1659,GP2 受入確認,2026-10-17 08:15,2026-10-17 09:00,作業,第1会議室,GP2の表示件数と重なり回避を確認するサンプル予定です。,GP2｜日々・週間・月間
1660,GP2 資料レビュー,2026-10-17 09:00,2026-10-17 10:00,連絡,第2会議室,GP2の表示件数と重なり回避を確認するサンプル予定です。,GP2｜日々・週間・月間
1661,GP2 進捗会議,2026-10-17 09:15,2026-10-17 10:30,点検,作業室,GP2の表示件数と重なり回避を確認するサンプル予定です。,GP2｜日々・週間・月間
1662,GP3 日次確認,2026-10-17 11:30,2026-10-17 12:15,会議,オンライン,2026-10-17のサンプル予定です。日々・週間・月間表示で使用します。,GP3｜日々・週間・月間
1663,GP3 作業調整,2026-10-17 08:15,2026-10-17 09:00,連絡,第2会議室,GP3の表示件数と重なり回避を確認するサンプル予定です。,GP3｜日々・週間・月間
1664,GP3 品質確認,2026-10-17 09:00,2026-10-17 10:00,点検,作業室,GP3の表示件数と重なり回避を確認するサンプル予定です。,GP3｜日々・週間・月間
1665,GP3 連絡会,2026-10-17 09:15,2026-10-17 10:30,調整,事務室,GP3の表示件数と重なり回避を確認するサンプル予定です。,GP3｜日々・週間・月間
1666,GP4 日次確認,2026-10-17 12:15,2026-10-17 13:15,確認,現地,2026-10-17のサンプル予定です。日々・週間・月間表示で使用します。,GP4｜日々・週間・月間
1667,GP4 進捗整理,2026-10-17 08:15,2026-10-17 09:00,点検,作業室,GP4の表示件数と重なり回避を確認するサンプル予定です。,GP4｜日々・週間・月間
1668,GP4 課題確認,2026-10-17 09:00,2026-10-17 10:00,調整,事務室,GP4の表示件数と重なり回避を確認するサンプル予定です。,GP4｜日々・週間・月間
1669,GP4 定例打合せ,2026-10-17 09:15,2026-10-17 10:30,会議,オンライン,GP4の表示件数と重なり回避を確認するサンプル予定です。,GP4｜日々・週間・月間
1670,GP5 日次確認,2026-10-17 13:00,2026-10-17 14:15,作業,第1会議室,2026-10-17のサンプル予定です。日々・週間・月間表示で使用します。,GP5｜日々・週間・月間
1671,GP5 設備確認,2026-10-17 08:15,2026-10-17 09:00,調整,事務室,GP5の表示件数と重なり回避を確認するサンプル予定です。,GP5｜日々・週間・月間
1672,GP5 運用レビュー,2026-10-17 09:00,2026-10-17 10:00,会議,オンライン,GP5の表示件数と重なり回避を確認するサンプル予定です。,GP5｜日々・週間・月間
1673,GP5 引継ぎ,2026-10-17 09:15,2026-10-17 10:30,確認,現地,GP5の表示件数と重なり回避を確認するサンプル予定です。,GP5｜日々・週間・月間
1674,GP6 日次確認,2026-10-17 13:45,2026-10-17 14:30,連絡,第2会議室,2026-10-17のサンプル予定です。日々・週間・月間表示で使用します。,GP6｜日々・週間・月間
1675,GP7 日次確認,2026-10-17 14:30,2026-10-17 15:30,点検,作業室,2026-10-17のサンプル予定です。日々・週間・月間表示で使用します。,GP7｜日々・週間・月間
1676,GP8 日次確認,2026-10-17 08:15,2026-10-17 09:30,調整,事務室,2026-10-17のサンプル予定です。日々・週間・月間表示で使用します。,GP8｜日々・週間・月間
1677,GP1科／GS班 日次確認,2026-10-17 09:00,2026-10-17 09:45,会議,オンライン,2026-10-17のサンプル予定です。日々・週間・月間表示で使用します。,GP1科／GS班｜日々・週間・月間
1678,GP1科／JN班 日次確認,2026-10-17 09:45,2026-10-17 10:45,確認,現地,2026-10-17のサンプル予定です。日々・週間・月間表示で使用します。,GP1科／JN班｜日々・週間・月間
1679,GP1科／JH班 日次確認,2026-10-17 10:30,2026-10-17 11:45,作業,第1会議室,2026-10-17のサンプル予定です。日々・週間・月間表示で使用します。,GP1科／JH班｜日々・週間・月間
1680,GP2科／UK班 日次確認,2026-10-17 11:15,2026-10-17 12:00,連絡,第2会議室,2026-10-17のサンプル予定です。日々・週間・月間表示で使用します。,GP2科／UK班｜日々・週間・月間
1681,GP2科／KR班 日次確認,2026-10-17 12:00,2026-10-17 13:00,点検,作業室,2026-10-17のサンプル予定です。日々・週間・月間表示で使用します。,GP2科／KR班｜日々・週間・月間
1682,GP3科／KY班 日次確認,2026-10-17 12:45,2026-10-17 14:00,調整,事務室,2026-10-17のサンプル予定です。日々・週間・月間表示で使用します。,GP3科／KY班｜日々・週間・月間
1683,GP3科／KK班 日次確認,2026-10-17 13:30,2026-10-17 14:15,会議,オンライン,2026-10-17のサンプル予定です。日々・週間・月間表示で使用します。,GP3科／KK班｜日々・週間・月間
1684,GP3科／SS班 日次確認,2026-10-17 14:15,2026-10-17 15:15,確認,現地,2026-10-17のサンプル予定です。日々・週間・月間表示で使用します。,GP3科／SS班｜日々・週間・月間
1685,GP4班／KY班 日次確認,2026-10-17 08:00,2026-10-17 09:15,作業,第1会議室,2026-10-17のサンプル予定です。日々・週間・月間表示で使用します。,GP4班／KY班｜日々・週間・月間
1686,GP4班／KY2班 日次確認,2026-10-17 08:45,2026-10-17 09:30,連絡,第2会議室,2026-10-17のサンプル予定です。日々・週間・月間表示で使用します。,GP4班／KY2班｜日々・週間・月間
1687,GP4班／QY班 日次確認,2026-10-17 09:30,2026-10-17 10:30,点検,作業室,2026-10-17のサンプル予定です。日々・週間・月間表示で使用します。,GP4班／QY班｜日々・週間・月間
1688,GP01 日次確認,2026-10-17 10:15,2026-10-17 11:30,調整,事務室,2026-10-17のサンプル予定です。日々・週間・月間表示で使用します。,GP01｜日々・週間・月間
1689,GP02 日次確認,2026-10-17 11:00,2026-10-17 11:45,会議,オンライン,2026-10-17のサンプル予定です。日々・週間・月間表示で使用します。,GP02｜日々・週間・月間
1690,GP03 日次確認,2026-10-17 11:45,2026-10-17 12:45,確認,現地,2026-10-17のサンプル予定です。日々・週間・月間表示で使用します。,GP03｜日々・週間・月間
1691,GP04 日次確認,2026-10-17 12:30,2026-10-17 13:45,作業,第1会議室,2026-10-17のサンプル予定です。日々・週間・月間表示で使用します。,GP04｜日々・週間・月間
1692,GP05 日次確認,2026-10-17 13:15,2026-10-17 14:00,連絡,第2会議室,2026-10-17のサンプル予定です。日々・週間・月間表示で使用します。,GP05｜日々・週間・月間
1693,GP1 日次確認,2026-10-18 10:30,2026-10-18 11:45,調整,オンライン,2026-10-18のサンプル予定です。日々・週間・月間表示で使用します。,GP1｜日々・週間・月間
1694,GP2 日次確認,2026-10-18 11:15,2026-10-18 12:00,会議,現地,2026-10-18のサンプル予定です。日々・週間・月間表示で使用します。,GP2｜日々・週間・月間
1695,GP2 受入確認,2026-10-18 08:15,2026-10-18 09:00,作業,第2会議室,GP2の表示件数と重なり回避を確認するサンプル予定です。,GP2｜日々・週間・月間
1696,GP2 資料レビュー,2026-10-18 09:00,2026-10-18 10:00,連絡,作業室,GP2の表示件数と重なり回避を確認するサンプル予定です。,GP2｜日々・週間・月間
1697,GP2 進捗会議,2026-10-18 09:15,2026-10-18 10:30,点検,事務室,GP2の表示件数と重なり回避を確認するサンプル予定です。,GP2｜日々・週間・月間
1698,GP3 日次確認,2026-10-18 12:00,2026-10-18 13:00,確認,第1会議室,2026-10-18のサンプル予定です。日々・週間・月間表示で使用します。,GP3｜日々・週間・月間
1699,GP3 作業調整,2026-10-18 08:15,2026-10-18 09:00,連絡,作業室,GP3の表示件数と重なり回避を確認するサンプル予定です。,GP3｜日々・週間・月間
1700,GP3 品質確認,2026-10-18 09:00,2026-10-18 10:00,点検,事務室,GP3の表示件数と重なり回避を確認するサンプル予定です。,GP3｜日々・週間・月間
1701,GP3 連絡会,2026-10-18 09:15,2026-10-18 10:30,調整,オンライン,GP3の表示件数と重なり回避を確認するサンプル予定です。,GP3｜日々・週間・月間
1702,GP4 日次確認,2026-10-18 12:45,2026-10-18 14:00,作業,第2会議室,2026-10-18のサンプル予定です。日々・週間・月間表示で使用します。,GP4｜日々・週間・月間
1703,GP4 進捗整理,2026-10-18 08:15,2026-10-18 09:00,点検,事務室,GP4の表示件数と重なり回避を確認するサンプル予定です。,GP4｜日々・週間・月間
1704,GP4 課題確認,2026-10-18 09:00,2026-10-18 10:00,調整,オンライン,GP4の表示件数と重なり回避を確認するサンプル予定です。,GP4｜日々・週間・月間
1705,GP4 定例打合せ,2026-10-18 09:15,2026-10-18 10:30,会議,現地,GP4の表示件数と重なり回避を確認するサンプル予定です。,GP4｜日々・週間・月間
1706,GP5 日次確認,2026-10-18 13:30,2026-10-18 14:15,連絡,作業室,2026-10-18のサンプル予定です。日々・週間・月間表示で使用します。,GP5｜日々・週間・月間
1707,GP5 設備確認,2026-10-18 08:15,2026-10-18 09:00,調整,オンライン,GP5の表示件数と重なり回避を確認するサンプル予定です。,GP5｜日々・週間・月間
1708,GP5 運用レビュー,2026-10-18 09:00,2026-10-18 10:00,会議,現地,GP5の表示件数と重なり回避を確認するサンプル予定です。,GP5｜日々・週間・月間
1709,GP5 引継ぎ,2026-10-18 09:15,2026-10-18 10:30,確認,第1会議室,GP5の表示件数と重なり回避を確認するサンプル予定です。,GP5｜日々・週間・月間
1710,GP6 日次確認,2026-10-18 14:15,2026-10-18 15:15,点検,事務室,2026-10-18のサンプル予定です。日々・週間・月間表示で使用します。,GP6｜日々・週間・月間
1711,GP7 日次確認,2026-10-18 08:00,2026-10-18 09:15,調整,オンライン,2026-10-18のサンプル予定です。日々・週間・月間表示で使用します。,GP7｜日々・週間・月間
1712,GP8 日次確認,2026-10-18 08:45,2026-10-18 09:30,会議,現地,2026-10-18のサンプル予定です。日々・週間・月間表示で使用します。,GP8｜日々・週間・月間
1713,GP1科／GS班 日次確認,2026-10-18 09:30,2026-10-18 10:30,確認,第1会議室,2026-10-18のサンプル予定です。日々・週間・月間表示で使用します。,GP1科／GS班｜日々・週間・月間
1714,GP1科／JN班 日次確認,2026-10-18 10:15,2026-10-18 11:30,作業,第2会議室,2026-10-18のサンプル予定です。日々・週間・月間表示で使用します。,GP1科／JN班｜日々・週間・月間
1715,GP1科／JH班 日次確認,2026-10-18 11:00,2026-10-18 11:45,連絡,作業室,2026-10-18のサンプル予定です。日々・週間・月間表示で使用します。,GP1科／JH班｜日々・週間・月間
1716,GP2科／UK班 日次確認,2026-10-18 11:45,2026-10-18 12:45,点検,事務室,2026-10-18のサンプル予定です。日々・週間・月間表示で使用します。,GP2科／UK班｜日々・週間・月間
1717,GP2科／KR班 日次確認,2026-10-18 12:30,2026-10-18 13:45,調整,オンライン,2026-10-18のサンプル予定です。日々・週間・月間表示で使用します。,GP2科／KR班｜日々・週間・月間
1718,GP3科／KY班 日次確認,2026-10-18 13:15,2026-10-18 14:00,会議,現地,2026-10-18のサンプル予定です。日々・週間・月間表示で使用します。,GP3科／KY班｜日々・週間・月間
1719,GP3科／KK班 日次確認,2026-10-18 14:00,2026-10-18 15:00,確認,第1会議室,2026-10-18のサンプル予定です。日々・週間・月間表示で使用します。,GP3科／KK班｜日々・週間・月間
1720,GP3科／SS班 日次確認,2026-10-18 14:45,2026-10-18 16:00,作業,第2会議室,2026-10-18のサンプル予定です。日々・週間・月間表示で使用します。,GP3科／SS班｜日々・週間・月間
1721,GP4班／KY班 日次確認,2026-10-18 08:30,2026-10-18 09:15,連絡,作業室,2026-10-18のサンプル予定です。日々・週間・月間表示で使用します。,GP4班／KY班｜日々・週間・月間
1722,GP4班／KY2班 日次確認,2026-10-18 09:15,2026-10-18 10:15,点検,事務室,2026-10-18のサンプル予定です。日々・週間・月間表示で使用します。,GP4班／KY2班｜日々・週間・月間
1723,GP4班／QY班 日次確認,2026-10-18 10:00,2026-10-18 11:15,調整,オンライン,2026-10-18のサンプル予定です。日々・週間・月間表示で使用します。,GP4班／QY班｜日々・週間・月間
1724,GP01 日次確認,2026-10-18 10:45,2026-10-18 11:30,会議,現地,2026-10-18のサンプル予定です。日々・週間・月間表示で使用します。,GP01｜日々・週間・月間
1725,GP02 日次確認,2026-10-18 11:30,2026-10-18 12:30,確認,第1会議室,2026-10-18のサンプル予定です。日々・週間・月間表示で使用します。,GP02｜日々・週間・月間
1726,GP03 日次確認,2026-10-18 12:15,2026-10-18 13:30,作業,第2会議室,2026-10-18のサンプル予定です。日々・週間・月間表示で使用します。,GP03｜日々・週間・月間
1727,GP04 日次確認,2026-10-18 13:00,2026-10-18 13:45,連絡,作業室,2026-10-18のサンプル予定です。日々・週間・月間表示で使用します。,GP04｜日々・週間・月間
1728,GP05 日次確認,2026-10-18 13:45,2026-10-18 14:45,点検,事務室,2026-10-18のサンプル予定です。日々・週間・月間表示で使用します。,GP05｜日々・週間・月間
1729,GP1 日次確認,2026-10-19 11:00,2026-10-19 11:45,会議,第1会議室,2026-10-19のサンプル予定です。日々・週間・月間表示で使用します。,GP1｜日々・週間・月間
1730,GP2 日次確認,2026-10-19 11:45,2026-10-19 12:45,確認,第2会議室,2026-10-19のサンプル予定です。日々・週間・月間表示で使用します。,GP2｜日々・週間・月間
1731,GP2 受入確認,2026-10-19 08:15,2026-10-19 09:00,作業,作業室,GP2の表示件数と重なり回避を確認するサンプル予定です。,GP2｜日々・週間・月間
1732,GP2 資料レビュー,2026-10-19 09:00,2026-10-19 10:00,連絡,事務室,GP2の表示件数と重なり回避を確認するサンプル予定です。,GP2｜日々・週間・月間
1733,GP2 進捗会議,2026-10-19 09:15,2026-10-19 10:30,点検,オンライン,GP2の表示件数と重なり回避を確認するサンプル予定です。,GP2｜日々・週間・月間
1734,GP3 日次確認,2026-10-19 12:30,2026-10-19 13:45,作業,作業室,2026-10-19のサンプル予定です。日々・週間・月間表示で使用します。,GP3｜日々・週間・月間
1735,GP3 作業調整,2026-10-19 08:15,2026-10-19 09:00,連絡,事務室,GP3の表示件数と重なり回避を確認するサンプル予定です。,GP3｜日々・週間・月間
1736,GP3 品質確認,2026-10-19 09:00,2026-10-19 10:00,点検,オンライン,GP3の表示件数と重なり回避を確認するサンプル予定です。,GP3｜日々・週間・月間
1737,GP3 連絡会,2026-10-19 09:15,2026-10-19 10:30,調整,現地,GP3の表示件数と重なり回避を確認するサンプル予定です。,GP3｜日々・週間・月間
1738,GP4 日次確認,2026-10-19 13:15,2026-10-19 14:00,連絡,事務室,2026-10-19のサンプル予定です。日々・週間・月間表示で使用します。,GP4｜日々・週間・月間
1739,GP4 進捗整理,2026-10-19 08:15,2026-10-19 09:00,点検,オンライン,GP4の表示件数と重なり回避を確認するサンプル予定です。,GP4｜日々・週間・月間
1740,GP4 課題確認,2026-10-19 09:00,2026-10-19 10:00,調整,現地,GP4の表示件数と重なり回避を確認するサンプル予定です。,GP4｜日々・週間・月間
1741,GP4 定例打合せ,2026-10-19 09:15,2026-10-19 10:30,会議,第1会議室,GP4の表示件数と重なり回避を確認するサンプル予定です。,GP4｜日々・週間・月間
1742,GP5 日次確認,2026-10-19 14:00,2026-10-19 15:00,点検,オンライン,2026-10-19のサンプル予定です。日々・週間・月間表示で使用します。,GP5｜日々・週間・月間
1743,GP5 設備確認,2026-10-19 08:15,2026-10-19 09:00,調整,現地,GP5の表示件数と重なり回避を確認するサンプル予定です。,GP5｜日々・週間・月間
1744,GP5 運用レビュー,2026-10-19 09:00,2026-10-19 10:00,会議,第1会議室,GP5の表示件数と重なり回避を確認するサンプル予定です。,GP5｜日々・週間・月間
1745,GP5 引継ぎ,2026-10-19 09:15,2026-10-19 10:30,確認,第2会議室,GP5の表示件数と重なり回避を確認するサンプル予定です。,GP5｜日々・週間・月間
1746,GP6 日次確認,2026-10-19 14:45,2026-10-19 16:00,調整,現地,2026-10-19のサンプル予定です。日々・週間・月間表示で使用します。,GP6｜日々・週間・月間
1747,GP7 日次確認,2026-10-19 08:30,2026-10-19 09:15,会議,第1会議室,2026-10-19のサンプル予定です。日々・週間・月間表示で使用します。,GP7｜日々・週間・月間
1748,GP8 日次確認,2026-10-19 09:15,2026-10-19 10:15,確認,第2会議室,2026-10-19のサンプル予定です。日々・週間・月間表示で使用します。,GP8｜日々・週間・月間
1749,GP1科／GS班 日次確認,2026-10-19 10:00,2026-10-19 11:15,作業,作業室,2026-10-19のサンプル予定です。日々・週間・月間表示で使用します。,GP1科／GS班｜日々・週間・月間
1750,GP1科／JN班 日次確認,2026-10-19 10:45,2026-10-19 11:30,連絡,事務室,2026-10-19のサンプル予定です。日々・週間・月間表示で使用します。,GP1科／JN班｜日々・週間・月間
1751,GP1科／JH班 日次確認,2026-10-19 11:30,2026-10-19 12:30,点検,オンライン,2026-10-19のサンプル予定です。日々・週間・月間表示で使用します。,GP1科／JH班｜日々・週間・月間
1752,GP2科／UK班 日次確認,2026-10-19 12:15,2026-10-19 13:30,調整,現地,2026-10-19のサンプル予定です。日々・週間・月間表示で使用します。,GP2科／UK班｜日々・週間・月間
1753,GP2科／KR班 日次確認,2026-10-19 13:00,2026-10-19 13:45,会議,第1会議室,2026-10-19のサンプル予定です。日々・週間・月間表示で使用します。,GP2科／KR班｜日々・週間・月間
1754,GP3科／KY班 日次確認,2026-10-19 13:45,2026-10-19 14:45,確認,第2会議室,2026-10-19のサンプル予定です。日々・週間・月間表示で使用します。,GP3科／KY班｜日々・週間・月間
1755,GP3科／KK班 日次確認,2026-10-19 14:30,2026-10-19 15:45,作業,作業室,2026-10-19のサンプル予定です。日々・週間・月間表示で使用します。,GP3科／KK班｜日々・週間・月間
1756,GP3科／SS班 日次確認,2026-10-19 08:15,2026-10-19 09:00,連絡,事務室,2026-10-19のサンプル予定です。日々・週間・月間表示で使用します。,GP3科／SS班｜日々・週間・月間
1757,GP4班／KY班 日次確認,2026-10-19 09:00,2026-10-19 10:00,点検,オンライン,2026-10-19のサンプル予定です。日々・週間・月間表示で使用します。,GP4班／KY班｜日々・週間・月間
1758,GP4班／KY2班 日次確認,2026-10-19 09:45,2026-10-19 11:00,調整,現地,2026-10-19のサンプル予定です。日々・週間・月間表示で使用します。,GP4班／KY2班｜日々・週間・月間
1759,GP4班／QY班 日次確認,2026-10-19 10:30,2026-10-19 11:15,会議,第1会議室,2026-10-19のサンプル予定です。日々・週間・月間表示で使用します。,GP4班／QY班｜日々・週間・月間
1760,GP01 日次確認,2026-10-19 11:15,2026-10-19 12:15,確認,第2会議室,2026-10-19のサンプル予定です。日々・週間・月間表示で使用します。,GP01｜日々・週間・月間
1761,GP02 日次確認,2026-10-19 12:00,2026-10-19 13:15,作業,作業室,2026-10-19のサンプル予定です。日々・週間・月間表示で使用します。,GP02｜日々・週間・月間
1762,GP03 日次確認,2026-10-19 12:45,2026-10-19 13:30,連絡,事務室,2026-10-19のサンプル予定です。日々・週間・月間表示で使用します。,GP03｜日々・週間・月間
1763,GP04 日次確認,2026-10-19 13:30,2026-10-19 14:30,点検,オンライン,2026-10-19のサンプル予定です。日々・週間・月間表示で使用します。,GP04｜日々・週間・月間
1764,GP05 日次確認,2026-10-19 14:15,2026-10-19 15:30,調整,現地,2026-10-19のサンプル予定です。日々・週間・月間表示で使用します。,GP05｜日々・週間・月間
1765,GP1 日次確認,2026-10-20 11:30,2026-10-20 12:30,確認,作業室,2026-10-20のサンプル予定です。日々・週間・月間表示で使用します。,GP1｜日々・週間・月間
1766,GP2 日次確認,2026-10-20 12:15,2026-10-20 13:30,作業,事務室,2026-10-20のサンプル予定です。日々・週間・月間表示で使用します。,GP2｜日々・週間・月間
1767,GP2 受入確認,2026-10-20 08:15,2026-10-20 09:00,作業,事務室,GP2の表示件数と重なり回避を確認するサンプル予定です。,GP2｜日々・週間・月間
1768,GP2 資料レビュー,2026-10-20 09:00,2026-10-20 10:00,連絡,オンライン,GP2の表示件数と重なり回避を確認するサンプル予定です。,GP2｜日々・週間・月間
1769,GP2 進捗会議,2026-10-20 09:15,2026-10-20 10:30,点検,現地,GP2の表示件数と重なり回避を確認するサンプル予定です。,GP2｜日々・週間・月間
1770,GP3 日次確認,2026-10-20 13:00,2026-10-20 13:45,連絡,オンライン,2026-10-20のサンプル予定です。日々・週間・月間表示で使用します。,GP3｜日々・週間・月間
1771,GP3 作業調整,2026-10-20 08:15,2026-10-20 09:00,連絡,オンライン,GP3の表示件数と重なり回避を確認するサンプル予定です。,GP3｜日々・週間・月間
1772,GP3 品質確認,2026-10-20 09:00,2026-10-20 10:00,点検,現地,GP3の表示件数と重なり回避を確認するサンプル予定です。,GP3｜日々・週間・月間
1773,GP3 連絡会,2026-10-20 09:15,2026-10-20 10:30,調整,第1会議室,GP3の表示件数と重なり回避を確認するサンプル予定です。,GP3｜日々・週間・月間
1774,GP4 日次確認,2026-10-20 13:45,2026-10-20 14:45,点検,現地,2026-10-20のサンプル予定です。日々・週間・月間表示で使用します。,GP4｜日々・週間・月間
1775,GP4 進捗整理,2026-10-20 08:15,2026-10-20 09:00,点検,現地,GP4の表示件数と重なり回避を確認するサンプル予定です。,GP4｜日々・週間・月間
1776,GP4 課題確認,2026-10-20 09:00,2026-10-20 10:00,調整,第1会議室,GP4の表示件数と重なり回避を確認するサンプル予定です。,GP4｜日々・週間・月間
1777,GP4 定例打合せ,2026-10-20 09:15,2026-10-20 10:30,会議,第2会議室,GP4の表示件数と重なり回避を確認するサンプル予定です。,GP4｜日々・週間・月間
1778,GP5 日次確認,2026-10-20 14:30,2026-10-20 15:45,調整,第1会議室,2026-10-20のサンプル予定です。日々・週間・月間表示で使用します。,GP5｜日々・週間・月間
1779,GP5 設備確認,2026-10-20 08:15,2026-10-20 09:00,調整,第1会議室,GP5の表示件数と重なり回避を確認するサンプル予定です。,GP5｜日々・週間・月間
1780,GP5 運用レビュー,2026-10-20 09:00,2026-10-20 10:00,会議,第2会議室,GP5の表示件数と重なり回避を確認するサンプル予定です。,GP5｜日々・週間・月間
1781,GP5 引継ぎ,2026-10-20 09:15,2026-10-20 10:30,確認,作業室,GP5の表示件数と重なり回避を確認するサンプル予定です。,GP5｜日々・週間・月間
1782,GP6 日次確認,2026-10-20 08:15,2026-10-20 09:00,会議,第2会議室,2026-10-20のサンプル予定です。日々・週間・月間表示で使用します。,GP6｜日々・週間・月間
1783,GP7 日次確認,2026-10-20 09:00,2026-10-20 10:00,確認,作業室,2026-10-20のサンプル予定です。日々・週間・月間表示で使用します。,GP7｜日々・週間・月間
1784,GP8 日次確認,2026-10-20 09:45,2026-10-20 11:00,作業,事務室,2026-10-20のサンプル予定です。日々・週間・月間表示で使用します。,GP8｜日々・週間・月間
1785,GP1科／GS班 日次確認,2026-10-20 10:30,2026-10-20 11:15,連絡,オンライン,2026-10-20のサンプル予定です。日々・週間・月間表示で使用します。,GP1科／GS班｜日々・週間・月間
1786,GP1科／JN班 日次確認,2026-10-20 11:15,2026-10-20 12:15,点検,現地,2026-10-20のサンプル予定です。日々・週間・月間表示で使用します。,GP1科／JN班｜日々・週間・月間
1787,GP1科／JH班 日次確認,2026-10-20 12:00,2026-10-20 13:15,調整,第1会議室,2026-10-20のサンプル予定です。日々・週間・月間表示で使用します。,GP1科／JH班｜日々・週間・月間
1788,GP2科／UK班 日次確認,2026-10-20 12:45,2026-10-20 13:30,会議,第2会議室,2026-10-20のサンプル予定です。日々・週間・月間表示で使用します。,GP2科／UK班｜日々・週間・月間
1789,GP2科／KR班 日次確認,2026-10-20 13:30,2026-10-20 14:30,確認,作業室,2026-10-20のサンプル予定です。日々・週間・月間表示で使用します。,GP2科／KR班｜日々・週間・月間
1790,GP3科／KY班 日次確認,2026-10-20 14:15,2026-10-20 15:30,作業,事務室,2026-10-20のサンプル予定です。日々・週間・月間表示で使用します。,GP3科／KY班｜日々・週間・月間
1791,GP3科／KK班 日次確認,2026-10-20 08:00,2026-10-20 08:45,連絡,オンライン,2026-10-20のサンプル予定です。日々・週間・月間表示で使用します。,GP3科／KK班｜日々・週間・月間
1792,GP3科／SS班 日次確認,2026-10-20 08:45,2026-10-20 09:45,点検,現地,2026-10-20のサンプル予定です。日々・週間・月間表示で使用します。,GP3科／SS班｜日々・週間・月間
1793,GP4班／KY班 日次確認,2026-10-20 09:30,2026-10-20 10:45,調整,第1会議室,2026-10-20のサンプル予定です。日々・週間・月間表示で使用します。,GP4班／KY班｜日々・週間・月間
1794,GP4班／KY2班 日次確認,2026-10-20 10:15,2026-10-20 11:00,会議,第2会議室,2026-10-20のサンプル予定です。日々・週間・月間表示で使用します。,GP4班／KY2班｜日々・週間・月間
1795,GP4班／QY班 日次確認,2026-10-20 11:00,2026-10-20 12:00,確認,作業室,2026-10-20のサンプル予定です。日々・週間・月間表示で使用します。,GP4班／QY班｜日々・週間・月間
1796,GP01 日次確認,2026-10-20 11:45,2026-10-20 13:00,作業,事務室,2026-10-20のサンプル予定です。日々・週間・月間表示で使用します。,GP01｜日々・週間・月間
1797,GP02 日次確認,2026-10-20 12:30,2026-10-20 13:15,連絡,オンライン,2026-10-20のサンプル予定です。日々・週間・月間表示で使用します。,GP02｜日々・週間・月間
1798,GP03 日次確認,2026-10-20 13:15,2026-10-20 14:15,点検,現地,2026-10-20のサンプル予定です。日々・週間・月間表示で使用します。,GP03｜日々・週間・月間
1799,GP04 日次確認,2026-10-20 14:00,2026-10-20 15:15,調整,第1会議室,2026-10-20のサンプル予定です。日々・週間・月間表示で使用します。,GP04｜日々・週間・月間
1800,GP05 日次確認,2026-10-20 14:45,2026-10-20 15:30,会議,第2会議室,2026-10-20のサンプル予定です。日々・週間・月間表示で使用します。,GP05｜日々・週間・月間
1801,GP1 日次確認,2026-10-21 12:00,2026-10-21 13:15,作業,オンライン,2026-10-21のサンプル予定です。日々・週間・月間表示で使用します。,GP1｜日々・週間・月間
1802,GP2 日次確認,2026-10-21 12:45,2026-10-21 13:30,連絡,現地,2026-10-21のサンプル予定です。日々・週間・月間表示で使用します。,GP2｜日々・週間・月間
1803,GP2 受入確認,2026-10-21 08:15,2026-10-21 09:00,作業,オンライン,GP2の表示件数と重なり回避を確認するサンプル予定です。,GP2｜日々・週間・月間
1804,GP2 資料レビュー,2026-10-21 09:00,2026-10-21 10:00,連絡,現地,GP2の表示件数と重なり回避を確認するサンプル予定です。,GP2｜日々・週間・月間
1805,GP2 進捗会議,2026-10-21 09:15,2026-10-21 10:30,点検,第1会議室,GP2の表示件数と重なり回避を確認するサンプル予定です。,GP2｜日々・週間・月間
1806,GP3 日次確認,2026-10-21 13:30,2026-10-21 14:30,点検,第1会議室,2026-10-21のサンプル予定です。日々・週間・月間表示で使用します。,GP3｜日々・週間・月間
1807,GP3 作業調整,2026-10-21 08:15,2026-10-21 09:00,連絡,現地,GP3の表示件数と重なり回避を確認するサンプル予定です。,GP3｜日々・週間・月間
1808,GP3 品質確認,2026-10-21 09:00,2026-10-21 10:00,点検,第1会議室,GP3の表示件数と重なり回避を確認するサンプル予定です。,GP3｜日々・週間・月間
1809,GP3 連絡会,2026-10-21 09:15,2026-10-21 10:30,調整,第2会議室,GP3の表示件数と重なり回避を確認するサンプル予定です。,GP3｜日々・週間・月間
1810,GP4 日次確認,2026-10-21 14:15,2026-10-21 15:30,調整,第2会議室,2026-10-21のサンプル予定です。日々・週間・月間表示で使用します。,GP4｜日々・週間・月間
1811,GP4 進捗整理,2026-10-21 08:15,2026-10-21 09:00,点検,第1会議室,GP4の表示件数と重なり回避を確認するサンプル予定です。,GP4｜日々・週間・月間
1812,GP4 課題確認,2026-10-21 09:00,2026-10-21 10:00,調整,第2会議室,GP4の表示件数と重なり回避を確認するサンプル予定です。,GP4｜日々・週間・月間
1813,GP4 定例打合せ,2026-10-21 09:15,2026-10-21 10:30,会議,作業室,GP4の表示件数と重なり回避を確認するサンプル予定です。,GP4｜日々・週間・月間
1814,GP5 日次確認,2026-10-21 08:00,2026-10-21 08:45,会議,作業室,2026-10-21のサンプル予定です。日々・週間・月間表示で使用します。,GP5｜日々・週間・月間
1815,GP5 設備確認,2026-10-21 08:15,2026-10-21 09:00,調整,第2会議室,GP5の表示件数と重なり回避を確認するサンプル予定です。,GP5｜日々・週間・月間
1816,GP5 運用レビュー,2026-10-21 09:00,2026-10-21 10:00,会議,作業室,GP5の表示件数と重なり回避を確認するサンプル予定です。,GP5｜日々・週間・月間
1817,GP5 引継ぎ,2026-10-21 09:15,2026-10-21 10:30,確認,事務室,GP5の表示件数と重なり回避を確認するサンプル予定です。,GP5｜日々・週間・月間
1818,GP6 日次確認,2026-10-21 08:45,2026-10-21 09:45,確認,事務室,2026-10-21のサンプル予定です。日々・週間・月間表示で使用します。,GP6｜日々・週間・月間
1819,GP7 日次確認,2026-10-21 09:30,2026-10-21 10:45,作業,オンライン,2026-10-21のサンプル予定です。日々・週間・月間表示で使用します。,GP7｜日々・週間・月間
1820,GP8 日次確認,2026-10-21 10:15,2026-10-21 11:00,連絡,現地,2026-10-21のサンプル予定です。日々・週間・月間表示で使用します。,GP8｜日々・週間・月間
1821,GP1科／GS班 日次確認,2026-10-21 11:00,2026-10-21 12:00,点検,第1会議室,2026-10-21のサンプル予定です。日々・週間・月間表示で使用します。,GP1科／GS班｜日々・週間・月間
1822,GP1科／JN班 日次確認,2026-10-21 11:45,2026-10-21 13:00,調整,第2会議室,2026-10-21のサンプル予定です。日々・週間・月間表示で使用します。,GP1科／JN班｜日々・週間・月間
1823,GP1科／JH班 日次確認,2026-10-21 12:30,2026-10-21 13:15,会議,作業室,2026-10-21のサンプル予定です。日々・週間・月間表示で使用します。,GP1科／JH班｜日々・週間・月間
1824,GP2科／UK班 日次確認,2026-10-21 13:15,2026-10-21 14:15,確認,事務室,2026-10-21のサンプル予定です。日々・週間・月間表示で使用します。,GP2科／UK班｜日々・週間・月間
1825,GP2科／KR班 日次確認,2026-10-21 14:00,2026-10-21 15:15,作業,オンライン,2026-10-21のサンプル予定です。日々・週間・月間表示で使用します。,GP2科／KR班｜日々・週間・月間
1826,GP3科／KY班 日次確認,2026-10-21 14:45,2026-10-21 15:30,連絡,現地,2026-10-21のサンプル予定です。日々・週間・月間表示で使用します。,GP3科／KY班｜日々・週間・月間
1827,GP3科／KK班 日次確認,2026-10-21 08:30,2026-10-21 09:30,点検,第1会議室,2026-10-21のサンプル予定です。日々・週間・月間表示で使用します。,GP3科／KK班｜日々・週間・月間
1828,GP3科／SS班 日次確認,2026-10-21 09:15,2026-10-21 10:30,調整,第2会議室,2026-10-21のサンプル予定です。日々・週間・月間表示で使用します。,GP3科／SS班｜日々・週間・月間
1829,GP4班／KY班 日次確認,2026-10-21 10:00,2026-10-21 10:45,会議,作業室,2026-10-21のサンプル予定です。日々・週間・月間表示で使用します。,GP4班／KY班｜日々・週間・月間
1830,GP4班／KY2班 日次確認,2026-10-21 10:45,2026-10-21 11:45,確認,事務室,2026-10-21のサンプル予定です。日々・週間・月間表示で使用します。,GP4班／KY2班｜日々・週間・月間
1831,GP4班／QY班 日次確認,2026-10-21 11:30,2026-10-21 12:45,作業,オンライン,2026-10-21のサンプル予定です。日々・週間・月間表示で使用します。,GP4班／QY班｜日々・週間・月間
1832,GP01 日次確認,2026-10-21 12:15,2026-10-21 13:00,連絡,現地,2026-10-21のサンプル予定です。日々・週間・月間表示で使用します。,GP01｜日々・週間・月間
1833,GP02 日次確認,2026-10-21 13:00,2026-10-21 14:00,点検,第1会議室,2026-10-21のサンプル予定です。日々・週間・月間表示で使用します。,GP02｜日々・週間・月間
1834,GP03 日次確認,2026-10-21 13:45,2026-10-21 15:00,調整,第2会議室,2026-10-21のサンプル予定です。日々・週間・月間表示で使用します。,GP03｜日々・週間・月間
1835,GP04 日次確認,2026-10-21 14:30,2026-10-21 15:15,会議,作業室,2026-10-21のサンプル予定です。日々・週間・月間表示で使用します。,GP04｜日々・週間・月間
1836,GP05 日次確認,2026-10-21 08:15,2026-10-21 09:15,確認,事務室,2026-10-21のサンプル予定です。日々・週間・月間表示で使用します。,GP05｜日々・週間・月間
1837,GP1 日次確認,2026-10-22 12:30,2026-10-22 13:15,連絡,第1会議室,2026-10-22のサンプル予定です。日々・週間・月間表示で使用します。,GP1｜日々・週間・月間
1838,GP2 日次確認,2026-10-22 13:15,2026-10-22 14:15,点検,第2会議室,2026-10-22のサンプル予定です。日々・週間・月間表示で使用します。,GP2｜日々・週間・月間
1839,GP2 受入確認,2026-10-22 08:15,2026-10-22 09:00,作業,現地,GP2の表示件数と重なり回避を確認するサンプル予定です。,GP2｜日々・週間・月間
1840,GP2 資料レビュー,2026-10-22 09:00,2026-10-22 10:00,連絡,第1会議室,GP2の表示件数と重なり回避を確認するサンプル予定です。,GP2｜日々・週間・月間
1841,GP2 進捗会議,2026-10-22 09:15,2026-10-22 10:30,点検,第2会議室,GP2の表示件数と重なり回避を確認するサンプル予定です。,GP2｜日々・週間・月間
1842,GP3 日次確認,2026-10-22 14:00,2026-10-22 15:15,調整,作業室,2026-10-22のサンプル予定です。日々・週間・月間表示で使用します。,GP3｜日々・週間・月間
1843,GP3 作業調整,2026-10-22 08:15,2026-10-22 09:00,連絡,第1会議室,GP3の表示件数と重なり回避を確認するサンプル予定です。,GP3｜日々・週間・月間
1844,GP3 品質確認,2026-10-22 09:00,2026-10-22 10:00,点検,第2会議室,GP3の表示件数と重なり回避を確認するサンプル予定です。,GP3｜日々・週間・月間
1845,GP3 連絡会,2026-10-22 09:15,2026-10-22 10:30,調整,作業室,GP3の表示件数と重なり回避を確認するサンプル予定です。,GP3｜日々・週間・月間
1846,GP4 日次確認,2026-10-22 14:45,2026-10-22 15:30,会議,事務室,2026-10-22のサンプル予定です。日々・週間・月間表示で使用します。,GP4｜日々・週間・月間
1847,GP4 進捗整理,2026-10-22 08:15,2026-10-22 09:00,点検,第2会議室,GP4の表示件数と重なり回避を確認するサンプル予定です。,GP4｜日々・週間・月間
1848,GP4 課題確認,2026-10-22 09:00,2026-10-22 10:00,調整,作業室,GP4の表示件数と重なり回避を確認するサンプル予定です。,GP4｜日々・週間・月間
1849,GP4 定例打合せ,2026-10-22 09:15,2026-10-22 10:30,会議,事務室,GP4の表示件数と重なり回避を確認するサンプル予定です。,GP4｜日々・週間・月間
1850,GP5 日次確認,2026-10-22 08:30,2026-10-22 09:30,確認,オンライン,2026-10-22のサンプル予定です。日々・週間・月間表示で使用します。,GP5｜日々・週間・月間
1851,GP5 設備確認,2026-10-22 08:15,2026-10-22 09:00,調整,作業室,GP5の表示件数と重なり回避を確認するサンプル予定です。,GP5｜日々・週間・月間
1852,GP5 運用レビュー,2026-10-22 09:00,2026-10-22 10:00,会議,事務室,GP5の表示件数と重なり回避を確認するサンプル予定です。,GP5｜日々・週間・月間
1853,GP5 引継ぎ,2026-10-22 09:15,2026-10-22 10:30,確認,オンライン,GP5の表示件数と重なり回避を確認するサンプル予定です。,GP5｜日々・週間・月間
1854,GP6 日次確認,2026-10-22 09:15,2026-10-22 10:30,作業,現地,2026-10-22のサンプル予定です。日々・週間・月間表示で使用します。,GP6｜日々・週間・月間
1855,GP7 日次確認,2026-10-22 10:00,2026-10-22 10:45,連絡,第1会議室,2026-10-22のサンプル予定です。日々・週間・月間表示で使用します。,GP7｜日々・週間・月間
1856,GP8 日次確認,2026-10-22 10:45,2026-10-22 11:45,点検,第2会議室,2026-10-22のサンプル予定です。日々・週間・月間表示で使用します。,GP8｜日々・週間・月間
1857,GP1科／GS班 日次確認,2026-10-22 11:30,2026-10-22 12:45,調整,作業室,2026-10-22のサンプル予定です。日々・週間・月間表示で使用します。,GP1科／GS班｜日々・週間・月間
1858,GP1科／JN班 日次確認,2026-10-22 12:15,2026-10-22 13:00,会議,事務室,2026-10-22のサンプル予定です。日々・週間・月間表示で使用します。,GP1科／JN班｜日々・週間・月間
1859,GP1科／JH班 日次確認,2026-10-22 13:00,2026-10-22 14:00,確認,オンライン,2026-10-22のサンプル予定です。日々・週間・月間表示で使用します。,GP1科／JH班｜日々・週間・月間
1860,GP2科／UK班 日次確認,2026-10-22 13:45,2026-10-22 15:00,作業,現地,2026-10-22のサンプル予定です。日々・週間・月間表示で使用します。,GP2科／UK班｜日々・週間・月間
1861,GP2科／KR班 日次確認,2026-10-22 14:30,2026-10-22 15:15,連絡,第1会議室,2026-10-22のサンプル予定です。日々・週間・月間表示で使用します。,GP2科／KR班｜日々・週間・月間
1862,GP3科／KY班 日次確認,2026-10-22 08:15,2026-10-22 09:15,点検,第2会議室,2026-10-22のサンプル予定です。日々・週間・月間表示で使用します。,GP3科／KY班｜日々・週間・月間
1863,GP3科／KK班 日次確認,2026-10-22 09:00,2026-10-22 10:15,調整,作業室,2026-10-22のサンプル予定です。日々・週間・月間表示で使用します。,GP3科／KK班｜日々・週間・月間
1864,GP3科／SS班 日次確認,2026-10-22 09:45,2026-10-22 10:30,会議,事務室,2026-10-22のサンプル予定です。日々・週間・月間表示で使用します。,GP3科／SS班｜日々・週間・月間
1865,GP4班／KY班 日次確認,2026-10-22 10:30,2026-10-22 11:30,確認,オンライン,2026-10-22のサンプル予定です。日々・週間・月間表示で使用します。,GP4班／KY班｜日々・週間・月間
1866,GP4班／KY2班 日次確認,2026-10-22 11:15,2026-10-22 12:30,作業,現地,2026-10-22のサンプル予定です。日々・週間・月間表示で使用します。,GP4班／KY2班｜日々・週間・月間
1867,GP4班／QY班 日次確認,2026-10-22 12:00,2026-10-22 12:45,連絡,第1会議室,2026-10-22のサンプル予定です。日々・週間・月間表示で使用します。,GP4班／QY班｜日々・週間・月間
1868,GP01 日次確認,2026-10-22 12:45,2026-10-22 13:45,点検,第2会議室,2026-10-22のサンプル予定です。日々・週間・月間表示で使用します。,GP01｜日々・週間・月間
1869,GP02 日次確認,2026-10-22 13:30,2026-10-22 14:45,調整,作業室,2026-10-22のサンプル予定です。日々・週間・月間表示で使用します。,GP02｜日々・週間・月間
1870,GP03 日次確認,2026-10-22 14:15,2026-10-22 15:00,会議,事務室,2026-10-22のサンプル予定です。日々・週間・月間表示で使用します。,GP03｜日々・週間・月間
1871,GP04 日次確認,2026-10-22 08:00,2026-10-22 09:00,確認,オンライン,2026-10-22のサンプル予定です。日々・週間・月間表示で使用します。,GP04｜日々・週間・月間
1872,GP05 日次確認,2026-10-22 08:45,2026-10-22 10:00,作業,現地,2026-10-22のサンプル予定です。日々・週間・月間表示で使用します。,GP05｜日々・週間・月間
1873,GP1 日次確認,2026-10-23 13:00,2026-10-23 14:00,点検,作業室,2026-10-23のサンプル予定です。日々・週間・月間表示で使用します。,GP1｜日々・週間・月間
1874,GP2 日次確認,2026-10-23 13:45,2026-10-23 15:00,調整,事務室,2026-10-23のサンプル予定です。日々・週間・月間表示で使用します。,GP2｜日々・週間・月間
1875,GP2 受入確認,2026-10-23 08:15,2026-10-23 09:00,作業,第1会議室,GP2の表示件数と重なり回避を確認するサンプル予定です。,GP2｜日々・週間・月間
1876,GP2 資料レビュー,2026-10-23 09:00,2026-10-23 10:00,連絡,第2会議室,GP2の表示件数と重なり回避を確認するサンプル予定です。,GP2｜日々・週間・月間
1877,GP2 進捗会議,2026-10-23 09:15,2026-10-23 10:30,点検,作業室,GP2の表示件数と重なり回避を確認するサンプル予定です。,GP2｜日々・週間・月間
1878,GP3 日次確認,2026-10-23 14:30,2026-10-23 15:15,会議,オンライン,2026-10-23のサンプル予定です。日々・週間・月間表示で使用します。,GP3｜日々・週間・月間
1879,GP3 作業調整,2026-10-23 08:15,2026-10-23 09:00,連絡,第2会議室,GP3の表示件数と重なり回避を確認するサンプル予定です。,GP3｜日々・週間・月間
1880,GP3 品質確認,2026-10-23 09:00,2026-10-23 10:00,点検,作業室,GP3の表示件数と重なり回避を確認するサンプル予定です。,GP3｜日々・週間・月間
1881,GP3 連絡会,2026-10-23 09:15,2026-10-23 10:30,調整,事務室,GP3の表示件数と重なり回避を確認するサンプル予定です。,GP3｜日々・週間・月間
1882,GP4 日次確認,2026-10-23 08:15,2026-10-23 09:15,確認,現地,2026-10-23のサンプル予定です。日々・週間・月間表示で使用します。,GP4｜日々・週間・月間
1883,GP4 進捗整理,2026-10-23 08:15,2026-10-23 09:00,点検,作業室,GP4の表示件数と重なり回避を確認するサンプル予定です。,GP4｜日々・週間・月間
1884,GP4 課題確認,2026-10-23 09:00,2026-10-23 10:00,調整,事務室,GP4の表示件数と重なり回避を確認するサンプル予定です。,GP4｜日々・週間・月間
1885,GP4 定例打合せ,2026-10-23 09:15,2026-10-23 10:30,会議,オンライン,GP4の表示件数と重なり回避を確認するサンプル予定です。,GP4｜日々・週間・月間
1886,GP5 日次確認,2026-10-23 09:00,2026-10-23 10:15,作業,第1会議室,2026-10-23のサンプル予定です。日々・週間・月間表示で使用します。,GP5｜日々・週間・月間
1887,GP5 設備確認,2026-10-23 08:15,2026-10-23 09:00,調整,事務室,GP5の表示件数と重なり回避を確認するサンプル予定です。,GP5｜日々・週間・月間
1888,GP5 運用レビュー,2026-10-23 09:00,2026-10-23 10:00,会議,オンライン,GP5の表示件数と重なり回避を確認するサンプル予定です。,GP5｜日々・週間・月間
1889,GP5 引継ぎ,2026-10-23 09:15,2026-10-23 10:30,確認,現地,GP5の表示件数と重なり回避を確認するサンプル予定です。,GP5｜日々・週間・月間
1890,GP6 日次確認,2026-10-23 09:45,2026-10-23 10:30,連絡,第2会議室,2026-10-23のサンプル予定です。日々・週間・月間表示で使用します。,GP6｜日々・週間・月間
1891,GP7 日次確認,2026-10-23 10:30,2026-10-23 11:30,点検,作業室,2026-10-23のサンプル予定です。日々・週間・月間表示で使用します。,GP7｜日々・週間・月間
1892,GP8 日次確認,2026-10-23 11:15,2026-10-23 12:30,調整,事務室,2026-10-23のサンプル予定です。日々・週間・月間表示で使用します。,GP8｜日々・週間・月間
1893,GP1科／GS班 日次確認,2026-10-23 12:00,2026-10-23 12:45,会議,オンライン,2026-10-23のサンプル予定です。日々・週間・月間表示で使用します。,GP1科／GS班｜日々・週間・月間
1894,GP1科／JN班 日次確認,2026-10-23 12:45,2026-10-23 13:45,確認,現地,2026-10-23のサンプル予定です。日々・週間・月間表示で使用します。,GP1科／JN班｜日々・週間・月間
1895,GP1科／JH班 日次確認,2026-10-23 13:30,2026-10-23 14:45,作業,第1会議室,2026-10-23のサンプル予定です。日々・週間・月間表示で使用します。,GP1科／JH班｜日々・週間・月間
1896,GP2科／UK班 日次確認,2026-10-23 14:15,2026-10-23 15:00,連絡,第2会議室,2026-10-23のサンプル予定です。日々・週間・月間表示で使用します。,GP2科／UK班｜日々・週間・月間
1897,GP2科／KR班 日次確認,2026-10-23 08:00,2026-10-23 09:00,点検,作業室,2026-10-23のサンプル予定です。日々・週間・月間表示で使用します。,GP2科／KR班｜日々・週間・月間
1898,GP3科／KY班 日次確認,2026-10-23 08:45,2026-10-23 10:00,調整,事務室,2026-10-23のサンプル予定です。日々・週間・月間表示で使用します。,GP3科／KY班｜日々・週間・月間
1899,GP3科／KK班 日次確認,2026-10-23 09:30,2026-10-23 10:15,会議,オンライン,2026-10-23のサンプル予定です。日々・週間・月間表示で使用します。,GP3科／KK班｜日々・週間・月間
1900,GP3科／SS班 日次確認,2026-10-23 10:15,2026-10-23 11:15,確認,現地,2026-10-23のサンプル予定です。日々・週間・月間表示で使用します。,GP3科／SS班｜日々・週間・月間
1901,GP4班／KY班 日次確認,2026-10-23 11:00,2026-10-23 12:15,作業,第1会議室,2026-10-23のサンプル予定です。日々・週間・月間表示で使用します。,GP4班／KY班｜日々・週間・月間
1902,GP4班／KY2班 日次確認,2026-10-23 11:45,2026-10-23 12:30,連絡,第2会議室,2026-10-23のサンプル予定です。日々・週間・月間表示で使用します。,GP4班／KY2班｜日々・週間・月間
1903,GP4班／QY班 日次確認,2026-10-23 12:30,2026-10-23 13:30,点検,作業室,2026-10-23のサンプル予定です。日々・週間・月間表示で使用します。,GP4班／QY班｜日々・週間・月間
1904,GP01 日次確認,2026-10-23 13:15,2026-10-23 14:30,調整,事務室,2026-10-23のサンプル予定です。日々・週間・月間表示で使用します。,GP01｜日々・週間・月間
1905,GP02 日次確認,2026-10-23 14:00,2026-10-23 14:45,会議,オンライン,2026-10-23のサンプル予定です。日々・週間・月間表示で使用します。,GP02｜日々・週間・月間
1906,GP03 日次確認,2026-10-23 14:45,2026-10-23 15:45,確認,現地,2026-10-23のサンプル予定です。日々・週間・月間表示で使用します。,GP03｜日々・週間・月間
1907,GP04 日次確認,2026-10-23 08:30,2026-10-23 09:45,作業,第1会議室,2026-10-23のサンプル予定です。日々・週間・月間表示で使用します。,GP04｜日々・週間・月間
1908,GP05 日次確認,2026-10-23 09:15,2026-10-23 10:00,連絡,第2会議室,2026-10-23のサンプル予定です。日々・週間・月間表示で使用します。,GP05｜日々・週間・月間
1909,GP1 日次確認,2026-10-24 13:30,2026-10-24 14:45,調整,オンライン,2026-10-24のサンプル予定です。日々・週間・月間表示で使用します。,GP1｜日々・週間・月間
1910,GP2 日次確認,2026-10-24 14:15,2026-10-24 15:00,会議,現地,2026-10-24のサンプル予定です。日々・週間・月間表示で使用します。,GP2｜日々・週間・月間
1911,GP2 受入確認,2026-10-24 08:15,2026-10-24 09:00,作業,第2会議室,GP2の表示件数と重なり回避を確認するサンプル予定です。,GP2｜日々・週間・月間
1912,GP2 資料レビュー,2026-10-24 09:00,2026-10-24 10:00,連絡,作業室,GP2の表示件数と重なり回避を確認するサンプル予定です。,GP2｜日々・週間・月間
1913,GP2 進捗会議,2026-10-24 09:15,2026-10-24 10:30,点検,事務室,GP2の表示件数と重なり回避を確認するサンプル予定です。,GP2｜日々・週間・月間
1914,GP3 日次確認,2026-10-24 08:00,2026-10-24 09:00,確認,第1会議室,2026-10-24のサンプル予定です。日々・週間・月間表示で使用します。,GP3｜日々・週間・月間
1915,GP3 作業調整,2026-10-24 08:15,2026-10-24 09:00,連絡,作業室,GP3の表示件数と重なり回避を確認するサンプル予定です。,GP3｜日々・週間・月間
1916,GP3 品質確認,2026-10-24 09:00,2026-10-24 10:00,点検,事務室,GP3の表示件数と重なり回避を確認するサンプル予定です。,GP3｜日々・週間・月間
1917,GP3 連絡会,2026-10-24 09:15,2026-10-24 10:30,調整,オンライン,GP3の表示件数と重なり回避を確認するサンプル予定です。,GP3｜日々・週間・月間
1918,GP4 日次確認,2026-10-24 08:45,2026-10-24 10:00,作業,第2会議室,2026-10-24のサンプル予定です。日々・週間・月間表示で使用します。,GP4｜日々・週間・月間
1919,GP4 進捗整理,2026-10-24 08:15,2026-10-24 09:00,点検,事務室,GP4の表示件数と重なり回避を確認するサンプル予定です。,GP4｜日々・週間・月間
1920,GP4 課題確認,2026-10-24 09:00,2026-10-24 10:00,調整,オンライン,GP4の表示件数と重なり回避を確認するサンプル予定です。,GP4｜日々・週間・月間
1921,GP4 定例打合せ,2026-10-24 09:15,2026-10-24 10:30,会議,現地,GP4の表示件数と重なり回避を確認するサンプル予定です。,GP4｜日々・週間・月間
1922,GP5 日次確認,2026-10-24 09:30,2026-10-24 10:15,連絡,作業室,2026-10-24のサンプル予定です。日々・週間・月間表示で使用します。,GP5｜日々・週間・月間
1923,GP5 設備確認,2026-10-24 08:15,2026-10-24 09:00,調整,オンライン,GP5の表示件数と重なり回避を確認するサンプル予定です。,GP5｜日々・週間・月間
1924,GP5 運用レビュー,2026-10-24 09:00,2026-10-24 10:00,会議,現地,GP5の表示件数と重なり回避を確認するサンプル予定です。,GP5｜日々・週間・月間
1925,GP5 引継ぎ,2026-10-24 09:15,2026-10-24 10:30,確認,第1会議室,GP5の表示件数と重なり回避を確認するサンプル予定です。,GP5｜日々・週間・月間
1926,GP6 日次確認,2026-10-24 10:15,2026-10-24 11:15,点検,事務室,2026-10-24のサンプル予定です。日々・週間・月間表示で使用します。,GP6｜日々・週間・月間
1927,GP7 日次確認,2026-10-24 11:00,2026-10-24 12:15,調整,オンライン,2026-10-24のサンプル予定です。日々・週間・月間表示で使用します。,GP7｜日々・週間・月間
1928,GP8 日次確認,2026-10-24 11:45,2026-10-24 12:30,会議,現地,2026-10-24のサンプル予定です。日々・週間・月間表示で使用します。,GP8｜日々・週間・月間
1929,GP1科／GS班 日次確認,2026-10-24 12:30,2026-10-24 13:30,確認,第1会議室,2026-10-24のサンプル予定です。日々・週間・月間表示で使用します。,GP1科／GS班｜日々・週間・月間
1930,GP1科／JN班 日次確認,2026-10-24 13:15,2026-10-24 14:30,作業,第2会議室,2026-10-24のサンプル予定です。日々・週間・月間表示で使用します。,GP1科／JN班｜日々・週間・月間
1931,GP1科／JH班 日次確認,2026-10-24 14:00,2026-10-24 14:45,連絡,作業室,2026-10-24のサンプル予定です。日々・週間・月間表示で使用します。,GP1科／JH班｜日々・週間・月間
1932,GP2科／UK班 日次確認,2026-10-24 14:45,2026-10-24 15:45,点検,事務室,2026-10-24のサンプル予定です。日々・週間・月間表示で使用します。,GP2科／UK班｜日々・週間・月間
1933,GP2科／KR班 日次確認,2026-10-24 08:30,2026-10-24 09:45,調整,オンライン,2026-10-24のサンプル予定です。日々・週間・月間表示で使用します。,GP2科／KR班｜日々・週間・月間
1934,GP3科／KY班 日次確認,2026-10-24 09:15,2026-10-24 10:00,会議,現地,2026-10-24のサンプル予定です。日々・週間・月間表示で使用します。,GP3科／KY班｜日々・週間・月間
1935,GP3科／KK班 日次確認,2026-10-24 10:00,2026-10-24 11:00,確認,第1会議室,2026-10-24のサンプル予定です。日々・週間・月間表示で使用します。,GP3科／KK班｜日々・週間・月間
1936,GP3科／SS班 日次確認,2026-10-24 10:45,2026-10-24 12:00,作業,第2会議室,2026-10-24のサンプル予定です。日々・週間・月間表示で使用します。,GP3科／SS班｜日々・週間・月間
1937,GP4班／KY班 日次確認,2026-10-24 11:30,2026-10-24 12:15,連絡,作業室,2026-10-24のサンプル予定です。日々・週間・月間表示で使用します。,GP4班／KY班｜日々・週間・月間
1938,GP4班／KY2班 日次確認,2026-10-24 12:15,2026-10-24 13:15,点検,事務室,2026-10-24のサンプル予定です。日々・週間・月間表示で使用します。,GP4班／KY2班｜日々・週間・月間
1939,GP4班／QY班 日次確認,2026-10-24 13:00,2026-10-24 14:15,調整,オンライン,2026-10-24のサンプル予定です。日々・週間・月間表示で使用します。,GP4班／QY班｜日々・週間・月間
1940,GP01 日次確認,2026-10-24 13:45,2026-10-24 14:30,会議,現地,2026-10-24のサンプル予定です。日々・週間・月間表示で使用します。,GP01｜日々・週間・月間
1941,GP02 日次確認,2026-10-24 14:30,2026-10-24 15:30,確認,第1会議室,2026-10-24のサンプル予定です。日々・週間・月間表示で使用します。,GP02｜日々・週間・月間
1942,GP03 日次確認,2026-10-24 08:15,2026-10-24 09:30,作業,第2会議室,2026-10-24のサンプル予定です。日々・週間・月間表示で使用します。,GP03｜日々・週間・月間
1943,GP04 日次確認,2026-10-24 09:00,2026-10-24 09:45,連絡,作業室,2026-10-24のサンプル予定です。日々・週間・月間表示で使用します。,GP04｜日々・週間・月間
1944,GP05 日次確認,2026-10-24 09:45,2026-10-24 10:45,点検,事務室,2026-10-24のサンプル予定です。日々・週間・月間表示で使用します。,GP05｜日々・週間・月間
1945,GP1 日次確認,2026-10-25 14:00,2026-10-25 14:45,会議,第1会議室,2026-10-25のサンプル予定です。日々・週間・月間表示で使用します。,GP1｜日々・週間・月間
1946,GP2 日次確認,2026-10-25 14:45,2026-10-25 15:45,確認,第2会議室,2026-10-25のサンプル予定です。日々・週間・月間表示で使用します。,GP2｜日々・週間・月間
1947,GP2 受入確認,2026-10-25 08:15,2026-10-25 09:00,作業,作業室,GP2の表示件数と重なり回避を確認するサンプル予定です。,GP2｜日々・週間・月間
1948,GP2 資料レビュー,2026-10-25 09:00,2026-10-25 10:00,連絡,事務室,GP2の表示件数と重なり回避を確認するサンプル予定です。,GP2｜日々・週間・月間
1949,GP2 進捗会議,2026-10-25 09:15,2026-10-25 10:30,点検,オンライン,GP2の表示件数と重なり回避を確認するサンプル予定です。,GP2｜日々・週間・月間
1950,GP3 日次確認,2026-10-25 08:30,2026-10-25 09:45,作業,作業室,2026-10-25のサンプル予定です。日々・週間・月間表示で使用します。,GP3｜日々・週間・月間
1951,GP3 作業調整,2026-10-25 08:15,2026-10-25 09:00,連絡,事務室,GP3の表示件数と重なり回避を確認するサンプル予定です。,GP3｜日々・週間・月間
1952,GP3 品質確認,2026-10-25 09:00,2026-10-25 10:00,点検,オンライン,GP3の表示件数と重なり回避を確認するサンプル予定です。,GP3｜日々・週間・月間
1953,GP3 連絡会,2026-10-25 09:15,2026-10-25 10:30,調整,現地,GP3の表示件数と重なり回避を確認するサンプル予定です。,GP3｜日々・週間・月間
1954,GP4 日次確認,2026-10-25 09:15,2026-10-25 10:00,連絡,事務室,2026-10-25のサンプル予定です。日々・週間・月間表示で使用します。,GP4｜日々・週間・月間
1955,GP4 進捗整理,2026-10-25 08:15,2026-10-25 09:00,点検,オンライン,GP4の表示件数と重なり回避を確認するサンプル予定です。,GP4｜日々・週間・月間
1956,GP4 課題確認,2026-10-25 09:00,2026-10-25 10:00,調整,現地,GP4の表示件数と重なり回避を確認するサンプル予定です。,GP4｜日々・週間・月間
1957,GP4 定例打合せ,2026-10-25 09:15,2026-10-25 10:30,会議,第1会議室,GP4の表示件数と重なり回避を確認するサンプル予定です。,GP4｜日々・週間・月間
1958,GP5 日次確認,2026-10-25 10:00,2026-10-25 11:00,点検,オンライン,2026-10-25のサンプル予定です。日々・週間・月間表示で使用します。,GP5｜日々・週間・月間
1959,GP5 設備確認,2026-10-25 08:15,2026-10-25 09:00,調整,現地,GP5の表示件数と重なり回避を確認するサンプル予定です。,GP5｜日々・週間・月間
1960,GP5 運用レビュー,2026-10-25 09:00,2026-10-25 10:00,会議,第1会議室,GP5の表示件数と重なり回避を確認するサンプル予定です。,GP5｜日々・週間・月間
1961,GP5 引継ぎ,2026-10-25 09:15,2026-10-25 10:30,確認,第2会議室,GP5の表示件数と重なり回避を確認するサンプル予定です。,GP5｜日々・週間・月間
1962,GP6 日次確認,2026-10-25 10:45,2026-10-25 12:00,調整,現地,2026-10-25のサンプル予定です。日々・週間・月間表示で使用します。,GP6｜日々・週間・月間
1963,GP7 日次確認,2026-10-25 11:30,2026-10-25 12:15,会議,第1会議室,2026-10-25のサンプル予定です。日々・週間・月間表示で使用します。,GP7｜日々・週間・月間
1964,GP8 日次確認,2026-10-25 12:15,2026-10-25 13:15,確認,第2会議室,2026-10-25のサンプル予定です。日々・週間・月間表示で使用します。,GP8｜日々・週間・月間
1965,GP1科／GS班 日次確認,2026-10-25 13:00,2026-10-25 14:15,作業,作業室,2026-10-25のサンプル予定です。日々・週間・月間表示で使用します。,GP1科／GS班｜日々・週間・月間
1966,GP1科／JN班 日次確認,2026-10-25 13:45,2026-10-25 14:30,連絡,事務室,2026-10-25のサンプル予定です。日々・週間・月間表示で使用します。,GP1科／JN班｜日々・週間・月間
1967,GP1科／JH班 日次確認,2026-10-25 14:30,2026-10-25 15:30,点検,オンライン,2026-10-25のサンプル予定です。日々・週間・月間表示で使用します。,GP1科／JH班｜日々・週間・月間
1968,GP2科／UK班 日次確認,2026-10-25 08:15,2026-10-25 09:30,調整,現地,2026-10-25のサンプル予定です。日々・週間・月間表示で使用します。,GP2科／UK班｜日々・週間・月間
1969,GP2科／KR班 日次確認,2026-10-25 09:00,2026-10-25 09:45,会議,第1会議室,2026-10-25のサンプル予定です。日々・週間・月間表示で使用します。,GP2科／KR班｜日々・週間・月間
1970,GP3科／KY班 日次確認,2026-10-25 09:45,2026-10-25 10:45,確認,第2会議室,2026-10-25のサンプル予定です。日々・週間・月間表示で使用します。,GP3科／KY班｜日々・週間・月間
1971,GP3科／KK班 日次確認,2026-10-25 10:30,2026-10-25 11:45,作業,作業室,2026-10-25のサンプル予定です。日々・週間・月間表示で使用します。,GP3科／KK班｜日々・週間・月間
1972,GP3科／SS班 日次確認,2026-10-25 11:15,2026-10-25 12:00,連絡,事務室,2026-10-25のサンプル予定です。日々・週間・月間表示で使用します。,GP3科／SS班｜日々・週間・月間
1973,GP4班／KY班 日次確認,2026-10-25 12:00,2026-10-25 13:00,点検,オンライン,2026-10-25のサンプル予定です。日々・週間・月間表示で使用します。,GP4班／KY班｜日々・週間・月間
1974,GP4班／KY2班 日次確認,2026-10-25 12:45,2026-10-25 14:00,調整,現地,2026-10-25のサンプル予定です。日々・週間・月間表示で使用します。,GP4班／KY2班｜日々・週間・月間
1975,GP4班／QY班 日次確認,2026-10-25 13:30,2026-10-25 14:15,会議,第1会議室,2026-10-25のサンプル予定です。日々・週間・月間表示で使用します。,GP4班／QY班｜日々・週間・月間
1976,GP01 日次確認,2026-10-25 14:15,2026-10-25 15:15,確認,第2会議室,2026-10-25のサンプル予定です。日々・週間・月間表示で使用します。,GP01｜日々・週間・月間
1977,GP02 日次確認,2026-10-25 08:00,2026-10-25 09:15,作業,作業室,2026-10-25のサンプル予定です。日々・週間・月間表示で使用します。,GP02｜日々・週間・月間
1978,GP03 日次確認,2026-10-25 08:45,2026-10-25 09:30,連絡,事務室,2026-10-25のサンプル予定です。日々・週間・月間表示で使用します。,GP03｜日々・週間・月間
1979,GP04 日次確認,2026-10-25 09:30,2026-10-25 10:30,点検,オンライン,2026-10-25のサンプル予定です。日々・週間・月間表示で使用します。,GP04｜日々・週間・月間
1980,GP05 日次確認,2026-10-25 10:15,2026-10-25 11:30,調整,現地,2026-10-25のサンプル予定です。日々・週間・月間表示で使用します。,GP05｜日々・週間・月間
1981,GP1 日次確認,2026-10-26 14:30,2026-10-26 15:30,確認,作業室,2026-10-26のサンプル予定です。日々・週間・月間表示で使用します。,GP1｜日々・週間・月間
1982,GP2 日次確認,2026-10-26 08:15,2026-10-26 09:30,作業,事務室,2026-10-26のサンプル予定です。日々・週間・月間表示で使用します。,GP2｜日々・週間・月間
1983,GP2 受入確認,2026-10-26 08:15,2026-10-26 09:00,作業,事務室,GP2の表示件数と重なり回避を確認するサンプル予定です。,GP2｜日々・週間・月間
1984,GP2 資料レビュー,2026-10-26 09:00,2026-10-26 10:00,連絡,オンライン,GP2の表示件数と重なり回避を確認するサンプル予定です。,GP2｜日々・週間・月間
1985,GP2 進捗会議,2026-10-26 09:15,2026-10-26 10:30,点検,現地,GP2の表示件数と重なり回避を確認するサンプル予定です。,GP2｜日々・週間・月間
1986,GP3 日次確認,2026-10-26 09:00,2026-10-26 09:45,連絡,オンライン,2026-10-26のサンプル予定です。日々・週間・月間表示で使用します。,GP3｜日々・週間・月間
1987,GP3 作業調整,2026-10-26 08:15,2026-10-26 09:00,連絡,オンライン,GP3の表示件数と重なり回避を確認するサンプル予定です。,GP3｜日々・週間・月間
1988,GP3 品質確認,2026-10-26 09:00,2026-10-26 10:00,点検,現地,GP3の表示件数と重なり回避を確認するサンプル予定です。,GP3｜日々・週間・月間
1989,GP3 連絡会,2026-10-26 09:15,2026-10-26 10:30,調整,第1会議室,GP3の表示件数と重なり回避を確認するサンプル予定です。,GP3｜日々・週間・月間
1990,GP4 日次確認,2026-10-26 09:45,2026-10-26 10:45,点検,現地,2026-10-26のサンプル予定です。日々・週間・月間表示で使用します。,GP4｜日々・週間・月間
1991,GP4 進捗整理,2026-10-26 08:15,2026-10-26 09:00,点検,現地,GP4の表示件数と重なり回避を確認するサンプル予定です。,GP4｜日々・週間・月間
1992,GP4 課題確認,2026-10-26 09:00,2026-10-26 10:00,調整,第1会議室,GP4の表示件数と重なり回避を確認するサンプル予定です。,GP4｜日々・週間・月間
1993,GP4 定例打合せ,2026-10-26 09:15,2026-10-26 10:30,会議,第2会議室,GP4の表示件数と重なり回避を確認するサンプル予定です。,GP4｜日々・週間・月間
1994,GP5 日次確認,2026-10-26 10:30,2026-10-26 11:45,調整,第1会議室,2026-10-26のサンプル予定です。日々・週間・月間表示で使用します。,GP5｜日々・週間・月間
1995,GP5 設備確認,2026-10-26 08:15,2026-10-26 09:00,調整,第1会議室,GP5の表示件数と重なり回避を確認するサンプル予定です。,GP5｜日々・週間・月間
1996,GP5 運用レビュー,2026-10-26 09:00,2026-10-26 10:00,会議,第2会議室,GP5の表示件数と重なり回避を確認するサンプル予定です。,GP5｜日々・週間・月間
1997,GP5 引継ぎ,2026-10-26 09:15,2026-10-26 10:30,確認,作業室,GP5の表示件数と重なり回避を確認するサンプル予定です。,GP5｜日々・週間・月間
1998,GP6 日次確認,2026-10-26 11:15,2026-10-26 12:00,会議,第2会議室,2026-10-26のサンプル予定です。日々・週間・月間表示で使用します。,GP6｜日々・週間・月間
1999,GP7 日次確認,2026-10-26 12:00,2026-10-26 13:00,確認,作業室,2026-10-26のサンプル予定です。日々・週間・月間表示で使用します。,GP7｜日々・週間・月間
2000,GP8 日次確認,2026-10-26 12:45,2026-10-26 14:00,作業,事務室,2026-10-26のサンプル予定です。日々・週間・月間表示で使用します。,GP8｜日々・週間・月間
2001,GP1科／GS班 日次確認,2026-10-26 13:30,2026-10-26 14:15,連絡,オンライン,2026-10-26のサンプル予定です。日々・週間・月間表示で使用します。,GP1科／GS班｜日々・週間・月間
2002,GP1科／JN班 日次確認,2026-10-26 14:15,2026-10-26 15:15,点検,現地,2026-10-26のサンプル予定です。日々・週間・月間表示で使用します。,GP1科／JN班｜日々・週間・月間
2003,GP1科／JH班 日次確認,2026-10-26 08:00,2026-10-26 09:15,調整,第1会議室,2026-10-26のサンプル予定です。日々・週間・月間表示で使用します。,GP1科／JH班｜日々・週間・月間
2004,GP2科／UK班 日次確認,2026-10-26 08:45,2026-10-26 09:30,会議,第2会議室,2026-10-26のサンプル予定です。日々・週間・月間表示で使用します。,GP2科／UK班｜日々・週間・月間
2005,GP2科／KR班 日次確認,2026-10-26 09:30,2026-10-26 10:30,確認,作業室,2026-10-26のサンプル予定です。日々・週間・月間表示で使用します。,GP2科／KR班｜日々・週間・月間
2006,GP3科／KY班 日次確認,2026-10-26 10:15,2026-10-26 11:30,作業,事務室,2026-10-26のサンプル予定です。日々・週間・月間表示で使用します。,GP3科／KY班｜日々・週間・月間
2007,GP3科／KK班 日次確認,2026-10-26 11:00,2026-10-26 11:45,連絡,オンライン,2026-10-26のサンプル予定です。日々・週間・月間表示で使用します。,GP3科／KK班｜日々・週間・月間
2008,GP3科／SS班 日次確認,2026-10-26 11:45,2026-10-26 12:45,点検,現地,2026-10-26のサンプル予定です。日々・週間・月間表示で使用します。,GP3科／SS班｜日々・週間・月間
2009,GP4班／KY班 日次確認,2026-10-26 12:30,2026-10-26 13:45,調整,第1会議室,2026-10-26のサンプル予定です。日々・週間・月間表示で使用します。,GP4班／KY班｜日々・週間・月間
2010,GP4班／KY2班 日次確認,2026-10-26 13:15,2026-10-26 14:00,会議,第2会議室,2026-10-26のサンプル予定です。日々・週間・月間表示で使用します。,GP4班／KY2班｜日々・週間・月間
2011,GP4班／QY班 日次確認,2026-10-26 14:00,2026-10-26 15:00,確認,作業室,2026-10-26のサンプル予定です。日々・週間・月間表示で使用します。,GP4班／QY班｜日々・週間・月間
2012,GP01 日次確認,2026-10-26 14:45,2026-10-26 16:00,作業,事務室,2026-10-26のサンプル予定です。日々・週間・月間表示で使用します。,GP01｜日々・週間・月間
2013,GP02 日次確認,2026-10-26 08:30,2026-10-26 09:15,連絡,オンライン,2026-10-26のサンプル予定です。日々・週間・月間表示で使用します。,GP02｜日々・週間・月間
2014,GP03 日次確認,2026-10-26 09:15,2026-10-26 10:15,点検,現地,2026-10-26のサンプル予定です。日々・週間・月間表示で使用します。,GP03｜日々・週間・月間
2015,GP04 日次確認,2026-10-26 10:00,2026-10-26 11:15,調整,第1会議室,2026-10-26のサンプル予定です。日々・週間・月間表示で使用します。,GP04｜日々・週間・月間
2016,GP05 日次確認,2026-10-26 10:45,2026-10-26 11:30,会議,第2会議室,2026-10-26のサンプル予定です。日々・週間・月間表示で使用します。,GP05｜日々・週間・月間
2017,GP1 日次確認,2026-10-27 08:00,2026-10-27 09:15,作業,オンライン,2026-10-27のサンプル予定です。日々・週間・月間表示で使用します。,GP1｜日々・週間・月間
2018,GP2 日次確認,2026-10-27 08:45,2026-10-27 09:30,連絡,現地,2026-10-27のサンプル予定です。日々・週間・月間表示で使用します。,GP2｜日々・週間・月間
2019,GP2 受入確認,2026-10-27 08:15,2026-10-27 09:00,作業,オンライン,GP2の表示件数と重なり回避を確認するサンプル予定です。,GP2｜日々・週間・月間
2020,GP2 資料レビュー,2026-10-27 09:00,2026-10-27 10:00,連絡,現地,GP2の表示件数と重なり回避を確認するサンプル予定です。,GP2｜日々・週間・月間
2021,GP2 進捗会議,2026-10-27 09:15,2026-10-27 10:30,点検,第1会議室,GP2の表示件数と重なり回避を確認するサンプル予定です。,GP2｜日々・週間・月間
2022,GP3 日次確認,2026-10-27 09:30,2026-10-27 10:30,点検,第1会議室,2026-10-27のサンプル予定です。日々・週間・月間表示で使用します。,GP3｜日々・週間・月間
2023,GP3 作業調整,2026-10-27 08:15,2026-10-27 09:00,連絡,現地,GP3の表示件数と重なり回避を確認するサンプル予定です。,GP3｜日々・週間・月間
2024,GP3 品質確認,2026-10-27 09:00,2026-10-27 10:00,点検,第1会議室,GP3の表示件数と重なり回避を確認するサンプル予定です。,GP3｜日々・週間・月間
2025,GP3 連絡会,2026-10-27 09:15,2026-10-27 10:30,調整,第2会議室,GP3の表示件数と重なり回避を確認するサンプル予定です。,GP3｜日々・週間・月間
2026,GP4 日次確認,2026-10-27 10:15,2026-10-27 11:30,調整,第2会議室,2026-10-27のサンプル予定です。日々・週間・月間表示で使用します。,GP4｜日々・週間・月間
2027,GP4 進捗整理,2026-10-27 08:15,2026-10-27 09:00,点検,第1会議室,GP4の表示件数と重なり回避を確認するサンプル予定です。,GP4｜日々・週間・月間
2028,GP4 課題確認,2026-10-27 09:00,2026-10-27 10:00,調整,第2会議室,GP4の表示件数と重なり回避を確認するサンプル予定です。,GP4｜日々・週間・月間
2029,GP4 定例打合せ,2026-10-27 09:15,2026-10-27 10:30,会議,作業室,GP4の表示件数と重なり回避を確認するサンプル予定です。,GP4｜日々・週間・月間
2030,GP5 日次確認,2026-10-27 11:00,2026-10-27 11:45,会議,作業室,2026-10-27のサンプル予定です。日々・週間・月間表示で使用します。,GP5｜日々・週間・月間
2031,GP5 設備確認,2026-10-27 08:15,2026-10-27 09:00,調整,第2会議室,GP5の表示件数と重なり回避を確認するサンプル予定です。,GP5｜日々・週間・月間
2032,GP5 運用レビュー,2026-10-27 09:00,2026-10-27 10:00,会議,作業室,GP5の表示件数と重なり回避を確認するサンプル予定です。,GP5｜日々・週間・月間
2033,GP5 引継ぎ,2026-10-27 09:15,2026-10-27 10:30,確認,事務室,GP5の表示件数と重なり回避を確認するサンプル予定です。,GP5｜日々・週間・月間
2034,GP6 日次確認,2026-10-27 11:45,2026-10-27 12:45,確認,事務室,2026-10-27のサンプル予定です。日々・週間・月間表示で使用します。,GP6｜日々・週間・月間
2035,GP7 日次確認,2026-10-27 12:30,2026-10-27 13:45,作業,オンライン,2026-10-27のサンプル予定です。日々・週間・月間表示で使用します。,GP7｜日々・週間・月間
2036,GP8 日次確認,2026-10-27 13:15,2026-10-27 14:00,連絡,現地,2026-10-27のサンプル予定です。日々・週間・月間表示で使用します。,GP8｜日々・週間・月間
2037,GP1科／GS班 日次確認,2026-10-27 14:00,2026-10-27 15:00,点検,第1会議室,2026-10-27のサンプル予定です。日々・週間・月間表示で使用します。,GP1科／GS班｜日々・週間・月間
2038,GP1科／JN班 日次確認,2026-10-27 14:45,2026-10-27 16:00,調整,第2会議室,2026-10-27のサンプル予定です。日々・週間・月間表示で使用します。,GP1科／JN班｜日々・週間・月間
2039,GP1科／JH班 日次確認,2026-10-27 08:30,2026-10-27 09:15,会議,作業室,2026-10-27のサンプル予定です。日々・週間・月間表示で使用します。,GP1科／JH班｜日々・週間・月間
2040,GP2科／UK班 日次確認,2026-10-27 09:15,2026-10-27 10:15,確認,事務室,2026-10-27のサンプル予定です。日々・週間・月間表示で使用します。,GP2科／UK班｜日々・週間・月間
2041,GP2科／KR班 日次確認,2026-10-27 10:00,2026-10-27 11:15,作業,オンライン,2026-10-27のサンプル予定です。日々・週間・月間表示で使用します。,GP2科／KR班｜日々・週間・月間
2042,GP3科／KY班 日次確認,2026-10-27 10:45,2026-10-27 11:30,連絡,現地,2026-10-27のサンプル予定です。日々・週間・月間表示で使用します。,GP3科／KY班｜日々・週間・月間
2043,GP3科／KK班 日次確認,2026-10-27 11:30,2026-10-27 12:30,点検,第1会議室,2026-10-27のサンプル予定です。日々・週間・月間表示で使用します。,GP3科／KK班｜日々・週間・月間
2044,GP3科／SS班 日次確認,2026-10-27 12:15,2026-10-27 13:30,調整,第2会議室,2026-10-27のサンプル予定です。日々・週間・月間表示で使用します。,GP3科／SS班｜日々・週間・月間
2045,GP4班／KY班 日次確認,2026-10-27 13:00,2026-10-27 13:45,会議,作業室,2026-10-27のサンプル予定です。日々・週間・月間表示で使用します。,GP4班／KY班｜日々・週間・月間
2046,GP4班／KY2班 日次確認,2026-10-27 13:45,2026-10-27 14:45,確認,事務室,2026-10-27のサンプル予定です。日々・週間・月間表示で使用します。,GP4班／KY2班｜日々・週間・月間
2047,GP4班／QY班 日次確認,2026-10-27 14:30,2026-10-27 15:45,作業,オンライン,2026-10-27のサンプル予定です。日々・週間・月間表示で使用します。,GP4班／QY班｜日々・週間・月間
2048,GP01 日次確認,2026-10-27 08:15,2026-10-27 09:00,連絡,現地,2026-10-27のサンプル予定です。日々・週間・月間表示で使用します。,GP01｜日々・週間・月間
2049,GP02 日次確認,2026-10-27 09:00,2026-10-27 10:00,点検,第1会議室,2026-10-27のサンプル予定です。日々・週間・月間表示で使用します。,GP02｜日々・週間・月間
2050,GP03 日次確認,2026-10-27 09:45,2026-10-27 11:00,調整,第2会議室,2026-10-27のサンプル予定です。日々・週間・月間表示で使用します。,GP03｜日々・週間・月間
2051,GP04 日次確認,2026-10-27 10:30,2026-10-27 11:15,会議,作業室,2026-10-27のサンプル予定です。日々・週間・月間表示で使用します。,GP04｜日々・週間・月間
2052,GP05 日次確認,2026-10-27 11:15,2026-10-27 12:15,確認,事務室,2026-10-27のサンプル予定です。日々・週間・月間表示で使用します。,GP05｜日々・週間・月間
2053,GP1 日次確認,2026-10-28 08:30,2026-10-28 09:15,連絡,第1会議室,2026-10-28のサンプル予定です。日々・週間・月間表示で使用します。,GP1｜日々・週間・月間
2054,GP2 日次確認,2026-10-28 09:15,2026-10-28 10:15,点検,第2会議室,2026-10-28のサンプル予定です。日々・週間・月間表示で使用します。,GP2｜日々・週間・月間
2055,GP2 受入確認,2026-10-28 08:15,2026-10-28 09:00,作業,現地,GP2の表示件数と重なり回避を確認するサンプル予定です。,GP2｜日々・週間・月間
2056,GP2 資料レビュー,2026-10-28 09:00,2026-10-28 10:00,連絡,第1会議室,GP2の表示件数と重なり回避を確認するサンプル予定です。,GP2｜日々・週間・月間
2057,GP2 進捗会議,2026-10-28 09:15,2026-10-28 10:30,点検,第2会議室,GP2の表示件数と重なり回避を確認するサンプル予定です。,GP2｜日々・週間・月間
2058,GP3 日次確認,2026-10-28 10:00,2026-10-28 11:15,調整,作業室,2026-10-28のサンプル予定です。日々・週間・月間表示で使用します。,GP3｜日々・週間・月間
2059,GP3 作業調整,2026-10-28 08:15,2026-10-28 09:00,連絡,第1会議室,GP3の表示件数と重なり回避を確認するサンプル予定です。,GP3｜日々・週間・月間
2060,GP3 品質確認,2026-10-28 09:00,2026-10-28 10:00,点検,第2会議室,GP3の表示件数と重なり回避を確認するサンプル予定です。,GP3｜日々・週間・月間
2061,GP3 連絡会,2026-10-28 09:15,2026-10-28 10:30,調整,作業室,GP3の表示件数と重なり回避を確認するサンプル予定です。,GP3｜日々・週間・月間
2062,GP4 日次確認,2026-10-28 10:45,2026-10-28 11:30,会議,事務室,2026-10-28のサンプル予定です。日々・週間・月間表示で使用します。,GP4｜日々・週間・月間
2063,GP4 進捗整理,2026-10-28 08:15,2026-10-28 09:00,点検,第2会議室,GP4の表示件数と重なり回避を確認するサンプル予定です。,GP4｜日々・週間・月間
2064,GP4 課題確認,2026-10-28 09:00,2026-10-28 10:00,調整,作業室,GP4の表示件数と重なり回避を確認するサンプル予定です。,GP4｜日々・週間・月間
2065,GP4 定例打合せ,2026-10-28 09:15,2026-10-28 10:30,会議,事務室,GP4の表示件数と重なり回避を確認するサンプル予定です。,GP4｜日々・週間・月間
2066,GP5 日次確認,2026-10-28 11:30,2026-10-28 12:30,確認,オンライン,2026-10-28のサンプル予定です。日々・週間・月間表示で使用します。,GP5｜日々・週間・月間
2067,GP5 設備確認,2026-10-28 08:15,2026-10-28 09:00,調整,作業室,GP5の表示件数と重なり回避を確認するサンプル予定です。,GP5｜日々・週間・月間
2068,GP5 運用レビュー,2026-10-28 09:00,2026-10-28 10:00,会議,事務室,GP5の表示件数と重なり回避を確認するサンプル予定です。,GP5｜日々・週間・月間
2069,GP5 引継ぎ,2026-10-28 09:15,2026-10-28 10:30,確認,オンライン,GP5の表示件数と重なり回避を確認するサンプル予定です。,GP5｜日々・週間・月間
2070,GP6 日次確認,2026-10-28 12:15,2026-10-28 13:30,作業,現地,2026-10-28のサンプル予定です。日々・週間・月間表示で使用します。,GP6｜日々・週間・月間
2071,GP7 日次確認,2026-10-28 13:00,2026-10-28 13:45,連絡,第1会議室,2026-10-28のサンプル予定です。日々・週間・月間表示で使用します。,GP7｜日々・週間・月間
2072,GP8 日次確認,2026-10-28 13:45,2026-10-28 14:45,点検,第2会議室,2026-10-28のサンプル予定です。日々・週間・月間表示で使用します。,GP8｜日々・週間・月間
2073,GP1科／GS班 日次確認,2026-10-28 14:30,2026-10-28 15:45,調整,作業室,2026-10-28のサンプル予定です。日々・週間・月間表示で使用します。,GP1科／GS班｜日々・週間・月間
2074,GP1科／JN班 日次確認,2026-10-28 08:15,2026-10-28 09:00,会議,事務室,2026-10-28のサンプル予定です。日々・週間・月間表示で使用します。,GP1科／JN班｜日々・週間・月間
2075,GP1科／JH班 日次確認,2026-10-28 09:00,2026-10-28 10:00,確認,オンライン,2026-10-28のサンプル予定です。日々・週間・月間表示で使用します。,GP1科／JH班｜日々・週間・月間
2076,GP2科／UK班 日次確認,2026-10-28 09:45,2026-10-28 11:00,作業,現地,2026-10-28のサンプル予定です。日々・週間・月間表示で使用します。,GP2科／UK班｜日々・週間・月間
2077,GP2科／KR班 日次確認,2026-10-28 10:30,2026-10-28 11:15,連絡,第1会議室,2026-10-28のサンプル予定です。日々・週間・月間表示で使用します。,GP2科／KR班｜日々・週間・月間
2078,GP3科／KY班 日次確認,2026-10-28 11:15,2026-10-28 12:15,点検,第2会議室,2026-10-28のサンプル予定です。日々・週間・月間表示で使用します。,GP3科／KY班｜日々・週間・月間
2079,GP3科／KK班 日次確認,2026-10-28 12:00,2026-10-28 13:15,調整,作業室,2026-10-28のサンプル予定です。日々・週間・月間表示で使用します。,GP3科／KK班｜日々・週間・月間
2080,GP3科／SS班 日次確認,2026-10-28 12:45,2026-10-28 13:30,会議,事務室,2026-10-28のサンプル予定です。日々・週間・月間表示で使用します。,GP3科／SS班｜日々・週間・月間
2081,GP4班／KY班 日次確認,2026-10-28 13:30,2026-10-28 14:30,確認,オンライン,2026-10-28のサンプル予定です。日々・週間・月間表示で使用します。,GP4班／KY班｜日々・週間・月間
2082,GP4班／KY2班 日次確認,2026-10-28 14:15,2026-10-28 15:30,作業,現地,2026-10-28のサンプル予定です。日々・週間・月間表示で使用します。,GP4班／KY2班｜日々・週間・月間
2083,GP4班／QY班 日次確認,2026-10-28 08:00,2026-10-28 08:45,連絡,第1会議室,2026-10-28のサンプル予定です。日々・週間・月間表示で使用します。,GP4班／QY班｜日々・週間・月間
2084,GP01 日次確認,2026-10-28 08:45,2026-10-28 09:45,点検,第2会議室,2026-10-28のサンプル予定です。日々・週間・月間表示で使用します。,GP01｜日々・週間・月間
2085,GP02 日次確認,2026-10-28 09:30,2026-10-28 10:45,調整,作業室,2026-10-28のサンプル予定です。日々・週間・月間表示で使用します。,GP02｜日々・週間・月間
2086,GP03 日次確認,2026-10-28 10:15,2026-10-28 11:00,会議,事務室,2026-10-28のサンプル予定です。日々・週間・月間表示で使用します。,GP03｜日々・週間・月間
2087,GP04 日次確認,2026-10-28 11:00,2026-10-28 12:00,確認,オンライン,2026-10-28のサンプル予定です。日々・週間・月間表示で使用します。,GP04｜日々・週間・月間
2088,GP05 日次確認,2026-10-28 11:45,2026-10-28 13:00,作業,現地,2026-10-28のサンプル予定です。日々・週間・月間表示で使用します。,GP05｜日々・週間・月間
2089,GP1 日次確認,2026-10-29 09:00,2026-10-29 10:00,点検,作業室,2026-10-29のサンプル予定です。日々・週間・月間表示で使用します。,GP1｜日々・週間・月間
2090,GP2 日次確認,2026-10-29 09:45,2026-10-29 11:00,調整,事務室,2026-10-29のサンプル予定です。日々・週間・月間表示で使用します。,GP2｜日々・週間・月間
2091,GP2 受入確認,2026-10-29 08:15,2026-10-29 09:00,作業,第1会議室,GP2の表示件数と重なり回避を確認するサンプル予定です。,GP2｜日々・週間・月間
2092,GP2 資料レビュー,2026-10-29 09:00,2026-10-29 10:00,連絡,第2会議室,GP2の表示件数と重なり回避を確認するサンプル予定です。,GP2｜日々・週間・月間
2093,GP2 進捗会議,2026-10-29 09:15,2026-10-29 10:30,点検,作業室,GP2の表示件数と重なり回避を確認するサンプル予定です。,GP2｜日々・週間・月間
2094,GP3 日次確認,2026-10-29 10:30,2026-10-29 11:15,会議,オンライン,2026-10-29のサンプル予定です。日々・週間・月間表示で使用します。,GP3｜日々・週間・月間
2095,GP3 作業調整,2026-10-29 08:15,2026-10-29 09:00,連絡,第2会議室,GP3の表示件数と重なり回避を確認するサンプル予定です。,GP3｜日々・週間・月間
2096,GP3 品質確認,2026-10-29 09:00,2026-10-29 10:00,点検,作業室,GP3の表示件数と重なり回避を確認するサンプル予定です。,GP3｜日々・週間・月間
2097,GP3 連絡会,2026-10-29 09:15,2026-10-29 10:30,調整,事務室,GP3の表示件数と重なり回避を確認するサンプル予定です。,GP3｜日々・週間・月間
2098,GP4 日次確認,2026-10-29 11:15,2026-10-29 12:15,確認,現地,2026-10-29のサンプル予定です。日々・週間・月間表示で使用します。,GP4｜日々・週間・月間
2099,GP4 進捗整理,2026-10-29 08:15,2026-10-29 09:00,点検,作業室,GP4の表示件数と重なり回避を確認するサンプル予定です。,GP4｜日々・週間・月間
2100,GP4 課題確認,2026-10-29 09:00,2026-10-29 10:00,調整,事務室,GP4の表示件数と重なり回避を確認するサンプル予定です。,GP4｜日々・週間・月間
2101,GP4 定例打合せ,2026-10-29 09:15,2026-10-29 10:30,会議,オンライン,GP4の表示件数と重なり回避を確認するサンプル予定です。,GP4｜日々・週間・月間
2102,GP5 日次確認,2026-10-29 12:00,2026-10-29 13:15,作業,第1会議室,2026-10-29のサンプル予定です。日々・週間・月間表示で使用します。,GP5｜日々・週間・月間
2103,GP5 設備確認,2026-10-29 08:15,2026-10-29 09:00,調整,事務室,GP5の表示件数と重なり回避を確認するサンプル予定です。,GP5｜日々・週間・月間
2104,GP5 運用レビュー,2026-10-29 09:00,2026-10-29 10:00,会議,オンライン,GP5の表示件数と重なり回避を確認するサンプル予定です。,GP5｜日々・週間・月間
2105,GP5 引継ぎ,2026-10-29 09:15,2026-10-29 10:30,確認,現地,GP5の表示件数と重なり回避を確認するサンプル予定です。,GP5｜日々・週間・月間
2106,GP6 日次確認,2026-10-29 12:45,2026-10-29 13:30,連絡,第2会議室,2026-10-29のサンプル予定です。日々・週間・月間表示で使用します。,GP6｜日々・週間・月間
2107,GP7 日次確認,2026-10-29 13:30,2026-10-29 14:30,点検,作業室,2026-10-29のサンプル予定です。日々・週間・月間表示で使用します。,GP7｜日々・週間・月間
2108,GP8 日次確認,2026-10-29 14:15,2026-10-29 15:30,調整,事務室,2026-10-29のサンプル予定です。日々・週間・月間表示で使用します。,GP8｜日々・週間・月間
2109,GP1科／GS班 日次確認,2026-10-29 08:00,2026-10-29 08:45,会議,オンライン,2026-10-29のサンプル予定です。日々・週間・月間表示で使用します。,GP1科／GS班｜日々・週間・月間
2110,GP1科／JN班 日次確認,2026-10-29 08:45,2026-10-29 09:45,確認,現地,2026-10-29のサンプル予定です。日々・週間・月間表示で使用します。,GP1科／JN班｜日々・週間・月間
2111,GP1科／JH班 日次確認,2026-10-29 09:30,2026-10-29 10:45,作業,第1会議室,2026-10-29のサンプル予定です。日々・週間・月間表示で使用します。,GP1科／JH班｜日々・週間・月間
2112,GP2科／UK班 日次確認,2026-10-29 10:15,2026-10-29 11:00,連絡,第2会議室,2026-10-29のサンプル予定です。日々・週間・月間表示で使用します。,GP2科／UK班｜日々・週間・月間
2113,GP2科／KR班 日次確認,2026-10-29 11:00,2026-10-29 12:00,点検,作業室,2026-10-29のサンプル予定です。日々・週間・月間表示で使用します。,GP2科／KR班｜日々・週間・月間
2114,GP3科／KY班 日次確認,2026-10-29 11:45,2026-10-29 13:00,調整,事務室,2026-10-29のサンプル予定です。日々・週間・月間表示で使用します。,GP3科／KY班｜日々・週間・月間
2115,GP3科／KK班 日次確認,2026-10-29 12:30,2026-10-29 13:15,会議,オンライン,2026-10-29のサンプル予定です。日々・週間・月間表示で使用します。,GP3科／KK班｜日々・週間・月間
2116,GP3科／SS班 日次確認,2026-10-29 13:15,2026-10-29 14:15,確認,現地,2026-10-29のサンプル予定です。日々・週間・月間表示で使用します。,GP3科／SS班｜日々・週間・月間
2117,GP4班／KY班 日次確認,2026-10-29 14:00,2026-10-29 15:15,作業,第1会議室,2026-10-29のサンプル予定です。日々・週間・月間表示で使用します。,GP4班／KY班｜日々・週間・月間
2118,GP4班／KY2班 日次確認,2026-10-29 14:45,2026-10-29 15:30,連絡,第2会議室,2026-10-29のサンプル予定です。日々・週間・月間表示で使用します。,GP4班／KY2班｜日々・週間・月間
2119,GP4班／QY班 日次確認,2026-10-29 08:30,2026-10-29 09:30,点検,作業室,2026-10-29のサンプル予定です。日々・週間・月間表示で使用します。,GP4班／QY班｜日々・週間・月間
2120,GP01 日次確認,2026-10-29 09:15,2026-10-29 10:30,調整,事務室,2026-10-29のサンプル予定です。日々・週間・月間表示で使用します。,GP01｜日々・週間・月間
2121,GP02 日次確認,2026-10-29 10:00,2026-10-29 10:45,会議,オンライン,2026-10-29のサンプル予定です。日々・週間・月間表示で使用します。,GP02｜日々・週間・月間
2122,GP03 日次確認,2026-10-29 10:45,2026-10-29 11:45,確認,現地,2026-10-29のサンプル予定です。日々・週間・月間表示で使用します。,GP03｜日々・週間・月間
2123,GP04 日次確認,2026-10-29 11:30,2026-10-29 12:45,作業,第1会議室,2026-10-29のサンプル予定です。日々・週間・月間表示で使用します。,GP04｜日々・週間・月間
2124,GP05 日次確認,2026-10-29 12:15,2026-10-29 13:00,連絡,第2会議室,2026-10-29のサンプル予定です。日々・週間・月間表示で使用します。,GP05｜日々・週間・月間
2125,GP1 日次確認,2026-10-30 09:30,2026-10-30 10:45,調整,オンライン,2026-10-30のサンプル予定です。日々・週間・月間表示で使用します。,GP1｜日々・週間・月間
2126,GP2 日次確認,2026-10-30 10:15,2026-10-30 11:00,会議,現地,2026-10-30のサンプル予定です。日々・週間・月間表示で使用します。,GP2｜日々・週間・月間
2127,GP2 受入確認,2026-10-30 08:15,2026-10-30 09:00,作業,第2会議室,GP2の表示件数と重なり回避を確認するサンプル予定です。,GP2｜日々・週間・月間
2128,GP2 資料レビュー,2026-10-30 09:00,2026-10-30 10:00,連絡,作業室,GP2の表示件数と重なり回避を確認するサンプル予定です。,GP2｜日々・週間・月間
2129,GP2 進捗会議,2026-10-30 09:15,2026-10-30 10:30,点検,事務室,GP2の表示件数と重なり回避を確認するサンプル予定です。,GP2｜日々・週間・月間
2130,GP3 日次確認,2026-10-30 11:00,2026-10-30 12:00,確認,第1会議室,2026-10-30のサンプル予定です。日々・週間・月間表示で使用します。,GP3｜日々・週間・月間
2131,GP3 作業調整,2026-10-30 08:15,2026-10-30 09:00,連絡,作業室,GP3の表示件数と重なり回避を確認するサンプル予定です。,GP3｜日々・週間・月間
2132,GP3 品質確認,2026-10-30 09:00,2026-10-30 10:00,点検,事務室,GP3の表示件数と重なり回避を確認するサンプル予定です。,GP3｜日々・週間・月間
2133,GP3 連絡会,2026-10-30 09:15,2026-10-30 10:30,調整,オンライン,GP3の表示件数と重なり回避を確認するサンプル予定です。,GP3｜日々・週間・月間
2134,GP4 日次確認,2026-10-30 11:45,2026-10-30 13:00,作業,第2会議室,2026-10-30のサンプル予定です。日々・週間・月間表示で使用します。,GP4｜日々・週間・月間
2135,GP4 進捗整理,2026-10-30 08:15,2026-10-30 09:00,点検,事務室,GP4の表示件数と重なり回避を確認するサンプル予定です。,GP4｜日々・週間・月間
2136,GP4 課題確認,2026-10-30 09:00,2026-10-30 10:00,調整,オンライン,GP4の表示件数と重なり回避を確認するサンプル予定です。,GP4｜日々・週間・月間
2137,GP4 定例打合せ,2026-10-30 09:15,2026-10-30 10:30,会議,現地,GP4の表示件数と重なり回避を確認するサンプル予定です。,GP4｜日々・週間・月間
2138,GP5 日次確認,2026-10-30 12:30,2026-10-30 13:15,連絡,作業室,2026-10-30のサンプル予定です。日々・週間・月間表示で使用します。,GP5｜日々・週間・月間
2139,GP5 設備確認,2026-10-30 08:15,2026-10-30 09:00,調整,オンライン,GP5の表示件数と重なり回避を確認するサンプル予定です。,GP5｜日々・週間・月間
2140,GP5 運用レビュー,2026-10-30 09:00,2026-10-30 10:00,会議,現地,GP5の表示件数と重なり回避を確認するサンプル予定です。,GP5｜日々・週間・月間
2141,GP5 引継ぎ,2026-10-30 09:15,2026-10-30 10:30,確認,第1会議室,GP5の表示件数と重なり回避を確認するサンプル予定です。,GP5｜日々・週間・月間
2142,GP6 日次確認,2026-10-30 13:15,2026-10-30 14:15,点検,事務室,2026-10-30のサンプル予定です。日々・週間・月間表示で使用します。,GP6｜日々・週間・月間
2143,GP7 日次確認,2026-10-30 14:00,2026-10-30 15:15,調整,オンライン,2026-10-30のサンプル予定です。日々・週間・月間表示で使用します。,GP7｜日々・週間・月間
2144,GP8 日次確認,2026-10-30 14:45,2026-10-30 15:30,会議,現地,2026-10-30のサンプル予定です。日々・週間・月間表示で使用します。,GP8｜日々・週間・月間
2145,GP1科／GS班 日次確認,2026-10-30 08:30,2026-10-30 09:30,確認,第1会議室,2026-10-30のサンプル予定です。日々・週間・月間表示で使用します。,GP1科／GS班｜日々・週間・月間
2146,GP1科／JN班 日次確認,2026-10-30 09:15,2026-10-30 10:30,作業,第2会議室,2026-10-30のサンプル予定です。日々・週間・月間表示で使用します。,GP1科／JN班｜日々・週間・月間
2147,GP1科／JH班 日次確認,2026-10-30 10:00,2026-10-30 10:45,連絡,作業室,2026-10-30のサンプル予定です。日々・週間・月間表示で使用します。,GP1科／JH班｜日々・週間・月間
2148,GP2科／UK班 日次確認,2026-10-30 10:45,2026-10-30 11:45,点検,事務室,2026-10-30のサンプル予定です。日々・週間・月間表示で使用します。,GP2科／UK班｜日々・週間・月間
2149,GP2科／KR班 日次確認,2026-10-30 11:30,2026-10-30 12:45,調整,オンライン,2026-10-30のサンプル予定です。日々・週間・月間表示で使用します。,GP2科／KR班｜日々・週間・月間
2150,GP3科／KY班 日次確認,2026-10-30 12:15,2026-10-30 13:00,会議,現地,2026-10-30のサンプル予定です。日々・週間・月間表示で使用します。,GP3科／KY班｜日々・週間・月間
2151,GP3科／KK班 日次確認,2026-10-30 13:00,2026-10-30 14:00,確認,第1会議室,2026-10-30のサンプル予定です。日々・週間・月間表示で使用します。,GP3科／KK班｜日々・週間・月間
2152,GP3科／SS班 日次確認,2026-10-30 13:45,2026-10-30 15:00,作業,第2会議室,2026-10-30のサンプル予定です。日々・週間・月間表示で使用します。,GP3科／SS班｜日々・週間・月間
2153,GP4班／KY班 日次確認,2026-10-30 14:30,2026-10-30 15:15,連絡,作業室,2026-10-30のサンプル予定です。日々・週間・月間表示で使用します。,GP4班／KY班｜日々・週間・月間
2154,GP4班／KY2班 日次確認,2026-10-30 08:15,2026-10-30 09:15,点検,事務室,2026-10-30のサンプル予定です。日々・週間・月間表示で使用します。,GP4班／KY2班｜日々・週間・月間
2155,GP4班／QY班 日次確認,2026-10-30 09:00,2026-10-30 10:15,調整,オンライン,2026-10-30のサンプル予定です。日々・週間・月間表示で使用します。,GP4班／QY班｜日々・週間・月間
2156,GP01 日次確認,2026-10-30 09:45,2026-10-30 10:30,会議,現地,2026-10-30のサンプル予定です。日々・週間・月間表示で使用します。,GP01｜日々・週間・月間
2157,GP02 日次確認,2026-10-30 10:30,2026-10-30 11:30,確認,第1会議室,2026-10-30のサンプル予定です。日々・週間・月間表示で使用します。,GP02｜日々・週間・月間
2158,GP03 日次確認,2026-10-30 11:15,2026-10-30 12:30,作業,第2会議室,2026-10-30のサンプル予定です。日々・週間・月間表示で使用します。,GP03｜日々・週間・月間
2159,GP04 日次確認,2026-10-30 12:00,2026-10-30 12:45,連絡,作業室,2026-10-30のサンプル予定です。日々・週間・月間表示で使用します。,GP04｜日々・週間・月間
2160,GP05 日次確認,2026-10-30 12:45,2026-10-30 13:45,点検,事務室,2026-10-30のサンプル予定です。日々・週間・月間表示で使用します。,GP05｜日々・週間・月間
2161,GP1 日次確認,2026-10-31 10:00,2026-10-31 10:45,会議,第1会議室,2026-10-31のサンプル予定です。日々・週間・月間表示で使用します。,GP1｜日々・週間・月間
2162,GP2 日次確認,2026-10-31 10:45,2026-10-31 11:45,確認,第2会議室,2026-10-31のサンプル予定です。日々・週間・月間表示で使用します。,GP2｜日々・週間・月間
2163,GP2 受入確認,2026-10-31 08:15,2026-10-31 09:00,作業,作業室,GP2の表示件数と重なり回避を確認するサンプル予定です。,GP2｜日々・週間・月間
2164,GP2 資料レビュー,2026-10-31 09:00,2026-10-31 10:00,連絡,事務室,GP2の表示件数と重なり回避を確認するサンプル予定です。,GP2｜日々・週間・月間
2165,GP2 進捗会議,2026-10-31 09:15,2026-10-31 10:30,点検,オンライン,GP2の表示件数と重なり回避を確認するサンプル予定です。,GP2｜日々・週間・月間
2166,GP3 日次確認,2026-10-31 11:30,2026-10-31 12:45,作業,作業室,2026-10-31のサンプル予定です。日々・週間・月間表示で使用します。,GP3｜日々・週間・月間
2167,GP3 作業調整,2026-10-31 08:15,2026-10-31 09:00,連絡,事務室,GP3の表示件数と重なり回避を確認するサンプル予定です。,GP3｜日々・週間・月間
2168,GP3 品質確認,2026-10-31 09:00,2026-10-31 10:00,点検,オンライン,GP3の表示件数と重なり回避を確認するサンプル予定です。,GP3｜日々・週間・月間
2169,GP3 連絡会,2026-10-31 09:15,2026-10-31 10:30,調整,現地,GP3の表示件数と重なり回避を確認するサンプル予定です。,GP3｜日々・週間・月間
2170,GP4 日次確認,2026-10-31 12:15,2026-10-31 13:00,連絡,事務室,2026-10-31のサンプル予定です。日々・週間・月間表示で使用します。,GP4｜日々・週間・月間
2171,GP4 進捗整理,2026-10-31 08:15,2026-10-31 09:00,点検,オンライン,GP4の表示件数と重なり回避を確認するサンプル予定です。,GP4｜日々・週間・月間
2172,GP4 課題確認,2026-10-31 09:00,2026-10-31 10:00,調整,現地,GP4の表示件数と重なり回避を確認するサンプル予定です。,GP4｜日々・週間・月間
2173,GP4 定例打合せ,2026-10-31 09:15,2026-10-31 10:30,会議,第1会議室,GP4の表示件数と重なり回避を確認するサンプル予定です。,GP4｜日々・週間・月間
2174,GP5 日次確認,2026-10-31 13:00,2026-10-31 14:00,点検,オンライン,2026-10-31のサンプル予定です。日々・週間・月間表示で使用します。,GP5｜日々・週間・月間
2175,GP5 設備確認,2026-10-31 08:15,2026-10-31 09:00,調整,現地,GP5の表示件数と重なり回避を確認するサンプル予定です。,GP5｜日々・週間・月間
2176,GP5 運用レビュー,2026-10-31 09:00,2026-10-31 10:00,会議,第1会議室,GP5の表示件数と重なり回避を確認するサンプル予定です。,GP5｜日々・週間・月間
2177,GP5 引継ぎ,2026-10-31 09:15,2026-10-31 10:30,確認,第2会議室,GP5の表示件数と重なり回避を確認するサンプル予定です。,GP5｜日々・週間・月間
2178,GP6 日次確認,2026-10-31 13:45,2026-10-31 15:00,調整,現地,2026-10-31のサンプル予定です。日々・週間・月間表示で使用します。,GP6｜日々・週間・月間
2179,GP7 日次確認,2026-10-31 14:30,2026-10-31 15:15,会議,第1会議室,2026-10-31のサンプル予定です。日々・週間・月間表示で使用します。,GP7｜日々・週間・月間
2180,GP8 日次確認,2026-10-31 08:15,2026-10-31 09:15,確認,第2会議室,2026-10-31のサンプル予定です。日々・週間・月間表示で使用します。,GP8｜日々・週間・月間
2181,GP1科／GS班 日次確認,2026-10-31 09:00,2026-10-31 10:15,作業,作業室,2026-10-31のサンプル予定です。日々・週間・月間表示で使用します。,GP1科／GS班｜日々・週間・月間
2182,GP1科／JN班 日次確認,2026-10-31 09:45,2026-10-31 10:30,連絡,事務室,2026-10-31のサンプル予定です。日々・週間・月間表示で使用します。,GP1科／JN班｜日々・週間・月間
2183,GP1科／JH班 日次確認,2026-10-31 10:30,2026-10-31 11:30,点検,オンライン,2026-10-31のサンプル予定です。日々・週間・月間表示で使用します。,GP1科／JH班｜日々・週間・月間
2184,GP2科／UK班 日次確認,2026-10-31 11:15,2026-10-31 12:30,調整,現地,2026-10-31のサンプル予定です。日々・週間・月間表示で使用します。,GP2科／UK班｜日々・週間・月間
2185,GP2科／KR班 日次確認,2026-10-31 12:00,2026-10-31 12:45,会議,第1会議室,2026-10-31のサンプル予定です。日々・週間・月間表示で使用します。,GP2科／KR班｜日々・週間・月間
2186,GP3科／KY班 日次確認,2026-10-31 12:45,2026-10-31 13:45,確認,第2会議室,2026-10-31のサンプル予定です。日々・週間・月間表示で使用します。,GP3科／KY班｜日々・週間・月間
2187,GP3科／KK班 日次確認,2026-10-31 13:30,2026-10-31 14:45,作業,作業室,2026-10-31のサンプル予定です。日々・週間・月間表示で使用します。,GP3科／KK班｜日々・週間・月間
2188,GP3科／SS班 日次確認,2026-10-31 14:15,2026-10-31 15:00,連絡,事務室,2026-10-31のサンプル予定です。日々・週間・月間表示で使用します。,GP3科／SS班｜日々・週間・月間
2189,GP4班／KY班 日次確認,2026-10-31 08:00,2026-10-31 09:00,点検,オンライン,2026-10-31のサンプル予定です。日々・週間・月間表示で使用します。,GP4班／KY班｜日々・週間・月間
2190,GP4班／KY2班 日次確認,2026-10-31 08:45,2026-10-31 10:00,調整,現地,2026-10-31のサンプル予定です。日々・週間・月間表示で使用します。,GP4班／KY2班｜日々・週間・月間
2191,GP4班／QY班 日次確認,2026-10-31 09:30,2026-10-31 10:15,会議,第1会議室,2026-10-31のサンプル予定です。日々・週間・月間表示で使用します。,GP4班／QY班｜日々・週間・月間
2192,GP01 日次確認,2026-10-31 10:15,2026-10-31 11:15,確認,第2会議室,2026-10-31のサンプル予定です。日々・週間・月間表示で使用します。,GP01｜日々・週間・月間
2193,GP02 日次確認,2026-10-31 11:00,2026-10-31 12:15,作業,作業室,2026-10-31のサンプル予定です。日々・週間・月間表示で使用します。,GP02｜日々・週間・月間
2194,GP03 日次確認,2026-10-31 11:45,2026-10-31 12:30,連絡,事務室,2026-10-31のサンプル予定です。日々・週間・月間表示で使用します。,GP03｜日々・週間・月間
2195,GP04 日次確認,2026-10-31 12:30,2026-10-31 13:30,点検,オンライン,2026-10-31のサンプル予定です。日々・週間・月間表示で使用します。,GP04｜日々・週間・月間
2196,GP05 日次確認,2026-10-31 13:15,2026-10-31 14:30,調整,現地,2026-10-31のサンプル予定です。日々・週間・月間表示で使用します。,GP05｜日々・週間・月間
2197,GP1 月またぎ計画,2026-09-28 09:00,2026-10-02 17:00,計画,本部会議室,9月から10月へまたがる予定の表示確認用です。,GP1｜日々・週間・月間
2198,GP1 週またぎ対応,2026-10-09 13:00,2026-10-13 12:00,対応,オンライン,金曜日から翌週火曜日へまたがる予定の表示確認用です。,GP1｜日々・週間・月間
